DELETE FROM `access_requirement` WHERE `mapId`=1955 AND `difficulty`=0;
INSERT INTO `access_requirement` (`mapId`, `difficulty`, `level_min`, `level_max`, `item`, `item2`, `quest_done_A`, `quest_done_H`, `completed_achievement`, `quest_failed_text`, `comment`) VALUES (1955, 0, 110, 0, 0, 0, 0, 0, 0, NULL, 'Uncharted Island Tutorial');

DELETE FROM `creature` WHERE `guid`=282102549;
INSERT INTO `creature` (`guid`, `id`, `map`, `zoneId`, `areaId`, `spawnDifficulties`, `phaseUseFlags`, `PhaseId`, `PhaseGroup`, `terrainSwapMap`, `modelid`, `equipment_id`, `position_x`, `position_y`, `position_z`, `orientation`, `spawntimesecs`, `spawndist`, `currentwaypoint`, `curhealth`, `curmana`, `MovementType`, `npcflag`, `unit_flags`, `unit_flags2`, `unit_flags3`, `dynamicflags`, `ScriptName`, `VerifiedBuild`) VALUES (282102549, 135182, 1882, 9440, 9440, '38', 0, 1, 0, -1, 0, 0, 14700.4, 15036, 5.94522, 0.661532, 7200, 0, 0, 0, 0, 0, 0, 0, 0, 0, 0, '', 28153);
DELETE FROM `creature` WHERE `guid`=282102548;
INSERT INTO `creature` (`guid`, `id`, `map`, `zoneId`, `areaId`, `spawnDifficulties`, `phaseUseFlags`, `PhaseId`, `PhaseGroup`, `terrainSwapMap`, `modelid`, `equipment_id`, `position_x`, `position_y`, `position_z`, `orientation`, `spawntimesecs`, `spawndist`, `currentwaypoint`, `curhealth`, `curmana`, `MovementType`, `npcflag`, `unit_flags`, `unit_flags2`, `unit_flags3`, `dynamicflags`, `ScriptName`, `VerifiedBuild`) VALUES (282102548, 135182, 1882, 9440, 9440, '38', 0, 1, 0, -1, 0, 0, 14973.8, 14839.8, 7.1884, 5.73266, 7200, 0, 0, 0, 0, 0, 0, 0, 0, 0, 0, '', 28153);
DELETE FROM `creature` WHERE `guid`=282102547;
INSERT INTO `creature` (`guid`, `id`, `map`, `zoneId`, `areaId`, `spawnDifficulties`, `phaseUseFlags`, `PhaseId`, `PhaseGroup`, `terrainSwapMap`, `modelid`, `equipment_id`, `position_x`, `position_y`, `position_z`, `orientation`, `spawntimesecs`, `spawndist`, `currentwaypoint`, `curhealth`, `curmana`, `MovementType`, `npcflag`, `unit_flags`, `unit_flags2`, `unit_flags3`, `dynamicflags`, `ScriptName`, `VerifiedBuild`) VALUES (282102547, 135182, 1882, 9440, 9440, '38', 0, 1, 0, -1, 0, 0, 14749, 15047.1, 11.2132, 6.27037, 7200, 0, 0, 0, 0, 0, 0, 0, 0, 0, 0, '', 28153);
DELETE FROM `creature` WHERE `guid`=282102546;
INSERT INTO `creature` (`guid`, `id`, `map`, `zoneId`, `areaId`, `spawnDifficulties`, `phaseUseFlags`, `PhaseId`, `PhaseGroup`, `terrainSwapMap`, `modelid`, `equipment_id`, `position_x`, `position_y`, `position_z`, `orientation`, `spawntimesecs`, `spawndist`, `currentwaypoint`, `curhealth`, `curmana`, `MovementType`, `npcflag`, `unit_flags`, `unit_flags2`, `unit_flags3`, `dynamicflags`, `ScriptName`, `VerifiedBuild`) VALUES (282102546, 135182, 1882, 9440, 9440, '38', 0, 1, 0, -1, 0, 0, 14998.1, 14827.2, 11.2178, 6.13514, 7200, 0, 0, 0, 0, 0, 0, 0, 0, 0, 0, '', 28153);
DELETE FROM `creature` WHERE `guid`=282102545;
INSERT INTO `creature` (`guid`, `id`, `map`, `zoneId`, `areaId`, `spawnDifficulties`, `phaseUseFlags`, `PhaseId`, `PhaseGroup`, `terrainSwapMap`, `modelid`, `equipment_id`, `position_x`, `position_y`, `position_z`, `orientation`, `spawntimesecs`, `spawndist`, `currentwaypoint`, `curhealth`, `curmana`, `MovementType`, `npcflag`, `unit_flags`, `unit_flags2`, `unit_flags3`, `dynamicflags`, `ScriptName`, `VerifiedBuild`) VALUES (282102545, 135182, 1882, 9440, 9440, '38', 0, 1, 0, -1, 0, 0, 15018.5, 14825.4, 12.3322, 6.23409, 7200, 0, 0, 0, 0, 0, 0, 0, 0, 0, 0, '', 28153);
DELETE FROM `creature` WHERE `guid`=282102544;
INSERT INTO `creature` (`guid`, `id`, `map`, `zoneId`, `areaId`, `spawnDifficulties`, `phaseUseFlags`, `PhaseId`, `PhaseGroup`, `terrainSwapMap`, `modelid`, `equipment_id`, `position_x`, `position_y`, `position_z`, `orientation`, `spawntimesecs`, `spawndist`, `currentwaypoint`, `curhealth`, `curmana`, `MovementType`, `npcflag`, `unit_flags`, `unit_flags2`, `unit_flags3`, `dynamicflags`, `ScriptName`, `VerifiedBuild`) VALUES (282102544, 135182, 1882, 9440, 9440, '38', 0, 1, 0, -1, 0, 0, 14998.6, 14819, 10.5631, 2.33686, 7200, 0, 0, 0, 0, 0, 0, 0, 0, 0, 0, '', 28153);
DELETE FROM `creature` WHERE `guid`=282102543;
INSERT INTO `creature` (`guid`, `id`, `map`, `zoneId`, `areaId`, `spawnDifficulties`, `phaseUseFlags`, `PhaseId`, `PhaseGroup`, `terrainSwapMap`, `modelid`, `equipment_id`, `position_x`, `position_y`, `position_z`, `orientation`, `spawntimesecs`, `spawndist`, `currentwaypoint`, `curhealth`, `curmana`, `MovementType`, `npcflag`, `unit_flags`, `unit_flags2`, `unit_flags3`, `dynamicflags`, `ScriptName`, `VerifiedBuild`) VALUES (282102543, 140989, 1882, 9440, 9440, '38', 0, 1, 0, -1, 0, 0, 14917.1, 14883.9, 4.64312, 2.16652, 7200, 0, 0, 0, 0, 0, 0, 0, 0, 0, 0, '', 28153);
DELETE FROM `creature` WHERE `guid`=282102542;
INSERT INTO `creature` (`guid`, `id`, `map`, `zoneId`, `areaId`, `spawnDifficulties`, `phaseUseFlags`, `PhaseId`, `PhaseGroup`, `terrainSwapMap`, `modelid`, `equipment_id`, `position_x`, `position_y`, `position_z`, `orientation`, `spawntimesecs`, `spawndist`, `currentwaypoint`, `curhealth`, `curmana`, `MovementType`, `npcflag`, `unit_flags`, `unit_flags2`, `unit_flags3`, `dynamicflags`, `ScriptName`, `VerifiedBuild`) VALUES (282102542, 140989, 1882, 9440, 9440, '38', 0, 1, 0, -1, 0, 0, 14923.4, 14894.3, 3.70002, 4.50705, 7200, 0, 0, 0, 0, 0, 0, 0, 0, 0, 0, '', 28153);
DELETE FROM `creature` WHERE `guid`=282102541;
INSERT INTO `creature` (`guid`, `id`, `map`, `zoneId`, `areaId`, `spawnDifficulties`, `phaseUseFlags`, `PhaseId`, `PhaseGroup`, `terrainSwapMap`, `modelid`, `equipment_id`, `position_x`, `position_y`, `position_z`, `orientation`, `spawntimesecs`, `spawndist`, `currentwaypoint`, `curhealth`, `curmana`, `MovementType`, `npcflag`, `unit_flags`, `unit_flags2`, `unit_flags3`, `dynamicflags`, `ScriptName`, `VerifiedBuild`) VALUES (282102541, 140990, 1882, 9440, 9440, '38', 0, 1, 0, -1, 0, 0, 14946.3, 14896.3, 6.22263, 3.83949, 7200, 0, 0, 0, 0, 0, 0, 0, 0, 0, 0, '', 28153);
DELETE FROM `creature` WHERE `guid`=282102540;
INSERT INTO `creature` (`guid`, `id`, `map`, `zoneId`, `areaId`, `spawnDifficulties`, `phaseUseFlags`, `PhaseId`, `PhaseGroup`, `terrainSwapMap`, `modelid`, `equipment_id`, `position_x`, `position_y`, `position_z`, `orientation`, `spawntimesecs`, `spawndist`, `currentwaypoint`, `curhealth`, `curmana`, `MovementType`, `npcflag`, `unit_flags`, `unit_flags2`, `unit_flags3`, `dynamicflags`, `ScriptName`, `VerifiedBuild`) VALUES (282102540, 140989, 1882, 9440, 9440, '38', 0, 1, 0, -1, 0, 0, 14934.9, 14900.5, 3.6967, 2.27243, 7200, 0, 0, 0, 0, 0, 0, 0, 0, 0, 0, '', 28153);
DELETE FROM `creature` WHERE `guid`=282102539;
INSERT INTO `creature` (`guid`, `id`, `map`, `zoneId`, `areaId`, `spawnDifficulties`, `phaseUseFlags`, `PhaseId`, `PhaseGroup`, `terrainSwapMap`, `modelid`, `equipment_id`, `position_x`, `position_y`, `position_z`, `orientation`, `spawntimesecs`, `spawndist`, `currentwaypoint`, `curhealth`, `curmana`, `MovementType`, `npcflag`, `unit_flags`, `unit_flags2`, `unit_flags3`, `dynamicflags`, `ScriptName`, `VerifiedBuild`) VALUES (282102539, 140992, 1882, 9440, 9440, '38', 0, 1, 0, -1, 0, 0, 14933.8, 14883.8, 3.22263, 2.75301, 7200, 0, 0, 0, 0, 0, 0, 0, 0, 0, 0, '', 28153);
DELETE FROM `creature` WHERE `guid`=282102538;
INSERT INTO `creature` (`guid`, `id`, `map`, `zoneId`, `areaId`, `spawnDifficulties`, `phaseUseFlags`, `PhaseId`, `PhaseGroup`, `terrainSwapMap`, `modelid`, `equipment_id`, `position_x`, `position_y`, `position_z`, `orientation`, `spawntimesecs`, `spawndist`, `currentwaypoint`, `curhealth`, `curmana`, `MovementType`, `npcflag`, `unit_flags`, `unit_flags2`, `unit_flags3`, `dynamicflags`, `ScriptName`, `VerifiedBuild`) VALUES (282102538, 139225, 1882, 9440, 9440, '38', 0, 1, 0, -1, 0, 0, 14959.8, 14923.2, 4.68258, 1.48078, 7200, 0, 0, 0, 0, 0, 0, 0, 0, 0, 0, '', 28153);
DELETE FROM `creature` WHERE `guid`=282102537;
INSERT INTO `creature` (`guid`, `id`, `map`, `zoneId`, `areaId`, `spawnDifficulties`, `phaseUseFlags`, `PhaseId`, `PhaseGroup`, `terrainSwapMap`, `modelid`, `equipment_id`, `position_x`, `position_y`, `position_z`, `orientation`, `spawntimesecs`, `spawndist`, `currentwaypoint`, `curhealth`, `curmana`, `MovementType`, `npcflag`, `unit_flags`, `unit_flags2`, `unit_flags3`, `dynamicflags`, `ScriptName`, `VerifiedBuild`) VALUES (282102537, 139208, 1882, 9440, 9440, '38', 0, 1, 0, -1, 0, 0, 14962.5, 14907.7, 8.34218, 3.45957, 7200, 0, 0, 0, 0, 0, 0, 0, 0, 0, 0, '', 28153);
DELETE FROM `creature` WHERE `guid`=282102536;
INSERT INTO `creature` (`guid`, `id`, `map`, `zoneId`, `areaId`, `spawnDifficulties`, `phaseUseFlags`, `PhaseId`, `PhaseGroup`, `terrainSwapMap`, `modelid`, `equipment_id`, `position_x`, `position_y`, `position_z`, `orientation`, `spawntimesecs`, `spawndist`, `currentwaypoint`, `curhealth`, `curmana`, `MovementType`, `npcflag`, `unit_flags`, `unit_flags2`, `unit_flags3`, `dynamicflags`, `ScriptName`, `VerifiedBuild`) VALUES (282102536, 139208, 1882, 9440, 9440, '38', 0, 1, 0, -1, 0, 0, 14942.4, 14895.7, 5.59166, 0.971778, 7200, 0, 0, 0, 0, 0, 0, 0, 0, 0, 0, '', 28153);
DELETE FROM `creature` WHERE `guid`=282102535;
INSERT INTO `creature` (`guid`, `id`, `map`, `zoneId`, `areaId`, `spawnDifficulties`, `phaseUseFlags`, `PhaseId`, `PhaseGroup`, `terrainSwapMap`, `modelid`, `equipment_id`, `position_x`, `position_y`, `position_z`, `orientation`, `spawntimesecs`, `spawndist`, `currentwaypoint`, `curhealth`, `curmana`, `MovementType`, `npcflag`, `unit_flags`, `unit_flags2`, `unit_flags3`, `dynamicflags`, `ScriptName`, `VerifiedBuild`) VALUES (282102535, 135182, 1882, 9440, 9440, '38', 0, 1, 0, -1, 0, 0, 14967.1, 15014.8, -2.97665, 4.97104, 7200, 0, 0, 0, 0, 0, 0, 0, 0, 0, 0, '', 28153);
DELETE FROM `creature` WHERE `guid`=282102534;
INSERT INTO `creature` (`guid`, `id`, `map`, `zoneId`, `areaId`, `spawnDifficulties`, `phaseUseFlags`, `PhaseId`, `PhaseGroup`, `terrainSwapMap`, `modelid`, `equipment_id`, `position_x`, `position_y`, `position_z`, `orientation`, `spawntimesecs`, `spawndist`, `currentwaypoint`, `curhealth`, `curmana`, `MovementType`, `npcflag`, `unit_flags`, `unit_flags2`, `unit_flags3`, `dynamicflags`, `ScriptName`, `VerifiedBuild`) VALUES (282102534, 139396, 1882, 9440, 9440, '38', 0, 1, 0, -1, 0, 0, 15059.8, 14752, -0.266482, 2.31268, 7200, 0, 0, 0, 0, 0, 0, 0, 0, 0, 0, '', 28153);
DELETE FROM `creature` WHERE `guid`=282102533;
INSERT INTO `creature` (`guid`, `id`, `map`, `zoneId`, `areaId`, `spawnDifficulties`, `phaseUseFlags`, `PhaseId`, `PhaseGroup`, `terrainSwapMap`, `modelid`, `equipment_id`, `position_x`, `position_y`, `position_z`, `orientation`, `spawntimesecs`, `spawndist`, `currentwaypoint`, `curhealth`, `curmana`, `MovementType`, `npcflag`, `unit_flags`, `unit_flags2`, `unit_flags3`, `dynamicflags`, `ScriptName`, `VerifiedBuild`) VALUES (282102533, 139396, 1882, 9440, 9440, '38', 0, 1, 0, -1, 0, 0, 15062.8, 14748.8, -0.0790305, 2.31181, 7200, 0, 0, 0, 0, 0, 0, 0, 0, 0, 0, '', 28153);
DELETE FROM `creature` WHERE `guid`=282102532;
INSERT INTO `creature` (`guid`, `id`, `map`, `zoneId`, `areaId`, `spawnDifficulties`, `phaseUseFlags`, `PhaseId`, `PhaseGroup`, `terrainSwapMap`, `modelid`, `equipment_id`, `position_x`, `position_y`, `position_z`, `orientation`, `spawntimesecs`, `spawndist`, `currentwaypoint`, `curhealth`, `curmana`, `MovementType`, `npcflag`, `unit_flags`, `unit_flags2`, `unit_flags3`, `dynamicflags`, `ScriptName`, `VerifiedBuild`) VALUES (282102532, 139200, 1882, 9440, 9440, '38', 0, 1, 0, -1, 0, 0, 14967.2, 14891.3, 9.14524, 3.16943, 7200, 0, 0, 0, 0, 0, 0, 0, 0, 0, 0, '', 28153);
DELETE FROM `creature` WHERE `guid`=282102531;
INSERT INTO `creature` (`guid`, `id`, `map`, `zoneId`, `areaId`, `spawnDifficulties`, `phaseUseFlags`, `PhaseId`, `PhaseGroup`, `terrainSwapMap`, `modelid`, `equipment_id`, `position_x`, `position_y`, `position_z`, `orientation`, `spawntimesecs`, `spawndist`, `currentwaypoint`, `curhealth`, `curmana`, `MovementType`, `npcflag`, `unit_flags`, `unit_flags2`, `unit_flags3`, `dynamicflags`, `ScriptName`, `VerifiedBuild`) VALUES (282102531, 139224, 1882, 9440, 9440, '38', 0, 1, 0, -1, 0, 0, 14960.8, 14889.5, 8.28385, 1.36717, 7200, 0, 0, 0, 0, 0, 0, 0, 0, 0, 0, '', 28153);
DELETE FROM `creature` WHERE `guid`=282102530;
INSERT INTO `creature` (`guid`, `id`, `map`, `zoneId`, `areaId`, `spawnDifficulties`, `phaseUseFlags`, `PhaseId`, `PhaseGroup`, `terrainSwapMap`, `modelid`, `equipment_id`, `position_x`, `position_y`, `position_z`, `orientation`, `spawntimesecs`, `spawndist`, `currentwaypoint`, `curhealth`, `curmana`, `MovementType`, `npcflag`, `unit_flags`, `unit_flags2`, `unit_flags3`, `dynamicflags`, `ScriptName`, `VerifiedBuild`) VALUES (282102530, 139200, 1882, 9440, 9440, '38', 0, 1, 0, -1, 0, 0, 14985.1, 14886.3, 10.3407, 2.60932, 7200, 0, 0, 0, 0, 0, 0, 0, 0, 0, 0, '', 28153);
DELETE FROM `creature` WHERE `guid`=282102529;
INSERT INTO `creature` (`guid`, `id`, `map`, `zoneId`, `areaId`, `spawnDifficulties`, `phaseUseFlags`, `PhaseId`, `PhaseGroup`, `terrainSwapMap`, `modelid`, `equipment_id`, `position_x`, `position_y`, `position_z`, `orientation`, `spawntimesecs`, `spawndist`, `currentwaypoint`, `curhealth`, `curmana`, `MovementType`, `npcflag`, `unit_flags`, `unit_flags2`, `unit_flags3`, `dynamicflags`, `ScriptName`, `VerifiedBuild`) VALUES (282102529, 132925, 1882, 9440, 9440, '38', 0, 1, 0, -1, 0, 0, 14975.7, 14847, 6.7338, 3.14159, 7200, 0, 0, 0, 0, 0, 0, 0, 0, 0, 0, '', 28153);
DELETE FROM `creature` WHERE `guid`=282102528;
INSERT INTO `creature` (`guid`, `id`, `map`, `zoneId`, `areaId`, `spawnDifficulties`, `phaseUseFlags`, `PhaseId`, `PhaseGroup`, `terrainSwapMap`, `modelid`, `equipment_id`, `position_x`, `position_y`, `position_z`, `orientation`, `spawntimesecs`, `spawndist`, `currentwaypoint`, `curhealth`, `curmana`, `MovementType`, `npcflag`, `unit_flags`, `unit_flags2`, `unit_flags3`, `dynamicflags`, `ScriptName`, `VerifiedBuild`) VALUES (282102528, 139400, 1882, 9440, 9440, '38', 0, 1, 0, -1, 0, 0, 14898.5, 14626.6, -0.00519179, 1.38232, 7200, 10, 0, 0, 0, 1, 0, 0, 0, 0, 0, '', 28153);
DELETE FROM `creature` WHERE `guid`=282102527;
INSERT INTO `creature` (`guid`, `id`, `map`, `zoneId`, `areaId`, `spawnDifficulties`, `phaseUseFlags`, `PhaseId`, `PhaseGroup`, `terrainSwapMap`, `modelid`, `equipment_id`, `position_x`, `position_y`, `position_z`, `orientation`, `spawntimesecs`, `spawndist`, `currentwaypoint`, `curhealth`, `curmana`, `MovementType`, `npcflag`, `unit_flags`, `unit_flags2`, `unit_flags3`, `dynamicflags`, `ScriptName`, `VerifiedBuild`) VALUES (282102527, 139399, 1882, 9440, 9440, '38', 0, 1, 0, -1, 0, 0, 14923.7, 14613.2, 0, 1.1527, 7200, 10, 0, 0, 0, 1, 0, 0, 0, 0, 0, '', 28153);
DELETE FROM `creature` WHERE `guid`=282102526;
INSERT INTO `creature` (`guid`, `id`, `map`, `zoneId`, `areaId`, `spawnDifficulties`, `phaseUseFlags`, `PhaseId`, `PhaseGroup`, `terrainSwapMap`, `modelid`, `equipment_id`, `position_x`, `position_y`, `position_z`, `orientation`, `spawntimesecs`, `spawndist`, `currentwaypoint`, `curhealth`, `curmana`, `MovementType`, `npcflag`, `unit_flags`, `unit_flags2`, `unit_flags3`, `dynamicflags`, `ScriptName`, `VerifiedBuild`) VALUES (282102526, 139395, 1882, 9440, 9440, '38', 0, 1, 0, -1, 0, 0, 15191, 14686.7, 0, 2.58417, 7200, 10, 0, 0, 0, 1, 0, 0, 0, 0, 0, '', 28153);
DELETE FROM `creature` WHERE `guid`=282102525;
INSERT INTO `creature` (`guid`, `id`, `map`, `zoneId`, `areaId`, `spawnDifficulties`, `phaseUseFlags`, `PhaseId`, `PhaseGroup`, `terrainSwapMap`, `modelid`, `equipment_id`, `position_x`, `position_y`, `position_z`, `orientation`, `spawntimesecs`, `spawndist`, `currentwaypoint`, `curhealth`, `curmana`, `MovementType`, `npcflag`, `unit_flags`, `unit_flags2`, `unit_flags3`, `dynamicflags`, `ScriptName`, `VerifiedBuild`) VALUES (282102525, 132925, 1882, 9440, 9440, '38', 0, 1, 0, -1, 0, 0, 14984.9, 14768.1, 3.53169, 3.14159, 7200, 0, 0, 0, 0, 0, 0, 0, 0, 0, 0, '', 28153);
DELETE FROM `creature` WHERE `guid`=282102524;
INSERT INTO `creature` (`guid`, `id`, `map`, `zoneId`, `areaId`, `spawnDifficulties`, `phaseUseFlags`, `PhaseId`, `PhaseGroup`, `terrainSwapMap`, `modelid`, `equipment_id`, `position_x`, `position_y`, `position_z`, `orientation`, `spawntimesecs`, `spawndist`, `currentwaypoint`, `curhealth`, `curmana`, `MovementType`, `npcflag`, `unit_flags`, `unit_flags2`, `unit_flags3`, `dynamicflags`, `ScriptName`, `VerifiedBuild`) VALUES (282102524, 139394, 1882, 9440, 9440, '38', 0, 1, 0, -1, 0, 0, 14914.8, 14619.8, 0, 1.34016, 7200, 10, 0, 0, 0, 1, 0, 0, 0, 0, 0, '', 28153);
DELETE FROM `creature` WHERE `guid`=282102523;
INSERT INTO `creature` (`guid`, `id`, `map`, `zoneId`, `areaId`, `spawnDifficulties`, `phaseUseFlags`, `PhaseId`, `PhaseGroup`, `terrainSwapMap`, `modelid`, `equipment_id`, `position_x`, `position_y`, `position_z`, `orientation`, `spawntimesecs`, `spawndist`, `currentwaypoint`, `curhealth`, `curmana`, `MovementType`, `npcflag`, `unit_flags`, `unit_flags2`, `unit_flags3`, `dynamicflags`, `ScriptName`, `VerifiedBuild`) VALUES (282102523, 139395, 1882, 9440, 9440, '38', 0, 1, 0, -1, 0, 0, 14923.7, 14613.2, 0, 1.1527, 7200, 10, 0, 0, 0, 1, 0, 0, 0, 0, 0, '', 28153);
DELETE FROM `creature` WHERE `guid`=282102522;
INSERT INTO `creature` (`guid`, `id`, `map`, `zoneId`, `areaId`, `spawnDifficulties`, `phaseUseFlags`, `PhaseId`, `PhaseGroup`, `terrainSwapMap`, `modelid`, `equipment_id`, `position_x`, `position_y`, `position_z`, `orientation`, `spawntimesecs`, `spawndist`, `currentwaypoint`, `curhealth`, `curmana`, `MovementType`, `npcflag`, `unit_flags`, `unit_flags2`, `unit_flags3`, `dynamicflags`, `ScriptName`, `VerifiedBuild`) VALUES (282102522, 132925, 1882, 9440, 9440, '38', 0, 1, 0, -1, 0, 0, 14937.4, 14824.8, 6.56725, 3.14159, 7200, 0, 0, 0, 0, 0, 0, 0, 0, 0, 0, '', 28153);
DELETE FROM `creature` WHERE `guid`=282102521;
INSERT INTO `creature` (`guid`, `id`, `map`, `zoneId`, `areaId`, `spawnDifficulties`, `phaseUseFlags`, `PhaseId`, `PhaseGroup`, `terrainSwapMap`, `modelid`, `equipment_id`, `position_x`, `position_y`, `position_z`, `orientation`, `spawntimesecs`, `spawndist`, `currentwaypoint`, `curhealth`, `curmana`, `MovementType`, `npcflag`, `unit_flags`, `unit_flags2`, `unit_flags3`, `dynamicflags`, `ScriptName`, `VerifiedBuild`) VALUES (282102521, 132912, 1882, 9440, 9440, '38', 0, 1, 0, -1, 0, 0, 14975.7, 14847, 6.7338, 3.14159, 7200, 0, 0, 0, 0, 0, 0, 0, 0, 0, 0, '', 28153);
DELETE FROM `creature` WHERE `guid`=282102520;
INSERT INTO `creature` (`guid`, `id`, `map`, `zoneId`, `areaId`, `spawnDifficulties`, `phaseUseFlags`, `PhaseId`, `PhaseGroup`, `terrainSwapMap`, `modelid`, `equipment_id`, `position_x`, `position_y`, `position_z`, `orientation`, `spawntimesecs`, `spawndist`, `currentwaypoint`, `curhealth`, `curmana`, `MovementType`, `npcflag`, `unit_flags`, `unit_flags2`, `unit_flags3`, `dynamicflags`, `ScriptName`, `VerifiedBuild`) VALUES (282102520, 139395, 1882, 9440, 9440, '38', 0, 1, 0, -1, 0, 0, 14898.5, 14626.6, -0.00519179, 1.38232, 7200, 10, 0, 0, 0, 1, 0, 0, 0, 0, 0, '', 28153);
DELETE FROM `creature` WHERE `guid`=282102519;
INSERT INTO `creature` (`guid`, `id`, `map`, `zoneId`, `areaId`, `spawnDifficulties`, `phaseUseFlags`, `PhaseId`, `PhaseGroup`, `terrainSwapMap`, `modelid`, `equipment_id`, `position_x`, `position_y`, `position_z`, `orientation`, `spawntimesecs`, `spawndist`, `currentwaypoint`, `curhealth`, `curmana`, `MovementType`, `npcflag`, `unit_flags`, `unit_flags2`, `unit_flags3`, `dynamicflags`, `ScriptName`, `VerifiedBuild`) VALUES (282102519, 139416, 1882, 9440, 9440, '38', 0, 1, 0, -1, 0, 0, 15157.8, 14644.9, -0.101324, 2.31175, 7200, 10, 0, 0, 0, 1, 0, 0, 0, 0, 0, '', 28153);
DELETE FROM `creature` WHERE `guid`=282102518;
INSERT INTO `creature` (`guid`, `id`, `map`, `zoneId`, `areaId`, `spawnDifficulties`, `phaseUseFlags`, `PhaseId`, `PhaseGroup`, `terrainSwapMap`, `modelid`, `equipment_id`, `position_x`, `position_y`, `position_z`, `orientation`, `spawntimesecs`, `spawndist`, `currentwaypoint`, `curhealth`, `curmana`, `MovementType`, `npcflag`, `unit_flags`, `unit_flags2`, `unit_flags3`, `dynamicflags`, `ScriptName`, `VerifiedBuild`) VALUES (282102518, 139418, 1882, 9440, 9440, '38', 0, 1, 0, -1, 0, 0, 14914.8, 14619.8, 0, 1.34016, 7200, 0, 0, 0, 0, 0, 0, 0, 0, 0, 0, '', 28153);
DELETE FROM `creature` WHERE `guid`=282102517;
INSERT INTO `creature` (`guid`, `id`, `map`, `zoneId`, `areaId`, `spawnDifficulties`, `phaseUseFlags`, `PhaseId`, `PhaseGroup`, `terrainSwapMap`, `modelid`, `equipment_id`, `position_x`, `position_y`, `position_z`, `orientation`, `spawntimesecs`, `spawndist`, `currentwaypoint`, `curhealth`, `curmana`, `MovementType`, `npcflag`, `unit_flags`, `unit_flags2`, `unit_flags3`, `dynamicflags`, `ScriptName`, `VerifiedBuild`) VALUES (282102517, 139415, 1882, 9440, 9440, '38', 0, 1, 0, -1, 0, 0, 15191, 14686.7, 0, 2.58417, 7200, 10, 0, 0, 0, 1, 0, 0, 0, 0, 0, '', 28153);
DELETE FROM `creature` WHERE `guid`=282102516;
INSERT INTO `creature` (`guid`, `id`, `map`, `zoneId`, `areaId`, `spawnDifficulties`, `phaseUseFlags`, `PhaseId`, `PhaseGroup`, `terrainSwapMap`, `modelid`, `equipment_id`, `position_x`, `position_y`, `position_z`, `orientation`, `spawntimesecs`, `spawndist`, `currentwaypoint`, `curhealth`, `curmana`, `MovementType`, `npcflag`, `unit_flags`, `unit_flags2`, `unit_flags3`, `dynamicflags`, `ScriptName`, `VerifiedBuild`) VALUES (282102516, 139411, 1882, 9440, 9440, '38', 0, 1, 0, -1, 0, 0, 14912.7, 14627, 0, 1.572, 7200, 10, 0, 0, 0, 1, 0, 0, 0, 0, 0, '', 28153);
DELETE FROM `creature` WHERE `guid`=282102515;
INSERT INTO `creature` (`guid`, `id`, `map`, `zoneId`, `areaId`, `spawnDifficulties`, `phaseUseFlags`, `PhaseId`, `PhaseGroup`, `terrainSwapMap`, `modelid`, `equipment_id`, `position_x`, `position_y`, `position_z`, `orientation`, `spawntimesecs`, `spawndist`, `currentwaypoint`, `curhealth`, `curmana`, `MovementType`, `npcflag`, `unit_flags`, `unit_flags2`, `unit_flags3`, `dynamicflags`, `ScriptName`, `VerifiedBuild`) VALUES (282102515, 139400, 1882, 9440, 9440, '38', 0, 1, 0, -1, 0, 0, 15045.8, 14594.8, 0, 1.65189, 7200, 10, 0, 0, 0, 1, 0, 0, 0, 0, 0, '', 28153);
DELETE FROM `creature` WHERE `guid`=282102514;
INSERT INTO `creature` (`guid`, `id`, `map`, `zoneId`, `areaId`, `spawnDifficulties`, `phaseUseFlags`, `PhaseId`, `PhaseGroup`, `terrainSwapMap`, `modelid`, `equipment_id`, `position_x`, `position_y`, `position_z`, `orientation`, `spawntimesecs`, `spawndist`, `currentwaypoint`, `curhealth`, `curmana`, `MovementType`, `npcflag`, `unit_flags`, `unit_flags2`, `unit_flags3`, `dynamicflags`, `ScriptName`, `VerifiedBuild`) VALUES (282102514, 132912, 1882, 9440, 9440, '38', 0, 1, 0, -1, 0, 0, 14937.4, 14824.8, 6.56725, 3.14159, 7200, 0, 0, 0, 0, 0, 0, 0, 0, 0, 0, '', 28153);
DELETE FROM `creature` WHERE `guid`=282102513;
INSERT INTO `creature` (`guid`, `id`, `map`, `zoneId`, `areaId`, `spawnDifficulties`, `phaseUseFlags`, `PhaseId`, `PhaseGroup`, `terrainSwapMap`, `modelid`, `equipment_id`, `position_x`, `position_y`, `position_z`, `orientation`, `spawntimesecs`, `spawndist`, `currentwaypoint`, `curhealth`, `curmana`, `MovementType`, `npcflag`, `unit_flags`, `unit_flags2`, `unit_flags3`, `dynamicflags`, `ScriptName`, `VerifiedBuild`) VALUES (282102513, 139399, 1882, 9440, 9440, '38', 0, 1, 0, -1, 0, 0, 15191, 14686.7, 0, 2.58417, 7200, 10, 0, 0, 0, 1, 0, 0, 0, 0, 0, '', 28153);
DELETE FROM `creature` WHERE `guid`=282102512;
INSERT INTO `creature` (`guid`, `id`, `map`, `zoneId`, `areaId`, `spawnDifficulties`, `phaseUseFlags`, `PhaseId`, `PhaseGroup`, `terrainSwapMap`, `modelid`, `equipment_id`, `position_x`, `position_y`, `position_z`, `orientation`, `spawntimesecs`, `spawndist`, `currentwaypoint`, `curhealth`, `curmana`, `MovementType`, `npcflag`, `unit_flags`, `unit_flags2`, `unit_flags3`, `dynamicflags`, `ScriptName`, `VerifiedBuild`) VALUES (282102512, 139394, 1882, 9440, 9440, '38', 0, 1, 0, -1, 0, 0, 14914.8, 14619.8, 0, 1.34016, 7200, 10, 0, 0, 0, 1, 0, 0, 0, 0, 0, '', 28153);
DELETE FROM `creature` WHERE `guid`=282102511;
INSERT INTO `creature` (`guid`, `id`, `map`, `zoneId`, `areaId`, `spawnDifficulties`, `phaseUseFlags`, `PhaseId`, `PhaseGroup`, `terrainSwapMap`, `modelid`, `equipment_id`, `position_x`, `position_y`, `position_z`, `orientation`, `spawntimesecs`, `spawndist`, `currentwaypoint`, `curhealth`, `curmana`, `MovementType`, `npcflag`, `unit_flags`, `unit_flags2`, `unit_flags3`, `dynamicflags`, `ScriptName`, `VerifiedBuild`) VALUES (282102511, 139396, 1882, 9440, 9440, '38', 0, 1, 0, -1, 0, 0, 14912.7, 14627, 0, 1.572, 7200, 10, 0, 0, 0, 1, 0, 0, 0, 0, 0, '', 28153);
DELETE FROM `creature` WHERE `guid`=282102510;
INSERT INTO `creature` (`guid`, `id`, `map`, `zoneId`, `areaId`, `spawnDifficulties`, `phaseUseFlags`, `PhaseId`, `PhaseGroup`, `terrainSwapMap`, `modelid`, `equipment_id`, `position_x`, `position_y`, `position_z`, `orientation`, `spawntimesecs`, `spawndist`, `currentwaypoint`, `curhealth`, `curmana`, `MovementType`, `npcflag`, `unit_flags`, `unit_flags2`, `unit_flags3`, `dynamicflags`, `ScriptName`, `VerifiedBuild`) VALUES (282102510, 132912, 1882, 9440, 9440, '38', 0, 1, 0, -1, 0, 0, 15036, 14770, 3.33568, 3.14159, 7200, 0, 0, 0, 0, 0, 0, 0, 0, 0, 0, '', 28153);
DELETE FROM `creature` WHERE `guid`=282102509;
INSERT INTO `creature` (`guid`, `id`, `map`, `zoneId`, `areaId`, `spawnDifficulties`, `phaseUseFlags`, `PhaseId`, `PhaseGroup`, `terrainSwapMap`, `modelid`, `equipment_id`, `position_x`, `position_y`, `position_z`, `orientation`, `spawntimesecs`, `spawndist`, `currentwaypoint`, `curhealth`, `curmana`, `MovementType`, `npcflag`, `unit_flags`, `unit_flags2`, `unit_flags3`, `dynamicflags`, `ScriptName`, `VerifiedBuild`) VALUES (282102509, 139395, 1882, 9440, 9440, '38', 0, 1, 0, -1, 0, 0, 15118, 14633.8, -0.0809143, 1.88122, 7200, 10, 0, 0, 0, 1, 0, 0, 0, 0, 0, '', 28153);
DELETE FROM `creature` WHERE `guid`=282102508;
INSERT INTO `creature` (`guid`, `id`, `map`, `zoneId`, `areaId`, `spawnDifficulties`, `phaseUseFlags`, `PhaseId`, `PhaseGroup`, `terrainSwapMap`, `modelid`, `equipment_id`, `position_x`, `position_y`, `position_z`, `orientation`, `spawntimesecs`, `spawndist`, `currentwaypoint`, `curhealth`, `curmana`, `MovementType`, `npcflag`, `unit_flags`, `unit_flags2`, `unit_flags3`, `dynamicflags`, `ScriptName`, `VerifiedBuild`) VALUES (282102508, 132925, 1882, 9440, 9440, '38', 0, 1, 0, -1, 0, 0, 15036, 14770, 3.33568, 3.14159, 7200, 0, 0, 0, 0, 0, 0, 0, 0, 0, 0, '', 28153);
DELETE FROM `creature` WHERE `guid`=282102507;
INSERT INTO `creature` (`guid`, `id`, `map`, `zoneId`, `areaId`, `spawnDifficulties`, `phaseUseFlags`, `PhaseId`, `PhaseGroup`, `terrainSwapMap`, `modelid`, `equipment_id`, `position_x`, `position_y`, `position_z`, `orientation`, `spawntimesecs`, `spawndist`, `currentwaypoint`, `curhealth`, `curmana`, `MovementType`, `npcflag`, `unit_flags`, `unit_flags2`, `unit_flags3`, `dynamicflags`, `ScriptName`, `VerifiedBuild`) VALUES (282102507, 132912, 1882, 9440, 9440, '38', 0, 1, 0, -1, 0, 0, 14984.9, 14768.1, 3.53169, 3.14159, 7200, 0, 0, 0, 0, 0, 0, 0, 0, 0, 0, '', 28153);
DELETE FROM `creature` WHERE `guid`=282102506;
INSERT INTO `creature` (`guid`, `id`, `map`, `zoneId`, `areaId`, `spawnDifficulties`, `phaseUseFlags`, `PhaseId`, `PhaseGroup`, `terrainSwapMap`, `modelid`, `equipment_id`, `position_x`, `position_y`, `position_z`, `orientation`, `spawntimesecs`, `spawndist`, `currentwaypoint`, `curhealth`, `curmana`, `MovementType`, `npcflag`, `unit_flags`, `unit_flags2`, `unit_flags3`, `dynamicflags`, `ScriptName`, `VerifiedBuild`) VALUES (282102506, 139396, 1882, 9440, 9440, '38', 0, 1, 0, -1, 0, 0, 14898.5, 14626.6, -0.00519179, 1.38232, 7200, 10, 0, 0, 0, 1, 0, 0, 0, 0, 0, '', 28153);
DELETE FROM `creature` WHERE `guid`=282102505;
INSERT INTO `creature` (`guid`, `id`, `map`, `zoneId`, `areaId`, `spawnDifficulties`, `phaseUseFlags`, `PhaseId`, `PhaseGroup`, `terrainSwapMap`, `modelid`, `equipment_id`, `position_x`, `position_y`, `position_z`, `orientation`, `spawntimesecs`, `spawndist`, `currentwaypoint`, `curhealth`, `curmana`, `MovementType`, `npcflag`, `unit_flags`, `unit_flags2`, `unit_flags3`, `dynamicflags`, `ScriptName`, `VerifiedBuild`) VALUES (282102505, 135182, 1882, 9440, 9440, '38', 0, 1, 0, -1, 0, 0, 14973.2, 14958.3, -2.00072, 0.259113, 7200, 0, 0, 0, 0, 0, 0, 0, 0, 0, 0, '', 28153);
DELETE FROM `creature` WHERE `guid`=282102504;
INSERT INTO `creature` (`guid`, `id`, `map`, `zoneId`, `areaId`, `spawnDifficulties`, `phaseUseFlags`, `PhaseId`, `PhaseGroup`, `terrainSwapMap`, `modelid`, `equipment_id`, `position_x`, `position_y`, `position_z`, `orientation`, `spawntimesecs`, `spawndist`, `currentwaypoint`, `curhealth`, `curmana`, `MovementType`, `npcflag`, `unit_flags`, `unit_flags2`, `unit_flags3`, `dynamicflags`, `ScriptName`, `VerifiedBuild`) VALUES (282102504, 140989, 1882, 9440, 9440, '38', 0, 1, 0, -1, 0, 0, 14923.4, 14880.9, 3.60077, 6.04567, 7200, 0, 0, 0, 0, 0, 0, 0, 0, 0, 0, '', 28153);
DELETE FROM `creature` WHERE `guid`=282102503;
INSERT INTO `creature` (`guid`, `id`, `map`, `zoneId`, `areaId`, `spawnDifficulties`, `phaseUseFlags`, `PhaseId`, `PhaseGroup`, `terrainSwapMap`, `modelid`, `equipment_id`, `position_x`, `position_y`, `position_z`, `orientation`, `spawntimesecs`, `spawndist`, `currentwaypoint`, `curhealth`, `curmana`, `MovementType`, `npcflag`, `unit_flags`, `unit_flags2`, `unit_flags3`, `dynamicflags`, `ScriptName`, `VerifiedBuild`) VALUES (282102503, 137947, 1882, 9440, 9440, '38', 0, 1, 0, -1, 0, 0, 14900.4, 14868.4, 13.1284, 0.986722, 7200, 10, 0, 0, 0, 1, 0, 0, 0, 0, 0, '', 28153);
DELETE FROM `creature` WHERE `guid`=282102502;
INSERT INTO `creature` (`guid`, `id`, `map`, `zoneId`, `areaId`, `spawnDifficulties`, `phaseUseFlags`, `PhaseId`, `PhaseGroup`, `terrainSwapMap`, `modelid`, `equipment_id`, `position_x`, `position_y`, `position_z`, `orientation`, `spawntimesecs`, `spawndist`, `currentwaypoint`, `curhealth`, `curmana`, `MovementType`, `npcflag`, `unit_flags`, `unit_flags2`, `unit_flags3`, `dynamicflags`, `ScriptName`, `VerifiedBuild`) VALUES (282102502, 142324, 1882, 9440, 9440, '38', 0, 1, 0, -1, 0, 0, 14865.4, 14721.5, -15.8524, 4.56436, 7200, 10, 0, 0, 0, 1, 0, 0, 0, 0, 0, '', 28153);
DELETE FROM `creature` WHERE `guid`=282102501;
INSERT INTO `creature` (`guid`, `id`, `map`, `zoneId`, `areaId`, `spawnDifficulties`, `phaseUseFlags`, `PhaseId`, `PhaseGroup`, `terrainSwapMap`, `modelid`, `equipment_id`, `position_x`, `position_y`, `position_z`, `orientation`, `spawntimesecs`, `spawndist`, `currentwaypoint`, `curhealth`, `curmana`, `MovementType`, `npcflag`, `unit_flags`, `unit_flags2`, `unit_flags3`, `dynamicflags`, `ScriptName`, `VerifiedBuild`) VALUES (282102501, 137958, 1882, 9440, 9440, '38', 0, 1, 0, -1, 0, 0, 14855.3, 14796.5, 6.95727, 2.27773, 7200, 0, 0, 0, 0, 0, 0, 0, 0, 0, 0, '', 28153);
DELETE FROM `creature` WHERE `guid`=282102500;
INSERT INTO `creature` (`guid`, `id`, `map`, `zoneId`, `areaId`, `spawnDifficulties`, `phaseUseFlags`, `PhaseId`, `PhaseGroup`, `terrainSwapMap`, `modelid`, `equipment_id`, `position_x`, `position_y`, `position_z`, `orientation`, `spawntimesecs`, `spawndist`, `currentwaypoint`, `curhealth`, `curmana`, `MovementType`, `npcflag`, `unit_flags`, `unit_flags2`, `unit_flags3`, `dynamicflags`, `ScriptName`, `VerifiedBuild`) VALUES (282102500, 140989, 1882, 9440, 9440, '38', 0, 1, 0, -1, 0, 0, 14934.7, 14878.7, 3.26156, 5.61644, 7200, 0, 0, 0, 0, 0, 0, 0, 0, 0, 0, '', 28153);
DELETE FROM `creature` WHERE `guid`=282102499;
INSERT INTO `creature` (`guid`, `id`, `map`, `zoneId`, `areaId`, `spawnDifficulties`, `phaseUseFlags`, `PhaseId`, `PhaseGroup`, `terrainSwapMap`, `modelid`, `equipment_id`, `position_x`, `position_y`, `position_z`, `orientation`, `spawntimesecs`, `spawndist`, `currentwaypoint`, `curhealth`, `curmana`, `MovementType`, `npcflag`, `unit_flags`, `unit_flags2`, `unit_flags3`, `dynamicflags`, `ScriptName`, `VerifiedBuild`) VALUES (282102499, 140989, 1882, 9440, 9440, '38', 0, 1, 0, -1, 0, 0, 14936.8, 14877.8, 3.40561, 4.09003, 7200, 0, 0, 0, 0, 0, 0, 0, 0, 0, 0, '', 28153);
DELETE FROM `creature` WHERE `guid`=282102498;
INSERT INTO `creature` (`guid`, `id`, `map`, `zoneId`, `areaId`, `spawnDifficulties`, `phaseUseFlags`, `PhaseId`, `PhaseGroup`, `terrainSwapMap`, `modelid`, `equipment_id`, `position_x`, `position_y`, `position_z`, `orientation`, `spawntimesecs`, `spawndist`, `currentwaypoint`, `curhealth`, `curmana`, `MovementType`, `npcflag`, `unit_flags`, `unit_flags2`, `unit_flags3`, `dynamicflags`, `ScriptName`, `VerifiedBuild`) VALUES (282102498, 139208, 1882, 9440, 9440, '38', 0, 1, 0, -1, 0, 0, 14866.8, 14801.4, 6.76641, 5.36332, 7200, 0, 0, 0, 0, 0, 0, 0, 0, 0, 0, '', 28153);
DELETE FROM `creature` WHERE `guid`=282102497;
INSERT INTO `creature` (`guid`, `id`, `map`, `zoneId`, `areaId`, `spawnDifficulties`, `phaseUseFlags`, `PhaseId`, `PhaseGroup`, `terrainSwapMap`, `modelid`, `equipment_id`, `position_x`, `position_y`, `position_z`, `orientation`, `spawntimesecs`, `spawndist`, `currentwaypoint`, `curhealth`, `curmana`, `MovementType`, `npcflag`, `unit_flags`, `unit_flags2`, `unit_flags3`, `dynamicflags`, `ScriptName`, `VerifiedBuild`) VALUES (282102497, 137955, 1882, 9440, 9440, '38', 0, 1, 0, -1, 0, 0, 14918.9, 14835.4, 4.24373, 3.60918, 7200, 10, 0, 0, 0, 1, 0, 0, 0, 0, 0, '', 28153);
DELETE FROM `creature` WHERE `guid`=282102496;
INSERT INTO `creature` (`guid`, `id`, `map`, `zoneId`, `areaId`, `spawnDifficulties`, `phaseUseFlags`, `PhaseId`, `PhaseGroup`, `terrainSwapMap`, `modelid`, `equipment_id`, `position_x`, `position_y`, `position_z`, `orientation`, `spawntimesecs`, `spawndist`, `currentwaypoint`, `curhealth`, `curmana`, `MovementType`, `npcflag`, `unit_flags`, `unit_flags2`, `unit_flags3`, `dynamicflags`, `ScriptName`, `VerifiedBuild`) VALUES (282102496, 139225, 1882, 9440, 9440, '38', 0, 1, 0, -1, 0, 0, 14940.7, 14842.9, 7.68524, 5.27553, 7200, 0, 0, 0, 0, 0, 0, 0, 0, 0, 0, '', 28153);
DELETE FROM `creature` WHERE `guid`=282102495;
INSERT INTO `creature` (`guid`, `id`, `map`, `zoneId`, `areaId`, `spawnDifficulties`, `phaseUseFlags`, `PhaseId`, `PhaseGroup`, `terrainSwapMap`, `modelid`, `equipment_id`, `position_x`, `position_y`, `position_z`, `orientation`, `spawntimesecs`, `spawndist`, `currentwaypoint`, `curhealth`, `curmana`, `MovementType`, `npcflag`, `unit_flags`, `unit_flags2`, `unit_flags3`, `dynamicflags`, `ScriptName`, `VerifiedBuild`) VALUES (282102495, 132912, 1882, 9440, 9440, '38', 0, 1, 0, -1, 0, 0, 14961.6, 14871.2, 4.89487, 3.14159, 7200, 0, 0, 0, 0, 0, 0, 0, 0, 0, 0, '', 28153);
DELETE FROM `creature` WHERE `guid`=282102494;
INSERT INTO `creature` (`guid`, `id`, `map`, `zoneId`, `areaId`, `spawnDifficulties`, `phaseUseFlags`, `PhaseId`, `PhaseGroup`, `terrainSwapMap`, `modelid`, `equipment_id`, `position_x`, `position_y`, `position_z`, `orientation`, `spawntimesecs`, `spawndist`, `currentwaypoint`, `curhealth`, `curmana`, `MovementType`, `npcflag`, `unit_flags`, `unit_flags2`, `unit_flags3`, `dynamicflags`, `ScriptName`, `VerifiedBuild`) VALUES (282102494, 139202, 1882, 9440, 9440, '38', 0, 1, 0, -1, 0, 0, 14968.9, 14833.5, 6.91409, 3.07759, 7200, 0, 0, 0, 0, 0, 0, 0, 0, 0, 0, '', 28153);
DELETE FROM `creature` WHERE `guid`=282102493;
INSERT INTO `creature` (`guid`, `id`, `map`, `zoneId`, `areaId`, `spawnDifficulties`, `phaseUseFlags`, `PhaseId`, `PhaseGroup`, `terrainSwapMap`, `modelid`, `equipment_id`, `position_x`, `position_y`, `position_z`, `orientation`, `spawntimesecs`, `spawndist`, `currentwaypoint`, `curhealth`, `curmana`, `MovementType`, `npcflag`, `unit_flags`, `unit_flags2`, `unit_flags3`, `dynamicflags`, `ScriptName`, `VerifiedBuild`) VALUES (282102493, 139218, 1882, 9440, 9440, '38', 0, 1, 0, -1, 0, 0, 14855.3, 14816.4, 6.34723, 2.22222, 7200, 0, 0, 0, 0, 0, 0, 0, 0, 0, 0, '', 28153);
DELETE FROM `creature` WHERE `guid`=282102492;
INSERT INTO `creature` (`guid`, `id`, `map`, `zoneId`, `areaId`, `spawnDifficulties`, `phaseUseFlags`, `PhaseId`, `PhaseGroup`, `terrainSwapMap`, `modelid`, `equipment_id`, `position_x`, `position_y`, `position_z`, `orientation`, `spawntimesecs`, `spawndist`, `currentwaypoint`, `curhealth`, `curmana`, `MovementType`, `npcflag`, `unit_flags`, `unit_flags2`, `unit_flags3`, `dynamicflags`, `ScriptName`, `VerifiedBuild`) VALUES (282102492, 139200, 1882, 9440, 9440, '38', 0, 1, 0, -1, 0, 0, 14987.7, 14856.2, 8.7808, 3.75472, 7200, 0, 0, 0, 0, 0, 0, 0, 0, 0, 0, '', 28153);
DELETE FROM `creature` WHERE `guid`=282102491;
INSERT INTO `creature` (`guid`, `id`, `map`, `zoneId`, `areaId`, `spawnDifficulties`, `phaseUseFlags`, `PhaseId`, `PhaseGroup`, `terrainSwapMap`, `modelid`, `equipment_id`, `position_x`, `position_y`, `position_z`, `orientation`, `spawntimesecs`, `spawndist`, `currentwaypoint`, `curhealth`, `curmana`, `MovementType`, `npcflag`, `unit_flags`, `unit_flags2`, `unit_flags3`, `dynamicflags`, `ScriptName`, `VerifiedBuild`) VALUES (282102491, 126422, 1882, 9440, 9440, '38', 0, 1, 0, -1, 0, 0, 14938, 14777, 1.61935, 1.03005, 7200, 10, 0, 0, 0, 1, 0, 0, 0, 0, 0, '', 28153);
DELETE FROM `creature` WHERE `guid`=282102490;
INSERT INTO `creature` (`guid`, `id`, `map`, `zoneId`, `areaId`, `spawnDifficulties`, `phaseUseFlags`, `PhaseId`, `PhaseGroup`, `terrainSwapMap`, `modelid`, `equipment_id`, `position_x`, `position_y`, `position_z`, `orientation`, `spawntimesecs`, `spawndist`, `currentwaypoint`, `curhealth`, `curmana`, `MovementType`, `npcflag`, `unit_flags`, `unit_flags2`, `unit_flags3`, `dynamicflags`, `ScriptName`, `VerifiedBuild`) VALUES (282102490, 126423, 1882, 9440, 9440, '38', 0, 1, 0, -1, 0, 0, 14927.7, 14788, 2.86192, 3.85234, 7200, 10, 0, 0, 0, 1, 0, 0, 0, 0, 0, '', 28153);
DELETE FROM `creature` WHERE `guid`=282102489;
INSERT INTO `creature` (`guid`, `id`, `map`, `zoneId`, `areaId`, `spawnDifficulties`, `phaseUseFlags`, `PhaseId`, `PhaseGroup`, `terrainSwapMap`, `modelid`, `equipment_id`, `position_x`, `position_y`, `position_z`, `orientation`, `spawntimesecs`, `spawndist`, `currentwaypoint`, `curhealth`, `curmana`, `MovementType`, `npcflag`, `unit_flags`, `unit_flags2`, `unit_flags3`, `dynamicflags`, `ScriptName`, `VerifiedBuild`) VALUES (282102489, 137955, 1882, 9440, 9440, '38', 0, 1, 0, -1, 0, 0, 14954.9, 14809.3, 9.26558, 4.83387, 7200, 0, 0, 0, 0, 0, 0, 0, 0, 0, 0, '', 28153);
DELETE FROM `creature` WHERE `guid`=282102488;
INSERT INTO `creature` (`guid`, `id`, `map`, `zoneId`, `areaId`, `spawnDifficulties`, `phaseUseFlags`, `PhaseId`, `PhaseGroup`, `terrainSwapMap`, `modelid`, `equipment_id`, `position_x`, `position_y`, `position_z`, `orientation`, `spawntimesecs`, `spawndist`, `currentwaypoint`, `curhealth`, `curmana`, `MovementType`, `npcflag`, `unit_flags`, `unit_flags2`, `unit_flags3`, `dynamicflags`, `ScriptName`, `VerifiedBuild`) VALUES (282102488, 126423, 1882, 9440, 9440, '38', 0, 1, 0, -1, 0, 0, 14946.1, 14781.5, 1.98611, 0.902104, 7200, 0, 0, 0, 0, 0, 0, 0, 0, 0, 0, '', 28153);
DELETE FROM `creature` WHERE `guid`=282102487;
INSERT INTO `creature` (`guid`, `id`, `map`, `zoneId`, `areaId`, `spawnDifficulties`, `phaseUseFlags`, `PhaseId`, `PhaseGroup`, `terrainSwapMap`, `modelid`, `equipment_id`, `position_x`, `position_y`, `position_z`, `orientation`, `spawntimesecs`, `spawndist`, `currentwaypoint`, `curhealth`, `curmana`, `MovementType`, `npcflag`, `unit_flags`, `unit_flags2`, `unit_flags3`, `dynamicflags`, `ScriptName`, `VerifiedBuild`) VALUES (282102487, 140631, 1882, 9440, 9440, '38', 0, 1, 0, -1, 0, 0, 15051.2, 14663, -17.6553, 3.6232, 7200, 0, 0, 0, 0, 0, 0, 0, 0, 0, 0, '', 28153);
DELETE FROM `creature` WHERE `guid`=282102486;
INSERT INTO `creature` (`guid`, `id`, `map`, `zoneId`, `areaId`, `spawnDifficulties`, `phaseUseFlags`, `PhaseId`, `PhaseGroup`, `terrainSwapMap`, `modelid`, `equipment_id`, `position_x`, `position_y`, `position_z`, `orientation`, `spawntimesecs`, `spawndist`, `currentwaypoint`, `curhealth`, `curmana`, `MovementType`, `npcflag`, `unit_flags`, `unit_flags2`, `unit_flags3`, `dynamicflags`, `ScriptName`, `VerifiedBuild`) VALUES (282102486, 135182, 1882, 9440, 9440, '38', 0, 1, 0, -1, 0, 0, 14954.7, 14886.2, 6.20499, 1.36717, 7200, 0, 0, 0, 0, 0, 0, 0, 0, 0, 0, '', 28153);
DELETE FROM `creature` WHERE `guid`=282102485;
INSERT INTO `creature` (`guid`, `id`, `map`, `zoneId`, `areaId`, `spawnDifficulties`, `phaseUseFlags`, `PhaseId`, `PhaseGroup`, `terrainSwapMap`, `modelid`, `equipment_id`, `position_x`, `position_y`, `position_z`, `orientation`, `spawntimesecs`, `spawndist`, `currentwaypoint`, `curhealth`, `curmana`, `MovementType`, `npcflag`, `unit_flags`, `unit_flags2`, `unit_flags3`, `dynamicflags`, `ScriptName`, `VerifiedBuild`) VALUES (282102485, 126423, 1882, 9440, 9440, '38', 0, 1, 0, -1, 0, 0, 14965.7, 14769.4, 1.77313, 1.73956, 7200, 0, 0, 0, 0, 0, 0, 0, 0, 0, 0, '', 28153);
DELETE FROM `creature` WHERE `guid`=282102484;
INSERT INTO `creature` (`guid`, `id`, `map`, `zoneId`, `areaId`, `spawnDifficulties`, `phaseUseFlags`, `PhaseId`, `PhaseGroup`, `terrainSwapMap`, `modelid`, `equipment_id`, `position_x`, `position_y`, `position_z`, `orientation`, `spawntimesecs`, `spawndist`, `currentwaypoint`, `curhealth`, `curmana`, `MovementType`, `npcflag`, `unit_flags`, `unit_flags2`, `unit_flags3`, `dynamicflags`, `ScriptName`, `VerifiedBuild`) VALUES (282102484, 142336, 1882, 9440, 9440, '38', 0, 1, 0, -1, 0, 0, 15017.5, 14696.9, -19.3052, 0.870903, 7200, 0, 0, 0, 0, 0, 0, 0, 0, 0, 0, '', 28153);
DELETE FROM `creature` WHERE `guid`=282102483;
INSERT INTO `creature` (`guid`, `id`, `map`, `zoneId`, `areaId`, `spawnDifficulties`, `phaseUseFlags`, `PhaseId`, `PhaseGroup`, `terrainSwapMap`, `modelid`, `equipment_id`, `position_x`, `position_y`, `position_z`, `orientation`, `spawntimesecs`, `spawndist`, `currentwaypoint`, `curhealth`, `curmana`, `MovementType`, `npcflag`, `unit_flags`, `unit_flags2`, `unit_flags3`, `dynamicflags`, `ScriptName`, `VerifiedBuild`) VALUES (282102483, 137947, 1882, 9440, 9440, '38', 0, 1, 0, -1, 0, 0, 14986, 14818.5, 8.87643, 4.26592, 7200, 0, 0, 0, 0, 0, 0, 0, 0, 0, 0, '', 28153);
DELETE FROM `creature` WHERE `guid`=282102482;
INSERT INTO `creature` (`guid`, `id`, `map`, `zoneId`, `areaId`, `spawnDifficulties`, `phaseUseFlags`, `PhaseId`, `PhaseGroup`, `terrainSwapMap`, `modelid`, `equipment_id`, `position_x`, `position_y`, `position_z`, `orientation`, `spawntimesecs`, `spawndist`, `currentwaypoint`, `curhealth`, `curmana`, `MovementType`, `npcflag`, `unit_flags`, `unit_flags2`, `unit_flags3`, `dynamicflags`, `ScriptName`, `VerifiedBuild`) VALUES (282102482, 139197, 1882, 9440, 9440, '38', 0, 1, 0, -1, 0, 0, 15014.4, 14846.8, 10.8554, 5.60741, 7200, 0, 0, 0, 0, 0, 0, 0, 0, 0, 0, '', 28153);
DELETE FROM `creature` WHERE `guid`=282102481;
INSERT INTO `creature` (`guid`, `id`, `map`, `zoneId`, `areaId`, `spawnDifficulties`, `phaseUseFlags`, `PhaseId`, `PhaseGroup`, `terrainSwapMap`, `modelid`, `equipment_id`, `position_x`, `position_y`, `position_z`, `orientation`, `spawntimesecs`, `spawndist`, `currentwaypoint`, `curhealth`, `curmana`, `MovementType`, `npcflag`, `unit_flags`, `unit_flags2`, `unit_flags3`, `dynamicflags`, `ScriptName`, `VerifiedBuild`) VALUES (282102481, 126424, 1882, 9440, 9440, '38', 0, 1, 0, -1, 0, 0, 14989.1, 14769, 3.9247, 2.76636, 7200, 0, 0, 0, 0, 0, 0, 0, 0, 0, 0, '', 28153);
DELETE FROM `creature` WHERE `guid`=282102480;
INSERT INTO `creature` (`guid`, `id`, `map`, `zoneId`, `areaId`, `spawnDifficulties`, `phaseUseFlags`, `PhaseId`, `PhaseGroup`, `terrainSwapMap`, `modelid`, `equipment_id`, `position_x`, `position_y`, `position_z`, `orientation`, `spawntimesecs`, `spawndist`, `currentwaypoint`, `curhealth`, `curmana`, `MovementType`, `npcflag`, `unit_flags`, `unit_flags2`, `unit_flags3`, `dynamicflags`, `ScriptName`, `VerifiedBuild`) VALUES (282102480, 132923, 1882, 9440, 9440, '38', 0, 1, 0, -1, 0, 0, 15013.3, 14814.7, 10.6535, 1.7967, 7200, 0, 0, 0, 0, 0, 0, 0, 0, 0, 0, '', 28153);
DELETE FROM `creature` WHERE `guid`=282102479;
INSERT INTO `creature` (`guid`, `id`, `map`, `zoneId`, `areaId`, `spawnDifficulties`, `phaseUseFlags`, `PhaseId`, `PhaseGroup`, `terrainSwapMap`, `modelid`, `equipment_id`, `position_x`, `position_y`, `position_z`, `orientation`, `spawntimesecs`, `spawndist`, `currentwaypoint`, `curhealth`, `curmana`, `MovementType`, `npcflag`, `unit_flags`, `unit_flags2`, `unit_flags3`, `dynamicflags`, `ScriptName`, `VerifiedBuild`) VALUES (282102479, 136599, 1882, 9440, 9440, '38', 0, 1, 0, -1, 0, 0, 15007.7, 14790.8, 6.97354, 2.1104, 7200, 0, 0, 0, 0, 0, 0, 0, 0, 0, 0, '', 28153);
DELETE FROM `creature` WHERE `guid`=282102478;
INSERT INTO `creature` (`guid`, `id`, `map`, `zoneId`, `areaId`, `spawnDifficulties`, `phaseUseFlags`, `PhaseId`, `PhaseGroup`, `terrainSwapMap`, `modelid`, `equipment_id`, `position_x`, `position_y`, `position_z`, `orientation`, `spawntimesecs`, `spawndist`, `currentwaypoint`, `curhealth`, `curmana`, `MovementType`, `npcflag`, `unit_flags`, `unit_flags2`, `unit_flags3`, `dynamicflags`, `ScriptName`, `VerifiedBuild`) VALUES (282102478, 139208, 1882, 9440, 9440, '38', 0, 1, 0, -1, 0, 0, 15055.7, 14857.4, 10.3822, 2.98831, 7200, 10, 0, 0, 0, 1, 0, 0, 0, 0, 0, '', 28153);
DELETE FROM `creature` WHERE `guid`=282102477;
INSERT INTO `creature` (`guid`, `id`, `map`, `zoneId`, `areaId`, `spawnDifficulties`, `phaseUseFlags`, `PhaseId`, `PhaseGroup`, `terrainSwapMap`, `modelid`, `equipment_id`, `position_x`, `position_y`, `position_z`, `orientation`, `spawntimesecs`, `spawndist`, `currentwaypoint`, `curhealth`, `curmana`, `MovementType`, `npcflag`, `unit_flags`, `unit_flags2`, `unit_flags3`, `dynamicflags`, `ScriptName`, `VerifiedBuild`) VALUES (282102477, 139203, 1882, 9440, 9440, '38', 0, 1, 0, -1, 0, 0, 15019.7, 14806.8, 9.43339, 2.00991, 7200, 0, 0, 0, 0, 0, 0, 0, 0, 0, 0, '', 28153);
DELETE FROM `creature` WHERE `guid`=282102476;
INSERT INTO `creature` (`guid`, `id`, `map`, `zoneId`, `areaId`, `spawnDifficulties`, `phaseUseFlags`, `PhaseId`, `PhaseGroup`, `terrainSwapMap`, `modelid`, `equipment_id`, `position_x`, `position_y`, `position_z`, `orientation`, `spawntimesecs`, `spawndist`, `currentwaypoint`, `curhealth`, `curmana`, `MovementType`, `npcflag`, `unit_flags`, `unit_flags2`, `unit_flags3`, `dynamicflags`, `ScriptName`, `VerifiedBuild`) VALUES (282102476, 139652, 1882, 9440, 9440, '38', 0, 1, 0, -1, 0, 0, 15010.2, 14822.2, 11.6735, 1.03742, 7200, 0, 0, 0, 0, 0, 0, 0, 0, 0, 0, '', 28153);
DELETE FROM `creature` WHERE `guid`=282102475;
INSERT INTO `creature` (`guid`, `id`, `map`, `zoneId`, `areaId`, `spawnDifficulties`, `phaseUseFlags`, `PhaseId`, `PhaseGroup`, `terrainSwapMap`, `modelid`, `equipment_id`, `position_x`, `position_y`, `position_z`, `orientation`, `spawntimesecs`, `spawndist`, `currentwaypoint`, `curhealth`, `curmana`, `MovementType`, `npcflag`, `unit_flags`, `unit_flags2`, `unit_flags3`, `dynamicflags`, `ScriptName`, `VerifiedBuild`) VALUES (282102475, 139652, 1882, 9440, 9440, '38', 0, 1, 0, -1, 0, 0, 15017.5, 14821.6, 12.0272, 6.06327, 7200, 0, 0, 0, 0, 0, 0, 0, 0, 0, 0, '', 28153);
DELETE FROM `creature` WHERE `guid`=282102474;
INSERT INTO `creature` (`guid`, `id`, `map`, `zoneId`, `areaId`, `spawnDifficulties`, `phaseUseFlags`, `PhaseId`, `PhaseGroup`, `terrainSwapMap`, `modelid`, `equipment_id`, `position_x`, `position_y`, `position_z`, `orientation`, `spawntimesecs`, `spawndist`, `currentwaypoint`, `curhealth`, `curmana`, `MovementType`, `npcflag`, `unit_flags`, `unit_flags2`, `unit_flags3`, `dynamicflags`, `ScriptName`, `VerifiedBuild`) VALUES (282102474, 139225, 1882, 9440, 9440, '38', 0, 1, 0, -1, 0, 0, 15039.9, 14834.3, 12.1543, 3.29509, 7200, 0, 0, 0, 0, 0, 0, 0, 0, 0, 0, '', 28153);
DELETE FROM `creature` WHERE `guid`=282102473;
INSERT INTO `creature` (`guid`, `id`, `map`, `zoneId`, `areaId`, `spawnDifficulties`, `phaseUseFlags`, `PhaseId`, `PhaseGroup`, `terrainSwapMap`, `modelid`, `equipment_id`, `position_x`, `position_y`, `position_z`, `orientation`, `spawntimesecs`, `spawndist`, `currentwaypoint`, `curhealth`, `curmana`, `MovementType`, `npcflag`, `unit_flags`, `unit_flags2`, `unit_flags3`, `dynamicflags`, `ScriptName`, `VerifiedBuild`) VALUES (282102473, 136598, 1882, 9440, 9440, '38', 0, 1, 0, -1, 0, 0, 15029.5, 14757.6, 3.34086, 3.31971, 7200, 0, 0, 0, 0, 0, 0, 0, 0, 0, 0, '', 28153);
DELETE FROM `creature` WHERE `guid`=282102472;
INSERT INTO `creature` (`guid`, `id`, `map`, `zoneId`, `areaId`, `spawnDifficulties`, `phaseUseFlags`, `PhaseId`, `PhaseGroup`, `terrainSwapMap`, `modelid`, `equipment_id`, `position_x`, `position_y`, `position_z`, `orientation`, `spawntimesecs`, `spawndist`, `currentwaypoint`, `curhealth`, `curmana`, `MovementType`, `npcflag`, `unit_flags`, `unit_flags2`, `unit_flags3`, `dynamicflags`, `ScriptName`, `VerifiedBuild`) VALUES (282102472, 137951, 1882, 9440, 9440, '38', 0, 1, 0, -1, 0, 0, 15054.8, 14826.5, 10.1768, 6.04078, 7200, 10, 0, 0, 0, 1, 0, 0, 0, 0, 0, '', 28153);
DELETE FROM `creature` WHERE `guid`=282102471;
INSERT INTO `creature` (`guid`, `id`, `map`, `zoneId`, `areaId`, `spawnDifficulties`, `phaseUseFlags`, `PhaseId`, `PhaseGroup`, `terrainSwapMap`, `modelid`, `equipment_id`, `position_x`, `position_y`, `position_z`, `orientation`, `spawntimesecs`, `spawndist`, `currentwaypoint`, `curhealth`, `curmana`, `MovementType`, `npcflag`, `unit_flags`, `unit_flags2`, `unit_flags3`, `dynamicflags`, `ScriptName`, `VerifiedBuild`) VALUES (282102471, 135182, 1882, 9440, 9440, '38', 0, 1, 0, -1, 0, 0, 14940.2, 14889.1, 4.48812, 0.971778, 7200, 0, 0, 0, 0, 0, 0, 0, 0, 0, 0, '', 28153);
DELETE FROM `creature` WHERE `guid`=282102470;
INSERT INTO `creature` (`guid`, `id`, `map`, `zoneId`, `areaId`, `spawnDifficulties`, `phaseUseFlags`, `PhaseId`, `PhaseGroup`, `terrainSwapMap`, `modelid`, `equipment_id`, `position_x`, `position_y`, `position_z`, `orientation`, `spawntimesecs`, `spawndist`, `currentwaypoint`, `curhealth`, `curmana`, `MovementType`, `npcflag`, `unit_flags`, `unit_flags2`, `unit_flags3`, `dynamicflags`, `ScriptName`, `VerifiedBuild`) VALUES (282102470, 136598, 1882, 9440, 9440, '38', 0, 1, 0, -1, 0, 0, 15056.6, 14772.2, 2.0345, 3.26836, 7200, 10, 0, 0, 0, 1, 0, 0, 0, 0, 0, '', 28153);
DELETE FROM `creature` WHERE `guid`=282102469;
INSERT INTO `creature` (`guid`, `id`, `map`, `zoneId`, `areaId`, `spawnDifficulties`, `phaseUseFlags`, `PhaseId`, `PhaseGroup`, `terrainSwapMap`, `modelid`, `equipment_id`, `position_x`, `position_y`, `position_z`, `orientation`, `spawntimesecs`, `spawndist`, `currentwaypoint`, `curhealth`, `curmana`, `MovementType`, `npcflag`, `unit_flags`, `unit_flags2`, `unit_flags3`, `dynamicflags`, `ScriptName`, `VerifiedBuild`) VALUES (282102469, 126422, 1882, 9440, 9440, '38', 0, 1, 0, -1, 0, 0, 15050.8, 14763.9, 1.93228, 0.743043, 7200, 10, 0, 0, 0, 1, 0, 0, 0, 0, 0, '', 28153);
DELETE FROM `creature` WHERE `guid`=282102468;
INSERT INTO `creature` (`guid`, `id`, `map`, `zoneId`, `areaId`, `spawnDifficulties`, `phaseUseFlags`, `PhaseId`, `PhaseGroup`, `terrainSwapMap`, `modelid`, `equipment_id`, `position_x`, `position_y`, `position_z`, `orientation`, `spawntimesecs`, `spawndist`, `currentwaypoint`, `curhealth`, `curmana`, `MovementType`, `npcflag`, `unit_flags`, `unit_flags2`, `unit_flags3`, `dynamicflags`, `ScriptName`, `VerifiedBuild`) VALUES (282102468, 135182, 1882, 9440, 9440, '38', 0, 1, 0, -1, 0, 0, 14956.6, 14904, 8.11003, 3.45957, 7200, 0, 0, 0, 0, 0, 0, 0, 0, 0, 0, '', 28153);
DELETE FROM `creature` WHERE `guid`=282102467;
INSERT INTO `creature` (`guid`, `id`, `map`, `zoneId`, `areaId`, `spawnDifficulties`, `phaseUseFlags`, `PhaseId`, `PhaseGroup`, `terrainSwapMap`, `modelid`, `equipment_id`, `position_x`, `position_y`, `position_z`, `orientation`, `spawntimesecs`, `spawndist`, `currentwaypoint`, `curhealth`, `curmana`, `MovementType`, `npcflag`, `unit_flags`, `unit_flags2`, `unit_flags3`, `dynamicflags`, `ScriptName`, `VerifiedBuild`) VALUES (282102467, 135182, 1882, 9440, 9440, '38', 0, 1, 0, -1, 0, 0, 15205.6, 14798.8, 19.7761, 1.11407, 7200, 0, 0, 0, 0, 0, 0, 0, 0, 0, 0, '', 28153);
DELETE FROM `creature` WHERE `guid`=282102466;
INSERT INTO `creature` (`guid`, `id`, `map`, `zoneId`, `areaId`, `spawnDifficulties`, `phaseUseFlags`, `PhaseId`, `PhaseGroup`, `terrainSwapMap`, `modelid`, `equipment_id`, `position_x`, `position_y`, `position_z`, `orientation`, `spawntimesecs`, `spawndist`, `currentwaypoint`, `curhealth`, `curmana`, `MovementType`, `npcflag`, `unit_flags`, `unit_flags2`, `unit_flags3`, `dynamicflags`, `ScriptName`, `VerifiedBuild`) VALUES (282102466, 135182, 1882, 9440, 9440, '38', 0, 1, 0, -1, 0, 0, 14954.2, 14927.5, 2.38326, 2.55184, 7200, 0, 0, 0, 0, 0, 0, 0, 0, 0, 0, '', 28153);
DELETE FROM `creature` WHERE `guid`=282102465;
INSERT INTO `creature` (`guid`, `id`, `map`, `zoneId`, `areaId`, `spawnDifficulties`, `phaseUseFlags`, `PhaseId`, `PhaseGroup`, `terrainSwapMap`, `modelid`, `equipment_id`, `position_x`, `position_y`, `position_z`, `orientation`, `spawntimesecs`, `spawndist`, `currentwaypoint`, `curhealth`, `curmana`, `MovementType`, `npcflag`, `unit_flags`, `unit_flags2`, `unit_flags3`, `dynamicflags`, `ScriptName`, `VerifiedBuild`) VALUES (282102465, 137590, 1882, 9440, 9440, '38', 0, 1, 0, -1, 0, 0, 15207.6, 14804.5, 22.4274, 3.42222, 7200, 0, 0, 0, 0, 0, 0, 0, 0, 0, 0, '', 28153);
DELETE FROM `creature` WHERE `guid`=282102464;
INSERT INTO `creature` (`guid`, `id`, `map`, `zoneId`, `areaId`, `spawnDifficulties`, `phaseUseFlags`, `PhaseId`, `PhaseGroup`, `terrainSwapMap`, `modelid`, `equipment_id`, `position_x`, `position_y`, `position_z`, `orientation`, `spawntimesecs`, `spawndist`, `currentwaypoint`, `curhealth`, `curmana`, `MovementType`, `npcflag`, `unit_flags`, `unit_flags2`, `unit_flags3`, `dynamicflags`, `ScriptName`, `VerifiedBuild`) VALUES (282102464, 132912, 1882, 9440, 9440, '38', 0, 1, 0, -1, 0, 0, 15198.5, 14802.1, 18.495, 3.14159, 7200, 0, 0, 0, 0, 0, 0, 0, 0, 0, 0, '', 28153);
DELETE FROM `creature` WHERE `guid`=282102463;
INSERT INTO `creature` (`guid`, `id`, `map`, `zoneId`, `areaId`, `spawnDifficulties`, `phaseUseFlags`, `PhaseId`, `PhaseGroup`, `terrainSwapMap`, `modelid`, `equipment_id`, `position_x`, `position_y`, `position_z`, `orientation`, `spawntimesecs`, `spawndist`, `currentwaypoint`, `curhealth`, `curmana`, `MovementType`, `npcflag`, `unit_flags`, `unit_flags2`, `unit_flags3`, `dynamicflags`, `ScriptName`, `VerifiedBuild`) VALUES (282102463, 137590, 1882, 9440, 9440, '38', 0, 1, 0, -1, 0, 0, 15188, 14799.3, 16.7681, 0.250063, 7200, 0, 0, 0, 0, 0, 0, 0, 0, 0, 0, '', 28153);
DELETE FROM `creature` WHERE `guid`=282102462;
INSERT INTO `creature` (`guid`, `id`, `map`, `zoneId`, `areaId`, `spawnDifficulties`, `phaseUseFlags`, `PhaseId`, `PhaseGroup`, `terrainSwapMap`, `modelid`, `equipment_id`, `position_x`, `position_y`, `position_z`, `orientation`, `spawntimesecs`, `spawndist`, `currentwaypoint`, `curhealth`, `curmana`, `MovementType`, `npcflag`, `unit_flags`, `unit_flags2`, `unit_flags3`, `dynamicflags`, `ScriptName`, `VerifiedBuild`) VALUES (282102462, 137590, 1882, 9440, 9440, '38', 0, 1, 0, -1, 0, 0, 15204.5, 14792, 18.9275, 2.01146, 7200, 0, 0, 0, 0, 0, 0, 0, 0, 0, 0, '', 28153);
DELETE FROM `creature` WHERE `guid`=282102461;
INSERT INTO `creature` (`guid`, `id`, `map`, `zoneId`, `areaId`, `spawnDifficulties`, `phaseUseFlags`, `PhaseId`, `PhaseGroup`, `terrainSwapMap`, `modelid`, `equipment_id`, `position_x`, `position_y`, `position_z`, `orientation`, `spawntimesecs`, `spawndist`, `currentwaypoint`, `curhealth`, `curmana`, `MovementType`, `npcflag`, `unit_flags`, `unit_flags2`, `unit_flags3`, `dynamicflags`, `ScriptName`, `VerifiedBuild`) VALUES (282102461, 136599, 1882, 9440, 9440, '38', 0, 1, 0, -1, 0, 0, 15163.3, 15011.9, 48.4192, 5.57795, 7200, 0, 0, 0, 0, 0, 0, 0, 0, 0, 0, '', 28153);
DELETE FROM `creature` WHERE `guid`=282102460;
INSERT INTO `creature` (`guid`, `id`, `map`, `zoneId`, `areaId`, `spawnDifficulties`, `phaseUseFlags`, `PhaseId`, `PhaseGroup`, `terrainSwapMap`, `modelid`, `equipment_id`, `position_x`, `position_y`, `position_z`, `orientation`, `spawntimesecs`, `spawndist`, `currentwaypoint`, `curhealth`, `curmana`, `MovementType`, `npcflag`, `unit_flags`, `unit_flags2`, `unit_flags3`, `dynamicflags`, `ScriptName`, `VerifiedBuild`) VALUES (282102460, 140095, 1882, 9440, 9440, '38', 0, 1, 0, -1, 0, 0, 15201.1, 15049.6, 38.1288, 2.7386, 7200, 0, 0, 0, 0, 0, 0, 0, 0, 0, 0, '', 28153);
DELETE FROM `creature` WHERE `guid`=282102459;
INSERT INTO `creature` (`guid`, `id`, `map`, `zoneId`, `areaId`, `spawnDifficulties`, `phaseUseFlags`, `PhaseId`, `PhaseGroup`, `terrainSwapMap`, `modelid`, `equipment_id`, `position_x`, `position_y`, `position_z`, `orientation`, `spawntimesecs`, `spawndist`, `currentwaypoint`, `curhealth`, `curmana`, `MovementType`, `npcflag`, `unit_flags`, `unit_flags2`, `unit_flags3`, `dynamicflags`, `ScriptName`, `VerifiedBuild`) VALUES (282102459, 135182, 1882, 9440, 9440, '38', 0, 1, 0, -1, 0, 0, 14923.3, 14908.1, 4.77156, 3.148, 7200, 0, 0, 0, 0, 0, 0, 0, 0, 0, 0, '', 28153);
DELETE FROM `creature` WHERE `guid`=282102458;
INSERT INTO `creature` (`guid`, `id`, `map`, `zoneId`, `areaId`, `spawnDifficulties`, `phaseUseFlags`, `PhaseId`, `PhaseGroup`, `terrainSwapMap`, `modelid`, `equipment_id`, `position_x`, `position_y`, `position_z`, `orientation`, `spawntimesecs`, `spawndist`, `currentwaypoint`, `curhealth`, `curmana`, `MovementType`, `npcflag`, `unit_flags`, `unit_flags2`, `unit_flags3`, `dynamicflags`, `ScriptName`, `VerifiedBuild`) VALUES (282102458, 135182, 1882, 9440, 9440, '38', 0, 1, 0, -1, 0, 0, 14866.4, 14912.9, 4.19325, 0.399731, 7200, 0, 0, 0, 0, 0, 0, 0, 0, 0, 0, '', 28153);
DELETE FROM `creature` WHERE `guid`=282102457;
INSERT INTO `creature` (`guid`, `id`, `map`, `zoneId`, `areaId`, `spawnDifficulties`, `phaseUseFlags`, `PhaseId`, `PhaseGroup`, `terrainSwapMap`, `modelid`, `equipment_id`, `position_x`, `position_y`, `position_z`, `orientation`, `spawntimesecs`, `spawndist`, `currentwaypoint`, `curhealth`, `curmana`, `MovementType`, `npcflag`, `unit_flags`, `unit_flags2`, `unit_flags3`, `dynamicflags`, `ScriptName`, `VerifiedBuild`) VALUES (282102457, 140095, 1882, 9440, 9440, '38', 0, 1, 0, -1, 0, 0, 15212.1, 15023.4, 40.2281, 0.797519, 7200, 0, 0, 0, 0, 0, 0, 0, 0, 0, 0, '', 28153);
DELETE FROM `creature` WHERE `guid`=282102456;
INSERT INTO `creature` (`guid`, `id`, `map`, `zoneId`, `areaId`, `spawnDifficulties`, `phaseUseFlags`, `PhaseId`, `PhaseGroup`, `terrainSwapMap`, `modelid`, `equipment_id`, `position_x`, `position_y`, `position_z`, `orientation`, `spawntimesecs`, `spawndist`, `currentwaypoint`, `curhealth`, `curmana`, `MovementType`, `npcflag`, `unit_flags`, `unit_flags2`, `unit_flags3`, `dynamicflags`, `ScriptName`, `VerifiedBuild`) VALUES (282102456, 132868, 1882, 9440, 9440, '38', 0, 1, 0, -1, 0, 0, 15242.2, 14950.5, 39.867, 4.83362, 7200, 0, 0, 0, 0, 0, 0, 0, 0, 0, 0, '', 28153);
DELETE FROM `creature` WHERE `guid`=282102455;
INSERT INTO `creature` (`guid`, `id`, `map`, `zoneId`, `areaId`, `spawnDifficulties`, `phaseUseFlags`, `PhaseId`, `PhaseGroup`, `terrainSwapMap`, `modelid`, `equipment_id`, `position_x`, `position_y`, `position_z`, `orientation`, `spawntimesecs`, `spawndist`, `currentwaypoint`, `curhealth`, `curmana`, `MovementType`, `npcflag`, `unit_flags`, `unit_flags2`, `unit_flags3`, `dynamicflags`, `ScriptName`, `VerifiedBuild`) VALUES (282102455, 132868, 1882, 9440, 9440, '38', 0, 1, 0, -1, 0, 0, 15247.4, 14943.2, 39.867, 0.175153, 7200, 0, 0, 0, 0, 0, 0, 0, 0, 0, 0, '', 28153);
DELETE FROM `creature` WHERE `guid`=282102454;
INSERT INTO `creature` (`guid`, `id`, `map`, `zoneId`, `areaId`, `spawnDifficulties`, `phaseUseFlags`, `PhaseId`, `PhaseGroup`, `terrainSwapMap`, `modelid`, `equipment_id`, `position_x`, `position_y`, `position_z`, `orientation`, `spawntimesecs`, `spawndist`, `currentwaypoint`, `curhealth`, `curmana`, `MovementType`, `npcflag`, `unit_flags`, `unit_flags2`, `unit_flags3`, `dynamicflags`, `ScriptName`, `VerifiedBuild`) VALUES (282102454, 131311, 1882, 9440, 9440, '38', 0, 1, 0, -1, 0, 0, 15243.2, 14946.3, 39.992, 5.90893, 7200, 0, 0, 0, 0, 0, 0, 0, 0, 0, 0, '', 28153);
DELETE FROM `creature` WHERE `guid`=282102453;
INSERT INTO `creature` (`guid`, `id`, `map`, `zoneId`, `areaId`, `spawnDifficulties`, `phaseUseFlags`, `PhaseId`, `PhaseGroup`, `terrainSwapMap`, `modelid`, `equipment_id`, `position_x`, `position_y`, `position_z`, `orientation`, `spawntimesecs`, `spawndist`, `currentwaypoint`, `curhealth`, `curmana`, `MovementType`, `npcflag`, `unit_flags`, `unit_flags2`, `unit_flags3`, `dynamicflags`, `ScriptName`, `VerifiedBuild`) VALUES (282102453, 131311, 1882, 9440, 9440, '38', 0, 1, 0, -1, 0, 0, 15278.7, 14921.3, 40.7172, 0.295655, 7200, 0, 0, 0, 0, 0, 0, 0, 0, 0, 0, '', 28153);
DELETE FROM `creature` WHERE `guid`=282102452;
INSERT INTO `creature` (`guid`, `id`, `map`, `zoneId`, `areaId`, `spawnDifficulties`, `phaseUseFlags`, `PhaseId`, `PhaseGroup`, `terrainSwapMap`, `modelid`, `equipment_id`, `position_x`, `position_y`, `position_z`, `orientation`, `spawntimesecs`, `spawndist`, `currentwaypoint`, `curhealth`, `curmana`, `MovementType`, `npcflag`, `unit_flags`, `unit_flags2`, `unit_flags3`, `dynamicflags`, `ScriptName`, `VerifiedBuild`) VALUES (282102452, 131311, 1882, 9440, 9440, '38', 0, 1, 0, -1, 0, 0, 15268.2, 14922.4, 39.8422, 0.0192967, 7200, 0, 0, 0, 0, 0, 0, 0, 0, 0, 0, '', 28153);
DELETE FROM `creature` WHERE `guid`=282102451;
INSERT INTO `creature` (`guid`, `id`, `map`, `zoneId`, `areaId`, `spawnDifficulties`, `phaseUseFlags`, `PhaseId`, `PhaseGroup`, `terrainSwapMap`, `modelid`, `equipment_id`, `position_x`, `position_y`, `position_z`, `orientation`, `spawntimesecs`, `spawndist`, `currentwaypoint`, `curhealth`, `curmana`, `MovementType`, `npcflag`, `unit_flags`, `unit_flags2`, `unit_flags3`, `dynamicflags`, `ScriptName`, `VerifiedBuild`) VALUES (282102451, 144018, 1882, 9440, 9440, '38', 0, 1, 0, -1, 0, 0, 15276.6, 14916.2, 40.5922, 2.65215, 7200, 0, 0, 0, 0, 0, 0, 0, 0, 0, 0, '', 28153);
DELETE FROM `creature` WHERE `guid`=282102450;
INSERT INTO `creature` (`guid`, `id`, `map`, `zoneId`, `areaId`, `spawnDifficulties`, `phaseUseFlags`, `PhaseId`, `PhaseGroup`, `terrainSwapMap`, `modelid`, `equipment_id`, `position_x`, `position_y`, `position_z`, `orientation`, `spawntimesecs`, `spawndist`, `currentwaypoint`, `curhealth`, `curmana`, `MovementType`, `npcflag`, `unit_flags`, `unit_flags2`, `unit_flags3`, `dynamicflags`, `ScriptName`, `VerifiedBuild`) VALUES (282102450, 144018, 1882, 9440, 9440, '38', 0, 1, 0, -1, 0, 0, 15272.4, 14914.1, 40.3422, 5.06088, 7200, 0, 0, 0, 0, 0, 0, 0, 0, 0, 0, '', 28153);
DELETE FROM `creature` WHERE `guid`=282102449;
INSERT INTO `creature` (`guid`, `id`, `map`, `zoneId`, `areaId`, `spawnDifficulties`, `phaseUseFlags`, `PhaseId`, `PhaseGroup`, `terrainSwapMap`, `modelid`, `equipment_id`, `position_x`, `position_y`, `position_z`, `orientation`, `spawntimesecs`, `spawndist`, `currentwaypoint`, `curhealth`, `curmana`, `MovementType`, `npcflag`, `unit_flags`, `unit_flags2`, `unit_flags3`, `dynamicflags`, `ScriptName`, `VerifiedBuild`) VALUES (282102449, 144018, 1882, 9440, 9440, '38', 0, 1, 0, -1, 0, 0, 15273.4, 14926.6, 41.0922, 3.10065, 7200, 0, 0, 0, 0, 0, 0, 0, 0, 0, 0, '', 28153);
DELETE FROM `creature` WHERE `guid`=282102448;
INSERT INTO `creature` (`guid`, `id`, `map`, `zoneId`, `areaId`, `spawnDifficulties`, `phaseUseFlags`, `PhaseId`, `PhaseGroup`, `terrainSwapMap`, `modelid`, `equipment_id`, `position_x`, `position_y`, `position_z`, `orientation`, `spawntimesecs`, `spawndist`, `currentwaypoint`, `curhealth`, `curmana`, `MovementType`, `npcflag`, `unit_flags`, `unit_flags2`, `unit_flags3`, `dynamicflags`, `ScriptName`, `VerifiedBuild`) VALUES (282102448, 144018, 1882, 9440, 9440, '38', 0, 1, 0, -1, 0, 0, 15265.1, 14918.2, 39.3815, 4.98733, 7200, 0, 0, 0, 0, 0, 0, 0, 0, 0, 0, '', 28153);
DELETE FROM `creature` WHERE `guid`=282102447;
INSERT INTO `creature` (`guid`, `id`, `map`, `zoneId`, `areaId`, `spawnDifficulties`, `phaseUseFlags`, `PhaseId`, `PhaseGroup`, `terrainSwapMap`, `modelid`, `equipment_id`, `position_x`, `position_y`, `position_z`, `orientation`, `spawntimesecs`, `spawndist`, `currentwaypoint`, `curhealth`, `curmana`, `MovementType`, `npcflag`, `unit_flags`, `unit_flags2`, `unit_flags3`, `dynamicflags`, `ScriptName`, `VerifiedBuild`) VALUES (282102447, 144018, 1882, 9440, 9440, '38', 0, 1, 0, -1, 0, 0, 15267.2, 14925.5, 40.3422, 3.27314, 7200, 0, 0, 0, 0, 0, 0, 0, 0, 0, 0, '', 28153);
DELETE FROM `creature` WHERE `guid`=282102446;
INSERT INTO `creature` (`guid`, `id`, `map`, `zoneId`, `areaId`, `spawnDifficulties`, `phaseUseFlags`, `PhaseId`, `PhaseGroup`, `terrainSwapMap`, `modelid`, `equipment_id`, `position_x`, `position_y`, `position_z`, `orientation`, `spawntimesecs`, `spawndist`, `currentwaypoint`, `curhealth`, `curmana`, `MovementType`, `npcflag`, `unit_flags`, `unit_flags2`, `unit_flags3`, `dynamicflags`, `ScriptName`, `VerifiedBuild`) VALUES (282102446, 144018, 1882, 9440, 9440, '38', 0, 1, 0, -1, 0, 0, 15250.5, 14944.3, 39.867, 5.13127, 7200, 0, 0, 0, 0, 0, 0, 0, 0, 0, 0, '', 28153);
DELETE FROM `creature` WHERE `guid`=282102445;
INSERT INTO `creature` (`guid`, `id`, `map`, `zoneId`, `areaId`, `spawnDifficulties`, `phaseUseFlags`, `PhaseId`, `PhaseGroup`, `terrainSwapMap`, `modelid`, `equipment_id`, `position_x`, `position_y`, `position_z`, `orientation`, `spawntimesecs`, `spawndist`, `currentwaypoint`, `curhealth`, `curmana`, `MovementType`, `npcflag`, `unit_flags`, `unit_flags2`, `unit_flags3`, `dynamicflags`, `ScriptName`, `VerifiedBuild`) VALUES (282102445, 144018, 1882, 9440, 9440, '38', 0, 1, 0, -1, 0, 0, 15246.3, 14953.7, 39.992, 2.88116, 7200, 0, 0, 0, 0, 0, 0, 0, 0, 0, 0, '', 28153);
DELETE FROM `creature` WHERE `guid`=282102444;
INSERT INTO `creature` (`guid`, `id`, `map`, `zoneId`, `areaId`, `spawnDifficulties`, `phaseUseFlags`, `PhaseId`, `PhaseGroup`, `terrainSwapMap`, `modelid`, `equipment_id`, `position_x`, `position_y`, `position_z`, `orientation`, `spawntimesecs`, `spawndist`, `currentwaypoint`, `curhealth`, `curmana`, `MovementType`, `npcflag`, `unit_flags`, `unit_flags2`, `unit_flags3`, `dynamicflags`, `ScriptName`, `VerifiedBuild`) VALUES (282102444, 144018, 1882, 9440, 9440, '38', 0, 1, 0, -1, 0, 0, 15250.5, 14941.2, 39.742, 5.99069, 7200, 0, 0, 0, 0, 0, 0, 0, 0, 0, 0, '', 28153);
DELETE FROM `creature` WHERE `guid`=282102443;
INSERT INTO `creature` (`guid`, `id`, `map`, `zoneId`, `areaId`, `spawnDifficulties`, `phaseUseFlags`, `PhaseId`, `PhaseGroup`, `terrainSwapMap`, `modelid`, `equipment_id`, `position_x`, `position_y`, `position_z`, `orientation`, `spawntimesecs`, `spawndist`, `currentwaypoint`, `curhealth`, `curmana`, `MovementType`, `npcflag`, `unit_flags`, `unit_flags2`, `unit_flags3`, `dynamicflags`, `ScriptName`, `VerifiedBuild`) VALUES (282102443, 144018, 1882, 9440, 9440, '38', 0, 1, 0, -1, 0, 0, 15249.5, 14953.7, 39.867, 2.95704, 7200, 0, 0, 0, 0, 0, 0, 0, 0, 0, 0, '', 28153);
DELETE FROM `creature` WHERE `guid`=282102442;
INSERT INTO `creature` (`guid`, `id`, `map`, `zoneId`, `areaId`, `spawnDifficulties`, `phaseUseFlags`, `PhaseId`, `PhaseGroup`, `terrainSwapMap`, `modelid`, `equipment_id`, `position_x`, `position_y`, `position_z`, `orientation`, `spawntimesecs`, `spawndist`, `currentwaypoint`, `curhealth`, `curmana`, `MovementType`, `npcflag`, `unit_flags`, `unit_flags2`, `unit_flags3`, `dynamicflags`, `ScriptName`, `VerifiedBuild`) VALUES (282102442, 144018, 1882, 9440, 9440, '38', 0, 1, 0, -1, 0, 0, 15188, 14799.3, 16.7681, 1.07048, 7200, 0, 0, 0, 0, 0, 0, 0, 0, 0, 0, '', 28153);
DELETE FROM `creature` WHERE `guid`=282102441;
INSERT INTO `creature` (`guid`, `id`, `map`, `zoneId`, `areaId`, `spawnDifficulties`, `phaseUseFlags`, `PhaseId`, `PhaseGroup`, `terrainSwapMap`, `modelid`, `equipment_id`, `position_x`, `position_y`, `position_z`, `orientation`, `spawntimesecs`, `spawndist`, `currentwaypoint`, `curhealth`, `curmana`, `MovementType`, `npcflag`, `unit_flags`, `unit_flags2`, `unit_flags3`, `dynamicflags`, `ScriptName`, `VerifiedBuild`) VALUES (282102441, 144018, 1882, 9440, 9440, '38', 0, 1, 0, -1, 0, 0, 15204.5, 14792, 18.9275, 0.577673, 7200, 0, 0, 0, 0, 0, 0, 0, 0, 0, 0, '', 28153);
DELETE FROM `creature` WHERE `guid`=282102440;
INSERT INTO `creature` (`guid`, `id`, `map`, `zoneId`, `areaId`, `spawnDifficulties`, `phaseUseFlags`, `PhaseId`, `PhaseGroup`, `terrainSwapMap`, `modelid`, `equipment_id`, `position_x`, `position_y`, `position_z`, `orientation`, `spawntimesecs`, `spawndist`, `currentwaypoint`, `curhealth`, `curmana`, `MovementType`, `npcflag`, `unit_flags`, `unit_flags2`, `unit_flags3`, `dynamicflags`, `ScriptName`, `VerifiedBuild`) VALUES (282102440, 144018, 1882, 9440, 9440, '38', 0, 1, 0, -1, 0, 0, 15207.6, 14804.5, 22.4274, 4.6076, 7200, 0, 0, 0, 0, 0, 0, 0, 0, 0, 0, '', 28153);
DELETE FROM `creature` WHERE `guid`=282102439;
INSERT INTO `creature` (`guid`, `id`, `map`, `zoneId`, `areaId`, `spawnDifficulties`, `phaseUseFlags`, `PhaseId`, `PhaseGroup`, `terrainSwapMap`, `modelid`, `equipment_id`, `position_x`, `position_y`, `position_z`, `orientation`, `spawntimesecs`, `spawndist`, `currentwaypoint`, `curhealth`, `curmana`, `MovementType`, `npcflag`, `unit_flags`, `unit_flags2`, `unit_flags3`, `dynamicflags`, `ScriptName`, `VerifiedBuild`) VALUES (282102439, 137579, 1882, 9440, 9440, '38', 0, 1, 0, -1, 0, 0, 15198.4, 14802.6, 18.6424, 4.44993, 7200, 0, 0, 0, 0, 0, 0, 0, 0, 0, 0, '', 28153);
DELETE FROM `creature` WHERE `guid`=282102438;
INSERT INTO `creature` (`guid`, `id`, `map`, `zoneId`, `areaId`, `spawnDifficulties`, `phaseUseFlags`, `PhaseId`, `PhaseGroup`, `terrainSwapMap`, `modelid`, `equipment_id`, `position_x`, `position_y`, `position_z`, `orientation`, `spawntimesecs`, `spawndist`, `currentwaypoint`, `curhealth`, `curmana`, `MovementType`, `npcflag`, `unit_flags`, `unit_flags2`, `unit_flags3`, `dynamicflags`, `ScriptName`, `VerifiedBuild`) VALUES (282102438, 140094, 1882, 9440, 9440, '38', 0, 1, 0, -1, 0, 0, 15219.2, 15015.8, 40.785, 2.08735, 7200, 0, 0, 0, 0, 0, 0, 0, 0, 0, 0, '', 28153);
DELETE FROM `creature` WHERE `guid`=282102437;
INSERT INTO `creature` (`guid`, `id`, `map`, `zoneId`, `areaId`, `spawnDifficulties`, `phaseUseFlags`, `PhaseId`, `PhaseGroup`, `terrainSwapMap`, `modelid`, `equipment_id`, `position_x`, `position_y`, `position_z`, `orientation`, `spawntimesecs`, `spawndist`, `currentwaypoint`, `curhealth`, `curmana`, `MovementType`, `npcflag`, `unit_flags`, `unit_flags2`, `unit_flags3`, `dynamicflags`, `ScriptName`, `VerifiedBuild`) VALUES (282102437, 135182, 1882, 9440, 9440, '38', 0, 1, 0, -1, 0, 0, 14815.7, 14906, 17.8064, 5.29611, 7200, 0, 0, 0, 0, 0, 0, 0, 0, 0, 0, '', 28153);
DELETE FROM `creature` WHERE `guid`=282102436;
INSERT INTO `creature` (`guid`, `id`, `map`, `zoneId`, `areaId`, `spawnDifficulties`, `phaseUseFlags`, `PhaseId`, `PhaseGroup`, `terrainSwapMap`, `modelid`, `equipment_id`, `position_x`, `position_y`, `position_z`, `orientation`, `spawntimesecs`, `spawndist`, `currentwaypoint`, `curhealth`, `curmana`, `MovementType`, `npcflag`, `unit_flags`, `unit_flags2`, `unit_flags3`, `dynamicflags`, `ScriptName`, `VerifiedBuild`) VALUES (282102436, 143826, 1882, 9440, 9440, '38', 0, 1, 0, -1, 0, 0, 15332, 15000.5, 46.2278, 3.43312, 7200, 0, 0, 0, 0, 0, 0, 0, 0, 0, 0, '', 28153);
DELETE FROM `creature` WHERE `guid`=282102434;
INSERT INTO `creature` (`guid`, `id`, `map`, `zoneId`, `areaId`, `spawnDifficulties`, `phaseUseFlags`, `PhaseId`, `PhaseGroup`, `terrainSwapMap`, `modelid`, `equipment_id`, `position_x`, `position_y`, `position_z`, `orientation`, `spawntimesecs`, `spawndist`, `currentwaypoint`, `curhealth`, `curmana`, `MovementType`, `npcflag`, `unit_flags`, `unit_flags2`, `unit_flags3`, `dynamicflags`, `ScriptName`, `VerifiedBuild`) VALUES (282102434, 137958, 1882, 9440, 9440, '38', 0, 1, 0, -1, 0, 0, 15318.8, 15015.6, 44.169, 2.30865, 7200, 10, 0, 0, 0, 1, 0, 0, 0, 0, 0, '', 28153);
DELETE FROM `creature` WHERE `guid`=282102433;
INSERT INTO `creature` (`guid`, `id`, `map`, `zoneId`, `areaId`, `spawnDifficulties`, `phaseUseFlags`, `PhaseId`, `PhaseGroup`, `terrainSwapMap`, `modelid`, `equipment_id`, `position_x`, `position_y`, `position_z`, `orientation`, `spawntimesecs`, `spawndist`, `currentwaypoint`, `curhealth`, `curmana`, `MovementType`, `npcflag`, `unit_flags`, `unit_flags2`, `unit_flags3`, `dynamicflags`, `ScriptName`, `VerifiedBuild`) VALUES (282102433, 136599, 1882, 9440, 9440, '38', 0, 1, 0, -1, 0, 0, 15289.7, 15014.3, 39.8892, 2.38382, 7200, 0, 0, 0, 0, 0, 0, 0, 0, 0, 0, '', 28153);
DELETE FROM `creature` WHERE `guid`=282102432;
INSERT INTO `creature` (`guid`, `id`, `map`, `zoneId`, `areaId`, `spawnDifficulties`, `phaseUseFlags`, `PhaseId`, `PhaseGroup`, `terrainSwapMap`, `modelid`, `equipment_id`, `position_x`, `position_y`, `position_z`, `orientation`, `spawntimesecs`, `spawndist`, `currentwaypoint`, `curhealth`, `curmana`, `MovementType`, `npcflag`, `unit_flags`, `unit_flags2`, `unit_flags3`, `dynamicflags`, `ScriptName`, `VerifiedBuild`) VALUES (282102432, 135182, 1882, 9440, 9440, '38', 0, 1, 0, -1, 0, 0, 15284.6, 14955.5, 43.2079, 3.75855, 7200, 0, 0, 0, 0, 0, 0, 0, 0, 0, 0, '', 28153);
DELETE FROM `creature` WHERE `guid`=282102431;
INSERT INTO `creature` (`guid`, `id`, `map`, `zoneId`, `areaId`, `spawnDifficulties`, `phaseUseFlags`, `PhaseId`, `PhaseGroup`, `terrainSwapMap`, `modelid`, `equipment_id`, `position_x`, `position_y`, `position_z`, `orientation`, `spawntimesecs`, `spawndist`, `currentwaypoint`, `curhealth`, `curmana`, `MovementType`, `npcflag`, `unit_flags`, `unit_flags2`, `unit_flags3`, `dynamicflags`, `ScriptName`, `VerifiedBuild`) VALUES (282102431, 135963, 1882, 9440, 9440, '38', 0, 1, 0, -1, 0, 0, 15309.4, 15004.7, 41.489, 2.59774, 7200, 0, 0, 0, 0, 0, 0, 0, 0, 0, 0, '', 28153);
DELETE FROM `creature` WHERE `guid`=282102430;
INSERT INTO `creature` (`guid`, `id`, `map`, `zoneId`, `areaId`, `spawnDifficulties`, `phaseUseFlags`, `PhaseId`, `PhaseGroup`, `terrainSwapMap`, `modelid`, `equipment_id`, `position_x`, `position_y`, `position_z`, `orientation`, `spawntimesecs`, `spawndist`, `currentwaypoint`, `curhealth`, `curmana`, `MovementType`, `npcflag`, `unit_flags`, `unit_flags2`, `unit_flags3`, `dynamicflags`, `ScriptName`, `VerifiedBuild`) VALUES (282102430, 135962, 1882, 9440, 9440, '38', 0, 1, 0, -1, 0, 0, 15353.6, 14949.3, 45.5546, 1.12342, 7200, 10, 0, 0, 0, 1, 0, 0, 0, 0, 0, '', 28153);
DELETE FROM `creature` WHERE `guid`=282102429;
INSERT INTO `creature` (`guid`, `id`, `map`, `zoneId`, `areaId`, `spawnDifficulties`, `phaseUseFlags`, `PhaseId`, `PhaseGroup`, `terrainSwapMap`, `modelid`, `equipment_id`, `position_x`, `position_y`, `position_z`, `orientation`, `spawntimesecs`, `spawndist`, `currentwaypoint`, `curhealth`, `curmana`, `MovementType`, `npcflag`, `unit_flags`, `unit_flags2`, `unit_flags3`, `dynamicflags`, `ScriptName`, `VerifiedBuild`) VALUES (282102429, 136599, 1882, 9440, 9440, '38', 0, 1, 0, -1, 0, 0, 15308.3, 15001.5, 41.2428, 0.373529, 7200, 0, 0, 0, 0, 0, 0, 0, 0, 0, 0, '', 28153);
DELETE FROM `creature` WHERE `guid`=282102428;
INSERT INTO `creature` (`guid`, `id`, `map`, `zoneId`, `areaId`, `spawnDifficulties`, `phaseUseFlags`, `PhaseId`, `PhaseGroup`, `terrainSwapMap`, `modelid`, `equipment_id`, `position_x`, `position_y`, `position_z`, `orientation`, `spawntimesecs`, `spawndist`, `currentwaypoint`, `curhealth`, `curmana`, `MovementType`, `npcflag`, `unit_flags`, `unit_flags2`, `unit_flags3`, `dynamicflags`, `ScriptName`, `VerifiedBuild`) VALUES (282102428, 137955, 1882, 9440, 9440, '38', 0, 1, 0, -1, 0, 0, 15314.4, 14994.5, 41.8432, 1.34328, 7200, 10, 0, 0, 0, 1, 0, 0, 0, 0, 0, '', 28153);
DELETE FROM `creature` WHERE `guid`=282102427;
INSERT INTO `creature` (`guid`, `id`, `map`, `zoneId`, `areaId`, `spawnDifficulties`, `phaseUseFlags`, `PhaseId`, `PhaseGroup`, `terrainSwapMap`, `modelid`, `equipment_id`, `position_x`, `position_y`, `position_z`, `orientation`, `spawntimesecs`, `spawndist`, `currentwaypoint`, `curhealth`, `curmana`, `MovementType`, `npcflag`, `unit_flags`, `unit_flags2`, `unit_flags3`, `dynamicflags`, `ScriptName`, `VerifiedBuild`) VALUES (282102427, 137951, 1882, 9440, 9440, '38', 0, 1, 0, -1, 0, 0, 15341.7, 14958.3, 44.9783, 6.00893, 7200, 10, 0, 0, 0, 1, 0, 0, 0, 0, 0, '', 28153);
DELETE FROM `creature` WHERE `guid`=282102426;
INSERT INTO `creature` (`guid`, `id`, `map`, `zoneId`, `areaId`, `spawnDifficulties`, `phaseUseFlags`, `PhaseId`, `PhaseGroup`, `terrainSwapMap`, `modelid`, `equipment_id`, `position_x`, `position_y`, `position_z`, `orientation`, `spawntimesecs`, `spawndist`, `currentwaypoint`, `curhealth`, `curmana`, `MovementType`, `npcflag`, `unit_flags`, `unit_flags2`, `unit_flags3`, `dynamicflags`, `ScriptName`, `VerifiedBuild`) VALUES (282102426, 135963, 1882, 9440, 9440, '38', 0, 1, 0, -1, 0, 0, 15285.5, 14992.8, 42.2975, 3.65068, 7200, 0, 0, 0, 0, 0, 0, 0, 0, 0, 0, '', 28153);
DELETE FROM `creature` WHERE `guid`=282102425;
INSERT INTO `creature` (`guid`, `id`, `map`, `zoneId`, `areaId`, `spawnDifficulties`, `phaseUseFlags`, `PhaseId`, `PhaseGroup`, `terrainSwapMap`, `modelid`, `equipment_id`, `position_x`, `position_y`, `position_z`, `orientation`, `spawntimesecs`, `spawndist`, `currentwaypoint`, `curhealth`, `curmana`, `MovementType`, `npcflag`, `unit_flags`, `unit_flags2`, `unit_flags3`, `dynamicflags`, `ScriptName`, `VerifiedBuild`) VALUES (282102425, 137951, 1882, 9440, 9440, '38', 0, 1, 0, -1, 0, 0, 15326.8, 14956.8, 42.9561, 3.71983, 7200, 0, 0, 0, 0, 0, 0, 0, 0, 0, 0, '', 28153);
DELETE FROM `creature` WHERE `guid`=282102424;
INSERT INTO `creature` (`guid`, `id`, `map`, `zoneId`, `areaId`, `spawnDifficulties`, `phaseUseFlags`, `PhaseId`, `PhaseGroup`, `terrainSwapMap`, `modelid`, `equipment_id`, `position_x`, `position_y`, `position_z`, `orientation`, `spawntimesecs`, `spawndist`, `currentwaypoint`, `curhealth`, `curmana`, `MovementType`, `npcflag`, `unit_flags`, `unit_flags2`, `unit_flags3`, `dynamicflags`, `ScriptName`, `VerifiedBuild`) VALUES (282102424, 135182, 1882, 9440, 9440, '38', 0, 1, 0, -1, 0, 0, 15265.7, 14900.8, 39.083, 3.32255, 7200, 0, 0, 0, 0, 0, 0, 0, 0, 0, 0, '', 28153);
DELETE FROM `creature` WHERE `guid`=282102423;
INSERT INTO `creature` (`guid`, `id`, `map`, `zoneId`, `areaId`, `spawnDifficulties`, `phaseUseFlags`, `PhaseId`, `PhaseGroup`, `terrainSwapMap`, `modelid`, `equipment_id`, `position_x`, `position_y`, `position_z`, `orientation`, `spawntimesecs`, `spawndist`, `currentwaypoint`, `curhealth`, `curmana`, `MovementType`, `npcflag`, `unit_flags`, `unit_flags2`, `unit_flags3`, `dynamicflags`, `ScriptName`, `VerifiedBuild`) VALUES (282102423, 135964, 1882, 9440, 9440, '38', 0, 1, 0, -1, 0, 0, 15331.7, 14917.3, 45.2148, 1.17283, 7200, 10, 0, 0, 0, 1, 0, 0, 0, 0, 0, '', 28153);
DELETE FROM `creature` WHERE `guid`=282102422;
INSERT INTO `creature` (`guid`, `id`, `map`, `zoneId`, `areaId`, `spawnDifficulties`, `phaseUseFlags`, `PhaseId`, `PhaseGroup`, `terrainSwapMap`, `modelid`, `equipment_id`, `position_x`, `position_y`, `position_z`, `orientation`, `spawntimesecs`, `spawndist`, `currentwaypoint`, `curhealth`, `curmana`, `MovementType`, `npcflag`, `unit_flags`, `unit_flags2`, `unit_flags3`, `dynamicflags`, `ScriptName`, `VerifiedBuild`) VALUES (282102422, 135961, 1882, 9440, 9440, '38', 0, 1, 0, -1, 0, 0, 15282, 14968, 43.1733, 5.88291, 7200, 0, 0, 0, 0, 0, 0, 0, 0, 0, 0, '', 28153);
DELETE FROM `creature` WHERE `guid`=282102421;
INSERT INTO `creature` (`guid`, `id`, `map`, `zoneId`, `areaId`, `spawnDifficulties`, `phaseUseFlags`, `PhaseId`, `PhaseGroup`, `terrainSwapMap`, `modelid`, `equipment_id`, `position_x`, `position_y`, `position_z`, `orientation`, `spawntimesecs`, `spawndist`, `currentwaypoint`, `curhealth`, `curmana`, `MovementType`, `npcflag`, `unit_flags`, `unit_flags2`, `unit_flags3`, `dynamicflags`, `ScriptName`, `VerifiedBuild`) VALUES (282102421, 135962, 1882, 9440, 9440, '38', 0, 1, 0, -1, 0, 0, 15232.8, 14972.4, 40.4243, 4.15012, 7200, 0, 0, 0, 0, 0, 0, 0, 0, 0, 0, '', 28153);
DELETE FROM `creature` WHERE `guid`=282102420;
INSERT INTO `creature` (`guid`, `id`, `map`, `zoneId`, `areaId`, `spawnDifficulties`, `phaseUseFlags`, `PhaseId`, `PhaseGroup`, `terrainSwapMap`, `modelid`, `equipment_id`, `position_x`, `position_y`, `position_z`, `orientation`, `spawntimesecs`, `spawndist`, `currentwaypoint`, `curhealth`, `curmana`, `MovementType`, `npcflag`, `unit_flags`, `unit_flags2`, `unit_flags3`, `dynamicflags`, `ScriptName`, `VerifiedBuild`) VALUES (282102420, 132912, 1882, 9440, 9440, '38', 0, 1, 0, -1, 0, 0, 15293.2, 14960.8, 42.5661, 3.14159, 7200, 0, 0, 0, 0, 0, 0, 0, 0, 0, 0, '', 28153);
DELETE FROM `creature` WHERE `guid`=282102419;
INSERT INTO `creature` (`guid`, `id`, `map`, `zoneId`, `areaId`, `spawnDifficulties`, `phaseUseFlags`, `PhaseId`, `PhaseGroup`, `terrainSwapMap`, `modelid`, `equipment_id`, `position_x`, `position_y`, `position_z`, `orientation`, `spawntimesecs`, `spawndist`, `currentwaypoint`, `curhealth`, `curmana`, `MovementType`, `npcflag`, `unit_flags`, `unit_flags2`, `unit_flags3`, `dynamicflags`, `ScriptName`, `VerifiedBuild`) VALUES (282102419, 135963, 1882, 9440, 9440, '38', 0, 1, 0, -1, 0, 0, 15319.6, 14905.4, 43.3491, 2.18577, 7200, 10, 0, 0, 0, 1, 0, 0, 0, 0, 0, '', 28153);
DELETE FROM `creature` WHERE `guid`=282102418;
INSERT INTO `creature` (`guid`, `id`, `map`, `zoneId`, `areaId`, `spawnDifficulties`, `phaseUseFlags`, `PhaseId`, `PhaseGroup`, `terrainSwapMap`, `modelid`, `equipment_id`, `position_x`, `position_y`, `position_z`, `orientation`, `spawntimesecs`, `spawndist`, `currentwaypoint`, `curhealth`, `curmana`, `MovementType`, `npcflag`, `unit_flags`, `unit_flags2`, `unit_flags3`, `dynamicflags`, `ScriptName`, `VerifiedBuild`) VALUES (282102418, 137947, 1882, 9440, 9440, '38', 0, 1, 0, -1, 0, 0, 15246.2, 14965.2, 40.036, 2.86665, 7200, 0, 0, 0, 0, 0, 0, 0, 0, 0, 0, '', 28153);
DELETE FROM `creature` WHERE `guid`=282102417;
INSERT INTO `creature` (`guid`, `id`, `map`, `zoneId`, `areaId`, `spawnDifficulties`, `phaseUseFlags`, `PhaseId`, `PhaseGroup`, `terrainSwapMap`, `modelid`, `equipment_id`, `position_x`, `position_y`, `position_z`, `orientation`, `spawntimesecs`, `spawndist`, `currentwaypoint`, `curhealth`, `curmana`, `MovementType`, `npcflag`, `unit_flags`, `unit_flags2`, `unit_flags3`, `dynamicflags`, `ScriptName`, `VerifiedBuild`) VALUES (282102417, 137951, 1882, 9440, 9440, '38', 0, 1, 0, -1, 0, 0, 15312.1, 14927.4, 42.1168, 2.88477, 7200, 0, 0, 0, 0, 0, 0, 0, 0, 0, 0, '', 28153);
DELETE FROM `creature` WHERE `guid`=282102416;
INSERT INTO `creature` (`guid`, `id`, `map`, `zoneId`, `areaId`, `spawnDifficulties`, `phaseUseFlags`, `PhaseId`, `PhaseGroup`, `terrainSwapMap`, `modelid`, `equipment_id`, `position_x`, `position_y`, `position_z`, `orientation`, `spawntimesecs`, `spawndist`, `currentwaypoint`, `curhealth`, `curmana`, `MovementType`, `npcflag`, `unit_flags`, `unit_flags2`, `unit_flags3`, `dynamicflags`, `ScriptName`, `VerifiedBuild`) VALUES (282102416, 135963, 1882, 9440, 9440, '38', 0, 1, 0, -1, 0, 0, 15275.1, 14923.5, 40.7846, 1.09405, 7200, 0, 0, 0, 0, 0, 0, 0, 0, 0, 0, '', 28153);
DELETE FROM `creature` WHERE `guid`=282102415;
INSERT INTO `creature` (`guid`, `id`, `map`, `zoneId`, `areaId`, `spawnDifficulties`, `phaseUseFlags`, `PhaseId`, `PhaseGroup`, `terrainSwapMap`, `modelid`, `equipment_id`, `position_x`, `position_y`, `position_z`, `orientation`, `spawntimesecs`, `spawndist`, `currentwaypoint`, `curhealth`, `curmana`, `MovementType`, `npcflag`, `unit_flags`, `unit_flags2`, `unit_flags3`, `dynamicflags`, `ScriptName`, `VerifiedBuild`) VALUES (282102415, 137951, 1882, 9440, 9440, '38', 0, 1, 0, -1, 0, 0, 15258, 14946.1, 39.9086, 2.79735, 7200, 0, 0, 0, 0, 0, 0, 0, 0, 0, 0, '', 28153);
DELETE FROM `creature` WHERE `guid`=282102414;
INSERT INTO `creature` (`guid`, `id`, `map`, `zoneId`, `areaId`, `spawnDifficulties`, `phaseUseFlags`, `PhaseId`, `PhaseGroup`, `terrainSwapMap`, `modelid`, `equipment_id`, `position_x`, `position_y`, `position_z`, `orientation`, `spawntimesecs`, `spawndist`, `currentwaypoint`, `curhealth`, `curmana`, `MovementType`, `npcflag`, `unit_flags`, `unit_flags2`, `unit_flags3`, `dynamicflags`, `ScriptName`, `VerifiedBuild`) VALUES (282102414, 135963, 1882, 9440, 9440, '38', 0, 1, 0, -1, 0, 0, 15302.2, 14908.3, 41.0496, 4.11229, 7200, 0, 0, 0, 0, 0, 0, 0, 0, 0, 0, '', 28153);
DELETE FROM `creature` WHERE `guid`=282102413;
INSERT INTO `creature` (`guid`, `id`, `map`, `zoneId`, `areaId`, `spawnDifficulties`, `phaseUseFlags`, `PhaseId`, `PhaseGroup`, `terrainSwapMap`, `modelid`, `equipment_id`, `position_x`, `position_y`, `position_z`, `orientation`, `spawntimesecs`, `spawndist`, `currentwaypoint`, `curhealth`, `curmana`, `MovementType`, `npcflag`, `unit_flags`, `unit_flags2`, `unit_flags3`, `dynamicflags`, `ScriptName`, `VerifiedBuild`) VALUES (282102413, 135964, 1882, 9440, 9440, '38', 0, 1, 0, -1, 0, 0, 15237.4, 14939.7, 39.1175, 3.60996, 7200, 10, 0, 0, 0, 1, 0, 0, 0, 0, 0, '', 28153);
DELETE FROM `creature` WHERE `guid`=282102412;
INSERT INTO `creature` (`guid`, `id`, `map`, `zoneId`, `areaId`, `spawnDifficulties`, `phaseUseFlags`, `PhaseId`, `PhaseGroup`, `terrainSwapMap`, `modelid`, `equipment_id`, `position_x`, `position_y`, `position_z`, `orientation`, `spawntimesecs`, `spawndist`, `currentwaypoint`, `curhealth`, `curmana`, `MovementType`, `npcflag`, `unit_flags`, `unit_flags2`, `unit_flags3`, `dynamicflags`, `ScriptName`, `VerifiedBuild`) VALUES (282102412, 135961, 1882, 9440, 9440, '38', 0, 1, 0, -1, 0, 0, 15279.2, 14896.9, 40.773, 3.65121, 7200, 0, 0, 0, 0, 0, 0, 0, 0, 0, 0, '', 28153);
DELETE FROM `creature` WHERE `guid`=282102411;
INSERT INTO `creature` (`guid`, `id`, `map`, `zoneId`, `areaId`, `spawnDifficulties`, `phaseUseFlags`, `PhaseId`, `PhaseGroup`, `terrainSwapMap`, `modelid`, `equipment_id`, `position_x`, `position_y`, `position_z`, `orientation`, `spawntimesecs`, `spawndist`, `currentwaypoint`, `curhealth`, `curmana`, `MovementType`, `npcflag`, `unit_flags`, `unit_flags2`, `unit_flags3`, `dynamicflags`, `ScriptName`, `VerifiedBuild`) VALUES (282102411, 135964, 1882, 9440, 9440, '38', 0, 1, 0, -1, 0, 0, 15255.8, 14905.1, 38.7982, 5.14932, 7200, 0, 0, 0, 0, 0, 0, 0, 0, 0, 0, '', 28153);
DELETE FROM `creature` WHERE `guid`=282102410;
INSERT INTO `creature` (`guid`, `id`, `map`, `zoneId`, `areaId`, `spawnDifficulties`, `phaseUseFlags`, `PhaseId`, `PhaseGroup`, `terrainSwapMap`, `modelid`, `equipment_id`, `position_x`, `position_y`, `position_z`, `orientation`, `spawntimesecs`, `spawndist`, `currentwaypoint`, `curhealth`, `curmana`, `MovementType`, `npcflag`, `unit_flags`, `unit_flags2`, `unit_flags3`, `dynamicflags`, `ScriptName`, `VerifiedBuild`) VALUES (282102410, 132864, 1882, 9440, 9440, '38', 0, 1, 0, -1, 0, 0, 15225.4, 14872.2, 32.5663, 5.27809, 7200, 0, 0, 0, 0, 0, 0, 0, 0, 0, 0, '', 28153);
DELETE FROM `creature` WHERE `guid`=282102409;
INSERT INTO `creature` (`guid`, `id`, `map`, `zoneId`, `areaId`, `spawnDifficulties`, `phaseUseFlags`, `PhaseId`, `PhaseGroup`, `terrainSwapMap`, `modelid`, `equipment_id`, `position_x`, `position_y`, `position_z`, `orientation`, `spawntimesecs`, `spawndist`, `currentwaypoint`, `curhealth`, `curmana`, `MovementType`, `npcflag`, `unit_flags`, `unit_flags2`, `unit_flags3`, `dynamicflags`, `ScriptName`, `VerifiedBuild`) VALUES (282102409, 132864, 1882, 9440, 9440, '38', 0, 1, 0, -1, 0, 0, 15174.2, 14854.4, 18.2166, 3.32097, 7200, 10, 0, 0, 0, 1, 0, 0, 0, 0, 0, '', 28153);
DELETE FROM `creature` WHERE `guid`=282102408;
INSERT INTO `creature` (`guid`, `id`, `map`, `zoneId`, `areaId`, `spawnDifficulties`, `phaseUseFlags`, `PhaseId`, `PhaseGroup`, `terrainSwapMap`, `modelid`, `equipment_id`, `position_x`, `position_y`, `position_z`, `orientation`, `spawntimesecs`, `spawndist`, `currentwaypoint`, `curhealth`, `curmana`, `MovementType`, `npcflag`, `unit_flags`, `unit_flags2`, `unit_flags3`, `dynamicflags`, `ScriptName`, `VerifiedBuild`) VALUES (282102408, 140849, 1882, 9440, 9440, '38', 0, 1, 0, -1, 0, 0, 15208.8, 14839.1, 25.2573, 3.31076, 7200, 10, 0, 0, 0, 1, 0, 0, 0, 0, 0, '', 28153);
DELETE FROM `creature` WHERE `guid`=282102407;
INSERT INTO `creature` (`guid`, `id`, `map`, `zoneId`, `areaId`, `spawnDifficulties`, `phaseUseFlags`, `PhaseId`, `PhaseGroup`, `terrainSwapMap`, `modelid`, `equipment_id`, `position_x`, `position_y`, `position_z`, `orientation`, `spawntimesecs`, `spawndist`, `currentwaypoint`, `curhealth`, `curmana`, `MovementType`, `npcflag`, `unit_flags`, `unit_flags2`, `unit_flags3`, `dynamicflags`, `ScriptName`, `VerifiedBuild`) VALUES (282102407, 140850, 1882, 9440, 9440, '38', 0, 1, 0, -1, 0, 0, 15208.8, 14834.9, 25.2573, 0.0198128, 7200, 10, 0, 0, 0, 1, 0, 0, 0, 0, 0, '', 28153);
DELETE FROM `creature` WHERE `guid`=282102406;
INSERT INTO `creature` (`guid`, `id`, `map`, `zoneId`, `areaId`, `spawnDifficulties`, `phaseUseFlags`, `PhaseId`, `PhaseGroup`, `terrainSwapMap`, `modelid`, `equipment_id`, `position_x`, `position_y`, `position_z`, `orientation`, `spawntimesecs`, `spawndist`, `currentwaypoint`, `curhealth`, `curmana`, `MovementType`, `npcflag`, `unit_flags`, `unit_flags2`, `unit_flags3`, `dynamicflags`, `ScriptName`, `VerifiedBuild`) VALUES (282102406, 140849, 1882, 9440, 9440, '38', 0, 1, 0, -1, 0, 0, 15200.5, 14834.9, 22.6323, 5.85329, 7200, 10, 0, 0, 0, 1, 0, 0, 0, 0, 0, '', 28153);
DELETE FROM `creature` WHERE `guid`=282102405;
INSERT INTO `creature` (`guid`, `id`, `map`, `zoneId`, `areaId`, `spawnDifficulties`, `phaseUseFlags`, `PhaseId`, `PhaseGroup`, `terrainSwapMap`, `modelid`, `equipment_id`, `position_x`, `position_y`, `position_z`, `orientation`, `spawntimesecs`, `spawndist`, `currentwaypoint`, `curhealth`, `curmana`, `MovementType`, `npcflag`, `unit_flags`, `unit_flags2`, `unit_flags3`, `dynamicflags`, `ScriptName`, `VerifiedBuild`) VALUES (282102405, 140850, 1882, 9440, 9440, '38', 0, 1, 0, -1, 0, 0, 15207.8, 14831.8, 24.9695, 3.62703, 7200, 10, 0, 0, 0, 1, 0, 0, 0, 0, 0, '', 28153);
DELETE FROM `creature` WHERE `guid`=282102404;
INSERT INTO `creature` (`guid`, `id`, `map`, `zoneId`, `areaId`, `spawnDifficulties`, `phaseUseFlags`, `PhaseId`, `PhaseGroup`, `terrainSwapMap`, `modelid`, `equipment_id`, `position_x`, `position_y`, `position_z`, `orientation`, `spawntimesecs`, `spawndist`, `currentwaypoint`, `curhealth`, `curmana`, `MovementType`, `npcflag`, `unit_flags`, `unit_flags2`, `unit_flags3`, `dynamicflags`, `ScriptName`, `VerifiedBuild`) VALUES (282102404, 140847, 1882, 9440, 9440, '38', 0, 1, 0, -1, 0, 0, 15202.6, 14841.2, 23.6323, 4.96645, 7200, 10, 0, 0, 0, 1, 0, 0, 0, 0, 0, '', 28153);
DELETE FROM `creature` WHERE `guid`=282102403;
INSERT INTO `creature` (`guid`, `id`, `map`, `zoneId`, `areaId`, `spawnDifficulties`, `phaseUseFlags`, `PhaseId`, `PhaseGroup`, `terrainSwapMap`, `modelid`, `equipment_id`, `position_x`, `position_y`, `position_z`, `orientation`, `spawntimesecs`, `spawndist`, `currentwaypoint`, `curhealth`, `curmana`, `MovementType`, `npcflag`, `unit_flags`, `unit_flags2`, `unit_flags3`, `dynamicflags`, `ScriptName`, `VerifiedBuild`) VALUES (282102403, 140076, 1882, 9440, 9440, '38', 0, 1, 0, -1, 0, 0, 15149.3, 14816.8, 12.5933, 5.35685, 7200, 10, 0, 0, 0, 1, 0, 0, 0, 0, 0, '', 28153);
DELETE FROM `creature` WHERE `guid`=282102402;
INSERT INTO `creature` (`guid`, `id`, `map`, `zoneId`, `areaId`, `spawnDifficulties`, `phaseUseFlags`, `PhaseId`, `PhaseGroup`, `terrainSwapMap`, `modelid`, `equipment_id`, `position_x`, `position_y`, `position_z`, `orientation`, `spawntimesecs`, `spawndist`, `currentwaypoint`, `curhealth`, `curmana`, `MovementType`, `npcflag`, `unit_flags`, `unit_flags2`, `unit_flags3`, `dynamicflags`, `ScriptName`, `VerifiedBuild`) VALUES (282102402, 140078, 1882, 9440, 9440, '38', 0, 1, 0, -1, 0, 0, 15209.6, 14817.7, 24.1338, 3.85508, 7200, 10, 0, 0, 0, 1, 0, 0, 0, 0, 0, '', 28153);
DELETE FROM `creature` WHERE `guid`=282102401;
INSERT INTO `creature` (`guid`, `id`, `map`, `zoneId`, `areaId`, `spawnDifficulties`, `phaseUseFlags`, `PhaseId`, `PhaseGroup`, `terrainSwapMap`, `modelid`, `equipment_id`, `position_x`, `position_y`, `position_z`, `orientation`, `spawntimesecs`, `spawndist`, `currentwaypoint`, `curhealth`, `curmana`, `MovementType`, `npcflag`, `unit_flags`, `unit_flags2`, `unit_flags3`, `dynamicflags`, `ScriptName`, `VerifiedBuild`) VALUES (282102401, 140077, 1882, 9440, 9440, '38', 0, 1, 0, -1, 0, 0, 15187.9, 14818.6, 18.4997, 4.99552, 7200, 10, 0, 0, 0, 1, 0, 0, 0, 0, 0, '', 28153);
DELETE FROM `creature` WHERE `guid`=282102400;
INSERT INTO `creature` (`guid`, `id`, `map`, `zoneId`, `areaId`, `spawnDifficulties`, `phaseUseFlags`, `PhaseId`, `PhaseGroup`, `terrainSwapMap`, `modelid`, `equipment_id`, `position_x`, `position_y`, `position_z`, `orientation`, `spawntimesecs`, `spawndist`, `currentwaypoint`, `curhealth`, `curmana`, `MovementType`, `npcflag`, `unit_flags`, `unit_flags2`, `unit_flags3`, `dynamicflags`, `ScriptName`, `VerifiedBuild`) VALUES (282102400, 135182, 1882, 9440, 9440, '38', 0, 1, 0, -1, 0, 0, 15191.3, 14730, 4.44765, 1.39361, 7200, 0, 0, 0, 0, 0, 0, 0, 0, 0, 0, '', 28153);
DELETE FROM `creature` WHERE `guid`=282102399;
INSERT INTO `creature` (`guid`, `id`, `map`, `zoneId`, `areaId`, `spawnDifficulties`, `phaseUseFlags`, `PhaseId`, `PhaseGroup`, `terrainSwapMap`, `modelid`, `equipment_id`, `position_x`, `position_y`, `position_z`, `orientation`, `spawntimesecs`, `spawndist`, `currentwaypoint`, `curhealth`, `curmana`, `MovementType`, `npcflag`, `unit_flags`, `unit_flags2`, `unit_flags3`, `dynamicflags`, `ScriptName`, `VerifiedBuild`) VALUES (282102399, 137958, 1882, 9440, 9440, '38', 0, 1, 0, -1, 0, 0, 15193, 14815, 18.8829, 5.81954, 7200, 10, 0, 0, 0, 1, 0, 0, 0, 0, 0, '', 28153);
DELETE FROM `creature` WHERE `guid`=282102398;
INSERT INTO `creature` (`guid`, `id`, `map`, `zoneId`, `areaId`, `spawnDifficulties`, `phaseUseFlags`, `PhaseId`, `PhaseGroup`, `terrainSwapMap`, `modelid`, `equipment_id`, `position_x`, `position_y`, `position_z`, `orientation`, `spawntimesecs`, `spawndist`, `currentwaypoint`, `curhealth`, `curmana`, `MovementType`, `npcflag`, `unit_flags`, `unit_flags2`, `unit_flags3`, `dynamicflags`, `ScriptName`, `VerifiedBuild`) VALUES (282102398, 140077, 1882, 9440, 9440, '38', 0, 1, 0, -1, 0, 0, 15196.6, 14806.4, 18.4116, 0.385282, 7200, 10, 0, 0, 0, 1, 0, 0, 0, 0, 0, '', 28153);
DELETE FROM `creature` WHERE `guid`=282102397;
INSERT INTO `creature` (`guid`, `id`, `map`, `zoneId`, `areaId`, `spawnDifficulties`, `phaseUseFlags`, `PhaseId`, `PhaseGroup`, `terrainSwapMap`, `modelid`, `equipment_id`, `position_x`, `position_y`, `position_z`, `orientation`, `spawntimesecs`, `spawndist`, `currentwaypoint`, `curhealth`, `curmana`, `MovementType`, `npcflag`, `unit_flags`, `unit_flags2`, `unit_flags3`, `dynamicflags`, `ScriptName`, `VerifiedBuild`) VALUES (282102397, 140631, 1882, 9440, 9440, '38', 0, 1, 0, -1, 0, 0, 15099.2, 14723.9, -14.4539, 1.80063, 7200, 10, 0, 0, 0, 1, 0, 0, 0, 0, 0, '', 28153);
DELETE FROM `creature` WHERE `guid`=282102396;
INSERT INTO `creature` (`guid`, `id`, `map`, `zoneId`, `areaId`, `spawnDifficulties`, `phaseUseFlags`, `PhaseId`, `PhaseGroup`, `terrainSwapMap`, `modelid`, `equipment_id`, `position_x`, `position_y`, `position_z`, `orientation`, `spawntimesecs`, `spawndist`, `currentwaypoint`, `curhealth`, `curmana`, `MovementType`, `npcflag`, `unit_flags`, `unit_flags2`, `unit_flags3`, `dynamicflags`, `ScriptName`, `VerifiedBuild`) VALUES (282102396, 137950, 1882, 9440, 9440, '38', 0, 1, 0, -1, 0, 0, 15176.4, 14779.5, 8.90259, 0.311718, 7200, 0, 0, 0, 0, 0, 0, 0, 0, 0, 0, '', 28153);
DELETE FROM `creature` WHERE `guid`=282102395;
INSERT INTO `creature` (`guid`, `id`, `map`, `zoneId`, `areaId`, `spawnDifficulties`, `phaseUseFlags`, `PhaseId`, `PhaseGroup`, `terrainSwapMap`, `modelid`, `equipment_id`, `position_x`, `position_y`, `position_z`, `orientation`, `spawntimesecs`, `spawndist`, `currentwaypoint`, `curhealth`, `curmana`, `MovementType`, `npcflag`, `unit_flags`, `unit_flags2`, `unit_flags3`, `dynamicflags`, `ScriptName`, `VerifiedBuild`) VALUES (282102395, 137958, 1882, 9440, 9440, '38', 0, 1, 0, -1, 0, 0, 15167.8, 14804.1, 12.9592, 0.535562, 7200, 10, 0, 0, 0, 1, 0, 0, 0, 0, 0, '', 28153);
DELETE FROM `creature` WHERE `guid`=282102394;
INSERT INTO `creature` (`guid`, `id`, `map`, `zoneId`, `areaId`, `spawnDifficulties`, `phaseUseFlags`, `PhaseId`, `PhaseGroup`, `terrainSwapMap`, `modelid`, `equipment_id`, `position_x`, `position_y`, `position_z`, `orientation`, `spawntimesecs`, `spawndist`, `currentwaypoint`, `curhealth`, `curmana`, `MovementType`, `npcflag`, `unit_flags`, `unit_flags2`, `unit_flags3`, `dynamicflags`, `ScriptName`, `VerifiedBuild`) VALUES (282102394, 136599, 1882, 9440, 9440, '38', 0, 1, 0, -1, 0, 0, 15214.3, 14780.5, 18.2619, 5.92099, 7200, 10, 0, 0, 0, 1, 0, 0, 0, 0, 0, '', 28153);
DELETE FROM `creature` WHERE `guid`=282102393;
INSERT INTO `creature` (`guid`, `id`, `map`, `zoneId`, `areaId`, `spawnDifficulties`, `phaseUseFlags`, `PhaseId`, `PhaseGroup`, `terrainSwapMap`, `modelid`, `equipment_id`, `position_x`, `position_y`, `position_z`, `orientation`, `spawntimesecs`, `spawndist`, `currentwaypoint`, `curhealth`, `curmana`, `MovementType`, `npcflag`, `unit_flags`, `unit_flags2`, `unit_flags3`, `dynamicflags`, `ScriptName`, `VerifiedBuild`) VALUES (282102393, 134786, 1882, 9440, 9440, '38', 0, 1, 0, -1, 0, 0, 15181.1, 14741, 4.18457, 1.96912, 7200, 0, 0, 0, 0, 0, 0, 0, 0, 0, 0, '', 28153);
DELETE FROM `creature` WHERE `guid`=282102392;
INSERT INTO `creature` (`guid`, `id`, `map`, `zoneId`, `areaId`, `spawnDifficulties`, `phaseUseFlags`, `PhaseId`, `PhaseGroup`, `terrainSwapMap`, `modelid`, `equipment_id`, `position_x`, `position_y`, `position_z`, `orientation`, `spawntimesecs`, `spawndist`, `currentwaypoint`, `curhealth`, `curmana`, `MovementType`, `npcflag`, `unit_flags`, `unit_flags2`, `unit_flags3`, `dynamicflags`, `ScriptName`, `VerifiedBuild`) VALUES (282102392, 134788, 1882, 9440, 9440, '38', 0, 1, 0, -1, 0, 0, 15175.2, 14727.5, 2.13201, 0.368393, 7200, 10, 0, 0, 0, 1, 0, 0, 0, 0, 0, '', 28153);
DELETE FROM `creature` WHERE `guid`=282102391;
INSERT INTO `creature` (`guid`, `id`, `map`, `zoneId`, `areaId`, `spawnDifficulties`, `phaseUseFlags`, `PhaseId`, `PhaseGroup`, `terrainSwapMap`, `modelid`, `equipment_id`, `position_x`, `position_y`, `position_z`, `orientation`, `spawntimesecs`, `spawndist`, `currentwaypoint`, `curhealth`, `curmana`, `MovementType`, `npcflag`, `unit_flags`, `unit_flags2`, `unit_flags3`, `dynamicflags`, `ScriptName`, `VerifiedBuild`) VALUES (282102391, 134789, 1882, 9440, 9440, '38', 0, 1, 0, -1, 0, 0, 15172.5, 14753.8, 3.91808, 4.71799, 7200, 10, 0, 0, 0, 1, 0, 0, 0, 0, 0, '', 28153);
DELETE FROM `creature` WHERE `guid`=282102390;
INSERT INTO `creature` (`guid`, `id`, `map`, `zoneId`, `areaId`, `spawnDifficulties`, `phaseUseFlags`, `PhaseId`, `PhaseGroup`, `terrainSwapMap`, `modelid`, `equipment_id`, `position_x`, `position_y`, `position_z`, `orientation`, `spawntimesecs`, `spawndist`, `currentwaypoint`, `curhealth`, `curmana`, `MovementType`, `npcflag`, `unit_flags`, `unit_flags2`, `unit_flags3`, `dynamicflags`, `ScriptName`, `VerifiedBuild`) VALUES (282102390, 132923, 1882, 9440, 9440, '38', 0, 1, 0, -1, 0, 0, 15118, 14633.8, -0.0809143, 1.88122, 7200, 10, 0, 0, 0, 1, 0, 0, 0, 0, 0, '', 28153);
DELETE FROM `creature` WHERE `guid`=282102389;
INSERT INTO `creature` (`guid`, `id`, `map`, `zoneId`, `areaId`, `spawnDifficulties`, `phaseUseFlags`, `PhaseId`, `PhaseGroup`, `terrainSwapMap`, `modelid`, `equipment_id`, `position_x`, `position_y`, `position_z`, `orientation`, `spawntimesecs`, `spawndist`, `currentwaypoint`, `curhealth`, `curmana`, `MovementType`, `npcflag`, `unit_flags`, `unit_flags2`, `unit_flags3`, `dynamicflags`, `ScriptName`, `VerifiedBuild`) VALUES (282102389, 132923, 1882, 9440, 9440, '38', 0, 1, 0, -1, 0, 0, 15191, 14686.7, 0, 2.58393, 7200, 10, 0, 0, 0, 1, 0, 0, 0, 0, 0, '', 28153);
DELETE FROM `creature` WHERE `guid`=282102388;
INSERT INTO `creature` (`guid`, `id`, `map`, `zoneId`, `areaId`, `spawnDifficulties`, `phaseUseFlags`, `PhaseId`, `PhaseGroup`, `terrainSwapMap`, `modelid`, `equipment_id`, `position_x`, `position_y`, `position_z`, `orientation`, `spawntimesecs`, `spawndist`, `currentwaypoint`, `curhealth`, `curmana`, `MovementType`, `npcflag`, `unit_flags`, `unit_flags2`, `unit_flags3`, `dynamicflags`, `ScriptName`, `VerifiedBuild`) VALUES (282102388, 139655, 1882, 9440, 9440, '38', 0, 1, 0, -1, 0, 0, 15191, 14686.7, 0, 2.58417, 7200, 10, 0, 0, 0, 1, 0, 0, 0, 0, 0, '', 28153);
DELETE FROM `creature` WHERE `guid`=282102387;
INSERT INTO `creature` (`guid`, `id`, `map`, `zoneId`, `areaId`, `spawnDifficulties`, `phaseUseFlags`, `PhaseId`, `PhaseGroup`, `terrainSwapMap`, `modelid`, `equipment_id`, `position_x`, `position_y`, `position_z`, `orientation`, `spawntimesecs`, `spawndist`, `currentwaypoint`, `curhealth`, `curmana`, `MovementType`, `npcflag`, `unit_flags`, `unit_flags2`, `unit_flags3`, `dynamicflags`, `ScriptName`, `VerifiedBuild`) VALUES (282102387, 139681, 1882, 9440, 9440, '38', 0, 1, 0, -1, 0, 0, 15118, 14633.8, -0.0809143, 1.88122, 7200, 10, 0, 0, 0, 1, 0, 0, 0, 0, 0, '', 28153);
DELETE FROM `creature` WHERE `guid`=282102386;
INSERT INTO `creature` (`guid`, `id`, `map`, `zoneId`, `areaId`, `spawnDifficulties`, `phaseUseFlags`, `PhaseId`, `PhaseGroup`, `terrainSwapMap`, `modelid`, `equipment_id`, `position_x`, `position_y`, `position_z`, `orientation`, `spawntimesecs`, `spawndist`, `currentwaypoint`, `curhealth`, `curmana`, `MovementType`, `npcflag`, `unit_flags`, `unit_flags2`, `unit_flags3`, `dynamicflags`, `ScriptName`, `VerifiedBuild`) VALUES (282102386, 140632, 1882, 9440, 9440, '38', 0, 1, 0, -1, 0, 0, 15237.9, 14531.7, -30.7003, 2.71128, 7200, 0, 0, 0, 0, 0, 0, 0, 0, 0, 0, '', 28153);
DELETE FROM `creature` WHERE `guid`=282102385;
INSERT INTO `creature` (`guid`, `id`, `map`, `zoneId`, `areaId`, `spawnDifficulties`, `phaseUseFlags`, `PhaseId`, `PhaseGroup`, `terrainSwapMap`, `modelid`, `equipment_id`, `position_x`, `position_y`, `position_z`, `orientation`, `spawntimesecs`, `spawndist`, `currentwaypoint`, `curhealth`, `curmana`, `MovementType`, `npcflag`, `unit_flags`, `unit_flags2`, `unit_flags3`, `dynamicflags`, `ScriptName`, `VerifiedBuild`) VALUES (282102385, 79556, 1882, 9440, 9440, '38', 0, 1, 0, -1, 0, 0, 14955.1, 15138.7, 100.083, 4.78071, 7200, 0, 0, 0, 0, 0, 0, 0, 0, 0, 0, '', 28153);
DELETE FROM `creature` WHERE `guid`=282102384;
INSERT INTO `creature` (`guid`, `id`, `map`, `zoneId`, `areaId`, `spawnDifficulties`, `phaseUseFlags`, `PhaseId`, `PhaseGroup`, `terrainSwapMap`, `modelid`, `equipment_id`, `position_x`, `position_y`, `position_z`, `orientation`, `spawntimesecs`, `spawndist`, `currentwaypoint`, `curhealth`, `curmana`, `MovementType`, `npcflag`, `unit_flags`, `unit_flags2`, `unit_flags3`, `dynamicflags`, `ScriptName`, `VerifiedBuild`) VALUES (282102384, 134786, 1882, 9440, 9440, '38', 0, 1, 0, -1, 0, 0, 15207.1, 14670.6, 2.7296, 1.42469, 7200, 0, 0, 0, 0, 0, 0, 0, 0, 0, 0, '', 28153);
DELETE FROM `creature` WHERE `guid`=282102383;
INSERT INTO `creature` (`guid`, `id`, `map`, `zoneId`, `areaId`, `spawnDifficulties`, `phaseUseFlags`, `PhaseId`, `PhaseGroup`, `terrainSwapMap`, `modelid`, `equipment_id`, `position_x`, `position_y`, `position_z`, `orientation`, `spawntimesecs`, `spawndist`, `currentwaypoint`, `curhealth`, `curmana`, `MovementType`, `npcflag`, `unit_flags`, `unit_flags2`, `unit_flags3`, `dynamicflags`, `ScriptName`, `VerifiedBuild`) VALUES (282102383, 137946, 1882, 9440, 9440, '38', 0, 1, 0, -1, 0, 0, 15178, 14715.7, 1.55698, 1.00107, 7200, 10, 0, 0, 0, 1, 0, 0, 0, 0, 0, '', 28153);
DELETE FROM `creature` WHERE `guid`=282102382;
INSERT INTO `creature` (`guid`, `id`, `map`, `zoneId`, `areaId`, `spawnDifficulties`, `phaseUseFlags`, `PhaseId`, `PhaseGroup`, `terrainSwapMap`, `modelid`, `equipment_id`, `position_x`, `position_y`, `position_z`, `orientation`, `spawntimesecs`, `spawndist`, `currentwaypoint`, `curhealth`, `curmana`, `MovementType`, `npcflag`, `unit_flags`, `unit_flags2`, `unit_flags3`, `dynamicflags`, `ScriptName`, `VerifiedBuild`) VALUES (282102382, 140630, 1882, 9440, 9440, '38', 0, 1, 0, -1, 0, 0, 15216.6, 14593.8, -18.9169, 5.43323, 7200, 0, 0, 0, 0, 0, 0, 0, 0, 0, 0, '', 28153);
DELETE FROM `creature` WHERE `guid`=282102381;
INSERT INTO `creature` (`guid`, `id`, `map`, `zoneId`, `areaId`, `spawnDifficulties`, `phaseUseFlags`, `PhaseId`, `PhaseGroup`, `terrainSwapMap`, `modelid`, `equipment_id`, `position_x`, `position_y`, `position_z`, `orientation`, `spawntimesecs`, `spawndist`, `currentwaypoint`, `curhealth`, `curmana`, `MovementType`, `npcflag`, `unit_flags`, `unit_flags2`, `unit_flags3`, `dynamicflags`, `ScriptName`, `VerifiedBuild`) VALUES (282102381, 136594, 1882, 9440, 9440, '38', 0, 1, 0, -1, 0, 0, 15208.5, 14621.4, 6.96199, 2.11291, 7200, 0, 0, 0, 0, 0, 0, 0, 0, 0, 0, '', 28153);
DELETE FROM `creature` WHERE `guid`=282102380;
INSERT INTO `creature` (`guid`, `id`, `map`, `zoneId`, `areaId`, `spawnDifficulties`, `phaseUseFlags`, `PhaseId`, `PhaseGroup`, `terrainSwapMap`, `modelid`, `equipment_id`, `position_x`, `position_y`, `position_z`, `orientation`, `spawntimesecs`, `spawndist`, `currentwaypoint`, `curhealth`, `curmana`, `MovementType`, `npcflag`, `unit_flags`, `unit_flags2`, `unit_flags3`, `dynamicflags`, `ScriptName`, `VerifiedBuild`) VALUES (282102380, 134786, 1882, 9440, 9440, '38', 0, 1, 0, -1, 0, 0, 15187.9, 14707, 2.35968, 4.2866, 7200, 10, 0, 0, 0, 1, 0, 0, 0, 0, 0, '', 28153);
DELETE FROM `creature` WHERE `guid`=282102379;
INSERT INTO `creature` (`guid`, `id`, `map`, `zoneId`, `areaId`, `spawnDifficulties`, `phaseUseFlags`, `PhaseId`, `PhaseGroup`, `terrainSwapMap`, `modelid`, `equipment_id`, `position_x`, `position_y`, `position_z`, `orientation`, `spawntimesecs`, `spawndist`, `currentwaypoint`, `curhealth`, `curmana`, `MovementType`, `npcflag`, `unit_flags`, `unit_flags2`, `unit_flags3`, `dynamicflags`, `ScriptName`, `VerifiedBuild`) VALUES (282102379, 140619, 1882, 9440, 9440, '38', 0, 1, 0, -1, 0, 0, 15179, 14542.1, -29.9296, 5.67625, 7200, 0, 0, 0, 0, 0, 0, 0, 0, 0, 0, '', 28153);
DELETE FROM `creature` WHERE `guid`=282102378;
INSERT INTO `creature` (`guid`, `id`, `map`, `zoneId`, `areaId`, `spawnDifficulties`, `phaseUseFlags`, `PhaseId`, `PhaseGroup`, `terrainSwapMap`, `modelid`, `equipment_id`, `position_x`, `position_y`, `position_z`, `orientation`, `spawntimesecs`, `spawndist`, `currentwaypoint`, `curhealth`, `curmana`, `MovementType`, `npcflag`, `unit_flags`, `unit_flags2`, `unit_flags3`, `dynamicflags`, `ScriptName`, `VerifiedBuild`) VALUES (282102378, 143762, 1882, 9440, 9440, '38', 0, 1, 0, -1, 0, 0, 15200.8, 14630.8, 6.53622, 4.93634, 7200, 0, 0, 0, 0, 0, 0, 0, 0, 0, 0, '', 28153);
DELETE FROM `creature` WHERE `guid`=282102377;
INSERT INTO `creature` (`guid`, `id`, `map`, `zoneId`, `areaId`, `spawnDifficulties`, `phaseUseFlags`, `PhaseId`, `PhaseGroup`, `terrainSwapMap`, `modelid`, `equipment_id`, `position_x`, `position_y`, `position_z`, `orientation`, `spawntimesecs`, `spawndist`, `currentwaypoint`, `curhealth`, `curmana`, `MovementType`, `npcflag`, `unit_flags`, `unit_flags2`, `unit_flags3`, `dynamicflags`, `ScriptName`, `VerifiedBuild`) VALUES (282102377, 134786, 1882, 9440, 9440, '38', 0, 1, 0, -1, 0, 0, 15206.8, 14712.7, 5.19703, 3.72976, 7200, 0, 0, 0, 0, 0, 0, 0, 0, 0, 0, '', 28153);
DELETE FROM `creature` WHERE `guid`=282102376;
INSERT INTO `creature` (`guid`, `id`, `map`, `zoneId`, `areaId`, `spawnDifficulties`, `phaseUseFlags`, `PhaseId`, `PhaseGroup`, `terrainSwapMap`, `modelid`, `equipment_id`, `position_x`, `position_y`, `position_z`, `orientation`, `spawntimesecs`, `spawndist`, `currentwaypoint`, `curhealth`, `curmana`, `MovementType`, `npcflag`, `unit_flags`, `unit_flags2`, `unit_flags3`, `dynamicflags`, `ScriptName`, `VerifiedBuild`) VALUES (282102376, 141880, 1882, 9440, 9440, '38', 0, 1, 0, -1, 0, 0, 15229, 14619.2, 12.4276, 5.9952, 7200, 0, 0, 0, 0, 0, 0, 0, 0, 0, 0, '', 28153);
DELETE FROM `creature` WHERE `guid`=282102375;
INSERT INTO `creature` (`guid`, `id`, `map`, `zoneId`, `areaId`, `spawnDifficulties`, `phaseUseFlags`, `PhaseId`, `PhaseGroup`, `terrainSwapMap`, `modelid`, `equipment_id`, `position_x`, `position_y`, `position_z`, `orientation`, `spawntimesecs`, `spawndist`, `currentwaypoint`, `curhealth`, `curmana`, `MovementType`, `npcflag`, `unit_flags`, `unit_flags2`, `unit_flags3`, `dynamicflags`, `ScriptName`, `VerifiedBuild`) VALUES (282102375, 141881, 1882, 9440, 9440, '38', 0, 1, 0, -1, 0, 0, 15221.5, 14608, 8.13988, 5.29707, 7200, 0, 0, 0, 0, 0, 0, 0, 0, 0, 0, '', 28153);
DELETE FROM `creature` WHERE `guid`=282102374;
INSERT INTO `creature` (`guid`, `id`, `map`, `zoneId`, `areaId`, `spawnDifficulties`, `phaseUseFlags`, `PhaseId`, `PhaseGroup`, `terrainSwapMap`, `modelid`, `equipment_id`, `position_x`, `position_y`, `position_z`, `orientation`, `spawntimesecs`, `spawndist`, `currentwaypoint`, `curhealth`, `curmana`, `MovementType`, `npcflag`, `unit_flags`, `unit_flags2`, `unit_flags3`, `dynamicflags`, `ScriptName`, `VerifiedBuild`) VALUES (282102374, 141874, 1882, 9440, 9440, '38', 0, 1, 0, -1, 0, 0, 15193.3, 14622.9, 6.52947, 2.36491, 7200, 0, 0, 0, 0, 0, 0, 0, 0, 0, 0, '', 28153);
DELETE FROM `creature` WHERE `guid`=282102373;
INSERT INTO `creature` (`guid`, `id`, `map`, `zoneId`, `areaId`, `spawnDifficulties`, `phaseUseFlags`, `PhaseId`, `PhaseGroup`, `terrainSwapMap`, `modelid`, `equipment_id`, `position_x`, `position_y`, `position_z`, `orientation`, `spawntimesecs`, `spawndist`, `currentwaypoint`, `curhealth`, `curmana`, `MovementType`, `npcflag`, `unit_flags`, `unit_flags2`, `unit_flags3`, `dynamicflags`, `ScriptName`, `VerifiedBuild`) VALUES (282102373, 141875, 1882, 9440, 9440, '38', 0, 1, 0, -1, 0, 0, 15211.5, 14616.8, 6.71388, 1.33517, 7200, 0, 0, 0, 0, 0, 0, 0, 0, 0, 0, '', 28153);
DELETE FROM `creature` WHERE `guid`=282102372;
INSERT INTO `creature` (`guid`, `id`, `map`, `zoneId`, `areaId`, `spawnDifficulties`, `phaseUseFlags`, `PhaseId`, `PhaseGroup`, `terrainSwapMap`, `modelid`, `equipment_id`, `position_x`, `position_y`, `position_z`, `orientation`, `spawntimesecs`, `spawndist`, `currentwaypoint`, `curhealth`, `curmana`, `MovementType`, `npcflag`, `unit_flags`, `unit_flags2`, `unit_flags3`, `dynamicflags`, `ScriptName`, `VerifiedBuild`) VALUES (282102372, 136599, 1882, 9440, 9440, '38', 0, 1, 0, -1, 0, 0, 15240.3, 14666.1, 3.77896, 0.234125, 7200, 0, 0, 0, 0, 0, 0, 0, 0, 0, 0, '', 28153);
DELETE FROM `creature` WHERE `guid`=282102371;
INSERT INTO `creature` (`guid`, `id`, `map`, `zoneId`, `areaId`, `spawnDifficulties`, `phaseUseFlags`, `PhaseId`, `PhaseGroup`, `terrainSwapMap`, `modelid`, `equipment_id`, `position_x`, `position_y`, `position_z`, `orientation`, `spawntimesecs`, `spawndist`, `currentwaypoint`, `curhealth`, `curmana`, `MovementType`, `npcflag`, `unit_flags`, `unit_flags2`, `unit_flags3`, `dynamicflags`, `ScriptName`, `VerifiedBuild`) VALUES (282102371, 140609, 1882, 9440, 9440, '38', 0, 1, 0, -1, 0, 0, 15140.4, 14639.5, -20.6538, 2.3243, 7200, 10, 0, 0, 0, 1, 0, 0, 0, 0, 0, '', 28153);
DELETE FROM `creature` WHERE `guid`=282102370;
INSERT INTO `creature` (`guid`, `id`, `map`, `zoneId`, `areaId`, `spawnDifficulties`, `phaseUseFlags`, `PhaseId`, `PhaseGroup`, `terrainSwapMap`, `modelid`, `equipment_id`, `position_x`, `position_y`, `position_z`, `orientation`, `spawntimesecs`, `spawndist`, `currentwaypoint`, `curhealth`, `curmana`, `MovementType`, `npcflag`, `unit_flags`, `unit_flags2`, `unit_flags3`, `dynamicflags`, `ScriptName`, `VerifiedBuild`) VALUES (282102370, 141899, 1882, 9440, 9440, '38', 0, 1, 0, -1, 0, 0, 15229.8, 14615.9, 7.31211, 6.01265, 7200, 0, 0, 0, 0, 0, 0, 0, 0, 0, 0, '', 28153);
DELETE FROM `creature` WHERE `guid`=282102369;
INSERT INTO `creature` (`guid`, `id`, `map`, `zoneId`, `areaId`, `spawnDifficulties`, `phaseUseFlags`, `PhaseId`, `PhaseGroup`, `terrainSwapMap`, `modelid`, `equipment_id`, `position_x`, `position_y`, `position_z`, `orientation`, `spawntimesecs`, `spawndist`, `currentwaypoint`, `curhealth`, `curmana`, `MovementType`, `npcflag`, `unit_flags`, `unit_flags2`, `unit_flags3`, `dynamicflags`, `ScriptName`, `VerifiedBuild`) VALUES (282102369, 137946, 1882, 9440, 9440, '38', 0, 1, 0, -1, 0, 0, 15219.5, 14656.8, 1.89225, 0.725044, 7200, 0, 0, 0, 0, 0, 0, 0, 0, 0, 0, '', 28153);
DELETE FROM `creature` WHERE `guid`=282102279;
INSERT INTO `creature` (`guid`, `id`, `map`, `zoneId`, `areaId`, `spawnDifficulties`, `phaseUseFlags`, `PhaseId`, `PhaseGroup`, `terrainSwapMap`, `modelid`, `equipment_id`, `position_x`, `position_y`, `position_z`, `orientation`, `spawntimesecs`, `spawndist`, `currentwaypoint`, `curhealth`, `curmana`, `MovementType`, `npcflag`, `unit_flags`, `unit_flags2`, `unit_flags3`, `dynamicflags`, `ScriptName`, `VerifiedBuild`) VALUES (282102279, 138939, 1955, 9778, 9778, '12', 0, 1, 0, -1, 0, 0, -2133.39, 2543.74, -1.83948, 0, 7200, 0, 0, 0, 0, 0, 0, 0, 0, 0, 0, '', 28153);
DELETE FROM `creature` WHERE `guid`=282102278;
INSERT INTO `creature` (`guid`, `id`, `map`, `zoneId`, `areaId`, `spawnDifficulties`, `phaseUseFlags`, `PhaseId`, `PhaseGroup`, `terrainSwapMap`, `modelid`, `equipment_id`, `position_x`, `position_y`, `position_z`, `orientation`, `spawntimesecs`, `spawndist`, `currentwaypoint`, `curhealth`, `curmana`, `MovementType`, `npcflag`, `unit_flags`, `unit_flags2`, `unit_flags3`, `dynamicflags`, `ScriptName`, `VerifiedBuild`) VALUES (282102278, 138939, 1955, 9778, 9778, '12', 0, 1, 0, -1, 0, 0, -2153.36, 2495.46, -7.07772, 3.34179, 7200, 0, 0, 0, 0, 0, 0, 0, 0, 0, 0, '', 28153);
DELETE FROM `creature` WHERE `guid`=282102277;
INSERT INTO `creature` (`guid`, `id`, `map`, `zoneId`, `areaId`, `spawnDifficulties`, `phaseUseFlags`, `PhaseId`, `PhaseGroup`, `terrainSwapMap`, `modelid`, `equipment_id`, `position_x`, `position_y`, `position_z`, `orientation`, `spawntimesecs`, `spawndist`, `currentwaypoint`, `curhealth`, `curmana`, `MovementType`, `npcflag`, `unit_flags`, `unit_flags2`, `unit_flags3`, `dynamicflags`, `ScriptName`, `VerifiedBuild`) VALUES (282102277, 138939, 1955, 9778, 9778, '12', 0, 1, 0, -1, 0, 0, -2129.91, 2513.4, 2.35308, 2.36241, 7200, 0, 0, 0, 0, 0, 0, 0, 0, 0, 0, '', 28153);
DELETE FROM `creature` WHERE `guid`=282102276;
INSERT INTO `creature` (`guid`, `id`, `map`, `zoneId`, `areaId`, `spawnDifficulties`, `phaseUseFlags`, `PhaseId`, `PhaseGroup`, `terrainSwapMap`, `modelid`, `equipment_id`, `position_x`, `position_y`, `position_z`, `orientation`, `spawntimesecs`, `spawndist`, `currentwaypoint`, `curhealth`, `curmana`, `MovementType`, `npcflag`, `unit_flags`, `unit_flags2`, `unit_flags3`, `dynamicflags`, `ScriptName`, `VerifiedBuild`) VALUES (282102276, 138939, 1955, 9778, 9778, '12', 0, 1, 0, -1, 0, 0, -2121.01, 2535.3, 4.51539, 1.96581, 7200, 0, 0, 0, 0, 0, 0, 0, 0, 0, 0, '', 28153);
DELETE FROM `creature` WHERE `guid`=282102275;
INSERT INTO `creature` (`guid`, `id`, `map`, `zoneId`, `areaId`, `spawnDifficulties`, `phaseUseFlags`, `PhaseId`, `PhaseGroup`, `terrainSwapMap`, `modelid`, `equipment_id`, `position_x`, `position_y`, `position_z`, `orientation`, `spawntimesecs`, `spawndist`, `currentwaypoint`, `curhealth`, `curmana`, `MovementType`, `npcflag`, `unit_flags`, `unit_flags2`, `unit_flags3`, `dynamicflags`, `ScriptName`, `VerifiedBuild`) VALUES (282102275, 138939, 1955, 9778, 9778, '12', 0, 1, 0, -1, 0, 0, -2138.89, 2485.41, 0.710323, 1.89198, 7200, 0, 0, 0, 0, 0, 0, 0, 0, 0, 0, '', 28153);
DELETE FROM `creature` WHERE `guid`=282102274;
INSERT INTO `creature` (`guid`, `id`, `map`, `zoneId`, `areaId`, `spawnDifficulties`, `phaseUseFlags`, `PhaseId`, `PhaseGroup`, `terrainSwapMap`, `modelid`, `equipment_id`, `position_x`, `position_y`, `position_z`, `orientation`, `spawntimesecs`, `spawndist`, `currentwaypoint`, `curhealth`, `curmana`, `MovementType`, `npcflag`, `unit_flags`, `unit_flags2`, `unit_flags3`, `dynamicflags`, `ScriptName`, `VerifiedBuild`) VALUES (282102274, 138939, 1955, 9778, 9778, '12', 0, 1, 0, -1, 0, 0, -2115.31, 2501.66, 2.89178, 5.78488, 7200, 0, 0, 0, 0, 0, 0, 0, 0, 0, 0, '', 28153);
DELETE FROM `creature` WHERE `guid`=282102273;
INSERT INTO `creature` (`guid`, `id`, `map`, `zoneId`, `areaId`, `spawnDifficulties`, `phaseUseFlags`, `PhaseId`, `PhaseGroup`, `terrainSwapMap`, `modelid`, `equipment_id`, `position_x`, `position_y`, `position_z`, `orientation`, `spawntimesecs`, `spawndist`, `currentwaypoint`, `curhealth`, `curmana`, `MovementType`, `npcflag`, `unit_flags`, `unit_flags2`, `unit_flags3`, `dynamicflags`, `ScriptName`, `VerifiedBuild`) VALUES (282102273, 138939, 1955, 9778, 9778, '12', 0, 1, 0, -1, 0, 0, -2099.53, 2474.77, 2.82328, 0.751433, 7200, 0, 0, 0, 0, 0, 0, 0, 0, 0, 0, '', 28153);
DELETE FROM `creature` WHERE `guid`=282102272;
INSERT INTO `creature` (`guid`, `id`, `map`, `zoneId`, `areaId`, `spawnDifficulties`, `phaseUseFlags`, `PhaseId`, `PhaseGroup`, `terrainSwapMap`, `modelid`, `equipment_id`, `position_x`, `position_y`, `position_z`, `orientation`, `spawntimesecs`, `spawndist`, `currentwaypoint`, `curhealth`, `curmana`, `MovementType`, `npcflag`, `unit_flags`, `unit_flags2`, `unit_flags3`, `dynamicflags`, `ScriptName`, `VerifiedBuild`) VALUES (282102272, 138944, 1955, 9778, 9778, '12', 0, 1, 0, -1, 0, 0, -1971.33, 2605.54, 16.4546, 1.51485, 7200, 0, 0, 0, 0, 0, 0, 0, 0, 0, 0, '', 28153);
DELETE FROM `creature` WHERE `guid`=282102271;
INSERT INTO `creature` (`guid`, `id`, `map`, `zoneId`, `areaId`, `spawnDifficulties`, `phaseUseFlags`, `PhaseId`, `PhaseGroup`, `terrainSwapMap`, `modelid`, `equipment_id`, `position_x`, `position_y`, `position_z`, `orientation`, `spawntimesecs`, `spawndist`, `currentwaypoint`, `curhealth`, `curmana`, `MovementType`, `npcflag`, `unit_flags`, `unit_flags2`, `unit_flags3`, `dynamicflags`, `ScriptName`, `VerifiedBuild`) VALUES (282102271, 138948, 1955, 9778, 9778, '12', 0, 1, 0, -1, 0, 0, -1985.83, 2594.65, 16.5734, 5.64676, 7200, 0, 0, 0, 0, 0, 0, 0, 0, 0, 0, '', 28153);
DELETE FROM `creature` WHERE `guid`=282102270;
INSERT INTO `creature` (`guid`, `id`, `map`, `zoneId`, `areaId`, `spawnDifficulties`, `phaseUseFlags`, `PhaseId`, `PhaseGroup`, `terrainSwapMap`, `modelid`, `equipment_id`, `position_x`, `position_y`, `position_z`, `orientation`, `spawntimesecs`, `spawndist`, `currentwaypoint`, `curhealth`, `curmana`, `MovementType`, `npcflag`, `unit_flags`, `unit_flags2`, `unit_flags3`, `dynamicflags`, `ScriptName`, `VerifiedBuild`) VALUES (282102270, 138944, 1955, 9778, 9778, '12', 0, 1, 0, -1, 0, 0, -2032.28, 2555.12, 9.24819, 2.44844, 7200, 0, 0, 0, 0, 0, 0, 0, 0, 0, 0, '', 28153);
DELETE FROM `creature` WHERE `guid`=282102269;
INSERT INTO `creature` (`guid`, `id`, `map`, `zoneId`, `areaId`, `spawnDifficulties`, `phaseUseFlags`, `PhaseId`, `PhaseGroup`, `terrainSwapMap`, `modelid`, `equipment_id`, `position_x`, `position_y`, `position_z`, `orientation`, `spawntimesecs`, `spawndist`, `currentwaypoint`, `curhealth`, `curmana`, `MovementType`, `npcflag`, `unit_flags`, `unit_flags2`, `unit_flags3`, `dynamicflags`, `ScriptName`, `VerifiedBuild`) VALUES (282102269, 138944, 1955, 9778, 9778, '12', 0, 1, 0, -1, 0, 0, -2041.99, 2538.62, 9.74063, 2.71032, 7200, 0, 0, 0, 0, 0, 0, 0, 0, 0, 0, '', 28153);
DELETE FROM `creature` WHERE `guid`=282102268;
INSERT INTO `creature` (`guid`, `id`, `map`, `zoneId`, `areaId`, `spawnDifficulties`, `phaseUseFlags`, `PhaseId`, `PhaseGroup`, `terrainSwapMap`, `modelid`, `equipment_id`, `position_x`, `position_y`, `position_z`, `orientation`, `spawntimesecs`, `spawndist`, `currentwaypoint`, `curhealth`, `curmana`, `MovementType`, `npcflag`, `unit_flags`, `unit_flags2`, `unit_flags3`, `dynamicflags`, `ScriptName`, `VerifiedBuild`) VALUES (282102268, 138944, 1955, 9778, 9778, '12', 0, 1, 0, -1, 0, 0, -2028.72, 2559.05, 8.71591, 1.8323, 7200, 0, 0, 0, 0, 0, 0, 0, 0, 0, 0, '', 28153);
DELETE FROM `creature` WHERE `guid`=282102267;
INSERT INTO `creature` (`guid`, `id`, `map`, `zoneId`, `areaId`, `spawnDifficulties`, `phaseUseFlags`, `PhaseId`, `PhaseGroup`, `terrainSwapMap`, `modelid`, `equipment_id`, `position_x`, `position_y`, `position_z`, `orientation`, `spawntimesecs`, `spawndist`, `currentwaypoint`, `curhealth`, `curmana`, `MovementType`, `npcflag`, `unit_flags`, `unit_flags2`, `unit_flags3`, `dynamicflags`, `ScriptName`, `VerifiedBuild`) VALUES (282102267, 138945, 1955, 9778, 9778, '12', 0, 1, 0, -1, 0, 0, -2047.19, 2516.48, 8.61399, 1.3454, 7200, 0, 0, 0, 0, 0, 0, 0, 0, 0, 0, '', 28153);
DELETE FROM `creature` WHERE `guid`=282102266;
INSERT INTO `creature` (`guid`, `id`, `map`, `zoneId`, `areaId`, `spawnDifficulties`, `phaseUseFlags`, `PhaseId`, `PhaseGroup`, `terrainSwapMap`, `modelid`, `equipment_id`, `position_x`, `position_y`, `position_z`, `orientation`, `spawntimesecs`, `spawndist`, `currentwaypoint`, `curhealth`, `curmana`, `MovementType`, `npcflag`, `unit_flags`, `unit_flags2`, `unit_flags3`, `dynamicflags`, `ScriptName`, `VerifiedBuild`) VALUES (282102266, 138945, 1955, 9778, 9778, '12', 0, 1, 0, -1, 0, 0, -2046.41, 2519.89, 8.69946, 4.48699, 7200, 0, 0, 0, 0, 0, 0, 0, 0, 0, 0, '', 28153);
DELETE FROM `creature` WHERE `guid`=282102265;
INSERT INTO `creature` (`guid`, `id`, `map`, `zoneId`, `areaId`, `spawnDifficulties`, `phaseUseFlags`, `PhaseId`, `PhaseGroup`, `terrainSwapMap`, `modelid`, `equipment_id`, `position_x`, `position_y`, `position_z`, `orientation`, `spawntimesecs`, `spawndist`, `currentwaypoint`, `curhealth`, `curmana`, `MovementType`, `npcflag`, `unit_flags`, `unit_flags2`, `unit_flags3`, `dynamicflags`, `ScriptName`, `VerifiedBuild`) VALUES (282102265, 138945, 1955, 9778, 9778, '12', 0, 1, 0, -1, 0, 0, -1883.19, 2631.4, 26.3448, 5.32958, 7200, 0, 0, 0, 0, 0, 0, 0, 0, 0, 0, '', 28153);
DELETE FROM `creature` WHERE `guid`=282102264;
INSERT INTO `creature` (`guid`, `id`, `map`, `zoneId`, `areaId`, `spawnDifficulties`, `phaseUseFlags`, `PhaseId`, `PhaseGroup`, `terrainSwapMap`, `modelid`, `equipment_id`, `position_x`, `position_y`, `position_z`, `orientation`, `spawntimesecs`, `spawndist`, `currentwaypoint`, `curhealth`, `curmana`, `MovementType`, `npcflag`, `unit_flags`, `unit_flags2`, `unit_flags3`, `dynamicflags`, `ScriptName`, `VerifiedBuild`) VALUES (282102264, 138946, 1955, 9778, 9778, '12', 0, 1, 0, -1, 0, 0, -2029.48, 2516.01, 8.5186, 0.233619, 7200, 0, 0, 0, 0, 0, 0, 0, 0, 0, 0, '', 28153);
DELETE FROM `creature` WHERE `guid`=282102263;
INSERT INTO `creature` (`guid`, `id`, `map`, `zoneId`, `areaId`, `spawnDifficulties`, `phaseUseFlags`, `PhaseId`, `PhaseGroup`, `terrainSwapMap`, `modelid`, `equipment_id`, `position_x`, `position_y`, `position_z`, `orientation`, `spawntimesecs`, `spawndist`, `currentwaypoint`, `curhealth`, `curmana`, `MovementType`, `npcflag`, `unit_flags`, `unit_flags2`, `unit_flags3`, `dynamicflags`, `ScriptName`, `VerifiedBuild`) VALUES (282102263, 138946, 1955, 9778, 9778, '12', 0, 1, 0, -1, 0, 0, -1961.2, 2577.7, 14.8227, 5.35343, 7200, 0, 0, 0, 0, 0, 0, 0, 0, 0, 0, '', 28153);
DELETE FROM `creature` WHERE `guid`=282102262;
INSERT INTO `creature` (`guid`, `id`, `map`, `zoneId`, `areaId`, `spawnDifficulties`, `phaseUseFlags`, `PhaseId`, `PhaseGroup`, `terrainSwapMap`, `modelid`, `equipment_id`, `position_x`, `position_y`, `position_z`, `orientation`, `spawntimesecs`, `spawndist`, `currentwaypoint`, `curhealth`, `curmana`, `MovementType`, `npcflag`, `unit_flags`, `unit_flags2`, `unit_flags3`, `dynamicflags`, `ScriptName`, `VerifiedBuild`) VALUES (282102262, 138944, 1955, 9778, 9778, '12', 0, 1, 0, -1, 0, 0, -1975.19, 2569.06, 17.1161, 6.0722, 7200, 0, 0, 0, 0, 0, 0, 0, 0, 0, 0, '', 28153);
DELETE FROM `creature` WHERE `guid`=282102261;
INSERT INTO `creature` (`guid`, `id`, `map`, `zoneId`, `areaId`, `spawnDifficulties`, `phaseUseFlags`, `PhaseId`, `PhaseGroup`, `terrainSwapMap`, `modelid`, `equipment_id`, `position_x`, `position_y`, `position_z`, `orientation`, `spawntimesecs`, `spawndist`, `currentwaypoint`, `curhealth`, `curmana`, `MovementType`, `npcflag`, `unit_flags`, `unit_flags2`, `unit_flags3`, `dynamicflags`, `ScriptName`, `VerifiedBuild`) VALUES (282102261, 138945, 1955, 9778, 9778, '12', 0, 1, 0, -1, 0, 0, -1881.82, 2629.46, 26.4253, 2.18799, 7200, 0, 0, 0, 0, 0, 0, 0, 0, 0, 0, '', 28153);
DELETE FROM `creature` WHERE `guid`=282102260;
INSERT INTO `creature` (`guid`, `id`, `map`, `zoneId`, `areaId`, `spawnDifficulties`, `phaseUseFlags`, `PhaseId`, `PhaseGroup`, `terrainSwapMap`, `modelid`, `equipment_id`, `position_x`, `position_y`, `position_z`, `orientation`, `spawntimesecs`, `spawndist`, `currentwaypoint`, `curhealth`, `curmana`, `MovementType`, `npcflag`, `unit_flags`, `unit_flags2`, `unit_flags3`, `dynamicflags`, `ScriptName`, `VerifiedBuild`) VALUES (282102260, 138945, 1955, 9778, 9778, '12', 0, 1, 0, -1, 0, 0, -1999.67, 2541.98, 11.7325, 4.63568, 7200, 0, 0, 0, 0, 0, 0, 0, 0, 0, 0, '', 28153);
DELETE FROM `creature` WHERE `guid`=282102259;
INSERT INTO `creature` (`guid`, `id`, `map`, `zoneId`, `areaId`, `spawnDifficulties`, `phaseUseFlags`, `PhaseId`, `PhaseGroup`, `terrainSwapMap`, `modelid`, `equipment_id`, `position_x`, `position_y`, `position_z`, `orientation`, `spawntimesecs`, `spawndist`, `currentwaypoint`, `curhealth`, `curmana`, `MovementType`, `npcflag`, `unit_flags`, `unit_flags2`, `unit_flags3`, `dynamicflags`, `ScriptName`, `VerifiedBuild`) VALUES (282102259, 138945, 1955, 9778, 9778, '12', 0, 1, 0, -1, 0, 0, -1940.04, 2582.71, 15.9801, 5.32976, 7200, 0, 0, 0, 0, 0, 0, 0, 0, 0, 0, '', 28153);
DELETE FROM `creature` WHERE `guid`=282102258;
INSERT INTO `creature` (`guid`, `id`, `map`, `zoneId`, `areaId`, `spawnDifficulties`, `phaseUseFlags`, `PhaseId`, `PhaseGroup`, `terrainSwapMap`, `modelid`, `equipment_id`, `position_x`, `position_y`, `position_z`, `orientation`, `spawntimesecs`, `spawndist`, `currentwaypoint`, `curhealth`, `curmana`, `MovementType`, `npcflag`, `unit_flags`, `unit_flags2`, `unit_flags3`, `dynamicflags`, `ScriptName`, `VerifiedBuild`) VALUES (282102258, 138945, 1955, 9778, 9778, '12', 0, 1, 0, -1, 0, 0, -1938.67, 2580.78, 15.9769, 2.18817, 7200, 0, 0, 0, 0, 0, 0, 0, 0, 0, 0, '', 28153);
DELETE FROM `creature` WHERE `guid`=282102257;
INSERT INTO `creature` (`guid`, `id`, `map`, `zoneId`, `areaId`, `spawnDifficulties`, `phaseUseFlags`, `PhaseId`, `PhaseGroup`, `terrainSwapMap`, `modelid`, `equipment_id`, `position_x`, `position_y`, `position_z`, `orientation`, `spawntimesecs`, `spawndist`, `currentwaypoint`, `curhealth`, `curmana`, `MovementType`, `npcflag`, `unit_flags`, `unit_flags2`, `unit_flags3`, `dynamicflags`, `ScriptName`, `VerifiedBuild`) VALUES (282102257, 138946, 1955, 9778, 9778, '12', 0, 1, 0, -1, 0, 0, -1902.55, 2585.53, 36.2218, 4.76136, 7200, 0, 0, 0, 0, 0, 0, 0, 0, 0, 0, '', 28153);
DELETE FROM `creature` WHERE `guid`=282102256;
INSERT INTO `creature` (`guid`, `id`, `map`, `zoneId`, `areaId`, `spawnDifficulties`, `phaseUseFlags`, `PhaseId`, `PhaseGroup`, `terrainSwapMap`, `modelid`, `equipment_id`, `position_x`, `position_y`, `position_z`, `orientation`, `spawntimesecs`, `spawndist`, `currentwaypoint`, `curhealth`, `curmana`, `MovementType`, `npcflag`, `unit_flags`, `unit_flags2`, `unit_flags3`, `dynamicflags`, `ScriptName`, `VerifiedBuild`) VALUES (282102256, 138945, 1955, 9778, 9778, '12', 0, 1, 0, -1, 0, 0, -1873.47, 2589.47, 24.1959, 4.644, 7200, 0, 0, 0, 0, 0, 0, 0, 0, 0, 0, '', 28153);
DELETE FROM `creature` WHERE `guid`=282102255;
INSERT INTO `creature` (`guid`, `id`, `map`, `zoneId`, `areaId`, `spawnDifficulties`, `phaseUseFlags`, `PhaseId`, `PhaseGroup`, `terrainSwapMap`, `modelid`, `equipment_id`, `position_x`, `position_y`, `position_z`, `orientation`, `spawntimesecs`, `spawndist`, `currentwaypoint`, `curhealth`, `curmana`, `MovementType`, `npcflag`, `unit_flags`, `unit_flags2`, `unit_flags3`, `dynamicflags`, `ScriptName`, `VerifiedBuild`) VALUES (282102255, 138945, 1955, 9778, 9778, '12', 0, 1, 0, -1, 0, 0, -1996.77, 2480.24, 7.0197, 5.84039, 7200, 10, 0, 0, 0, 1, 0, 0, 0, 0, 0, '', 28153);
DELETE FROM `creature` WHERE `guid`=282102254;
INSERT INTO `creature` (`guid`, `id`, `map`, `zoneId`, `areaId`, `spawnDifficulties`, `phaseUseFlags`, `PhaseId`, `PhaseGroup`, `terrainSwapMap`, `modelid`, `equipment_id`, `position_x`, `position_y`, `position_z`, `orientation`, `spawntimesecs`, `spawndist`, `currentwaypoint`, `curhealth`, `curmana`, `MovementType`, `npcflag`, `unit_flags`, `unit_flags2`, `unit_flags3`, `dynamicflags`, `ScriptName`, `VerifiedBuild`) VALUES (282102254, 138946, 1955, 9778, 9778, '12', 0, 1, 0, -1, 0, 0, -1873.92, 2549.46, 26.6878, 3.15461, 7200, 0, 0, 0, 0, 0, 0, 0, 0, 0, 0, '', 28153);
DELETE FROM `creature` WHERE `guid`=282102253;
INSERT INTO `creature` (`guid`, `id`, `map`, `zoneId`, `areaId`, `spawnDifficulties`, `phaseUseFlags`, `PhaseId`, `PhaseGroup`, `terrainSwapMap`, `modelid`, `equipment_id`, `position_x`, `position_y`, `position_z`, `orientation`, `spawntimesecs`, `spawndist`, `currentwaypoint`, `curhealth`, `curmana`, `MovementType`, `npcflag`, `unit_flags`, `unit_flags2`, `unit_flags3`, `dynamicflags`, `ScriptName`, `VerifiedBuild`) VALUES (282102253, 138946, 1955, 9778, 9778, '12', 0, 1, 0, -1, 0, 0, -1923.1, 2517.56, 18.5975, 4.29002, 7200, 0, 0, 0, 0, 0, 0, 0, 0, 0, 0, '', 28153);
DELETE FROM `creature` WHERE `guid`=282102252;
INSERT INTO `creature` (`guid`, `id`, `map`, `zoneId`, `areaId`, `spawnDifficulties`, `phaseUseFlags`, `PhaseId`, `PhaseGroup`, `terrainSwapMap`, `modelid`, `equipment_id`, `position_x`, `position_y`, `position_z`, `orientation`, `spawntimesecs`, `spawndist`, `currentwaypoint`, `curhealth`, `curmana`, `MovementType`, `npcflag`, `unit_flags`, `unit_flags2`, `unit_flags3`, `dynamicflags`, `ScriptName`, `VerifiedBuild`) VALUES (282102252, 138946, 1955, 9778, 9778, '12', 0, 1, 0, -1, 0, 0, -1976.86, 2495.08, 10.6579, 5.49904, 7200, 10, 0, 0, 0, 1, 0, 0, 0, 0, 0, '', 28153);
DELETE FROM `creature` WHERE `guid`=282102251;
INSERT INTO `creature` (`guid`, `id`, `map`, `zoneId`, `areaId`, `spawnDifficulties`, `phaseUseFlags`, `PhaseId`, `PhaseGroup`, `terrainSwapMap`, `modelid`, `equipment_id`, `position_x`, `position_y`, `position_z`, `orientation`, `spawntimesecs`, `spawndist`, `currentwaypoint`, `curhealth`, `curmana`, `MovementType`, `npcflag`, `unit_flags`, `unit_flags2`, `unit_flags3`, `dynamicflags`, `ScriptName`, `VerifiedBuild`) VALUES (282102251, 138944, 1955, 9778, 9778, '12', 0, 1, 0, -1, 0, 0, -1911.73, 2492.54, 5.5335, 0.756606, 7200, 0, 0, 0, 0, 0, 0, 0, 0, 0, 0, '', 28153);
DELETE FROM `creature` WHERE `guid`=282102250;
INSERT INTO `creature` (`guid`, `id`, `map`, `zoneId`, `areaId`, `spawnDifficulties`, `phaseUseFlags`, `PhaseId`, `PhaseGroup`, `terrainSwapMap`, `modelid`, `equipment_id`, `position_x`, `position_y`, `position_z`, `orientation`, `spawntimesecs`, `spawndist`, `currentwaypoint`, `curhealth`, `curmana`, `MovementType`, `npcflag`, `unit_flags`, `unit_flags2`, `unit_flags3`, `dynamicflags`, `ScriptName`, `VerifiedBuild`) VALUES (282102250, 138944, 1955, 9778, 9778, '12', 0, 1, 0, -1, 0, 0, -1897.95, 2494.18, 7.69244, 2.42162, 7200, 0, 0, 0, 0, 0, 0, 0, 0, 0, 0, '', 28153);
DELETE FROM `creature` WHERE `guid`=282102249;
INSERT INTO `creature` (`guid`, `id`, `map`, `zoneId`, `areaId`, `spawnDifficulties`, `phaseUseFlags`, `PhaseId`, `PhaseGroup`, `terrainSwapMap`, `modelid`, `equipment_id`, `position_x`, `position_y`, `position_z`, `orientation`, `spawntimesecs`, `spawndist`, `currentwaypoint`, `curhealth`, `curmana`, `MovementType`, `npcflag`, `unit_flags`, `unit_flags2`, `unit_flags3`, `dynamicflags`, `ScriptName`, `VerifiedBuild`) VALUES (282102249, 138944, 1955, 9778, 9778, '12', 0, 1, 0, -1, 0, 0, -1904.6, 2491.67, 6.17651, 1.82119, 7200, 0, 0, 0, 0, 0, 0, 0, 0, 0, 0, '', 28153);
DELETE FROM `creature` WHERE `guid`=282102248;
INSERT INTO `creature` (`guid`, `id`, `map`, `zoneId`, `areaId`, `spawnDifficulties`, `phaseUseFlags`, `PhaseId`, `PhaseGroup`, `terrainSwapMap`, `modelid`, `equipment_id`, `position_x`, `position_y`, `position_z`, `orientation`, `spawntimesecs`, `spawndist`, `currentwaypoint`, `curhealth`, `curmana`, `MovementType`, `npcflag`, `unit_flags`, `unit_flags2`, `unit_flags3`, `dynamicflags`, `ScriptName`, `VerifiedBuild`) VALUES (282102248, 138896, 1955, 9778, 9778, '12', 0, 1, 0, -1, 0, 0, -1807.43, 2276.93, 2.72436, 0.229401, 7200, 10, 0, 0, 0, 1, 0, 0, 0, 0, 0, '', 28153);
DELETE FROM `creature` WHERE `guid`=282102247;
INSERT INTO `creature` (`guid`, `id`, `map`, `zoneId`, `areaId`, `spawnDifficulties`, `phaseUseFlags`, `PhaseId`, `PhaseGroup`, `terrainSwapMap`, `modelid`, `equipment_id`, `position_x`, `position_y`, `position_z`, `orientation`, `spawntimesecs`, `spawndist`, `currentwaypoint`, `curhealth`, `curmana`, `MovementType`, `npcflag`, `unit_flags`, `unit_flags2`, `unit_flags3`, `dynamicflags`, `ScriptName`, `VerifiedBuild`) VALUES (282102247, 138944, 1955, 9778, 9778, '12', 0, 1, 0, -1, 0, 0, -1942.97, 2479, 9.36195, 4.53238, 7200, 0, 0, 0, 0, 0, 0, 0, 0, 0, 0, '', 28153);
DELETE FROM `creature` WHERE `guid`=282102246;
INSERT INTO `creature` (`guid`, `id`, `map`, `zoneId`, `areaId`, `spawnDifficulties`, `phaseUseFlags`, `PhaseId`, `PhaseGroup`, `terrainSwapMap`, `modelid`, `equipment_id`, `position_x`, `position_y`, `position_z`, `orientation`, `spawntimesecs`, `spawndist`, `currentwaypoint`, `curhealth`, `curmana`, `MovementType`, `npcflag`, `unit_flags`, `unit_flags2`, `unit_flags3`, `dynamicflags`, `ScriptName`, `VerifiedBuild`) VALUES (282102246, 143781, 1955, 9778, 9778, '12', 0, 1, 0, -1, 0, 0, -1852.81, 2447.31, 7.60802, 3.63836, 7200, 0, 0, 0, 0, 0, 0, 0, 0, 0, 0, '', 28153);
DELETE FROM `creature` WHERE `guid`=282102245;
INSERT INTO `creature` (`guid`, `id`, `map`, `zoneId`, `areaId`, `spawnDifficulties`, `phaseUseFlags`, `PhaseId`, `PhaseGroup`, `terrainSwapMap`, `modelid`, `equipment_id`, `position_x`, `position_y`, `position_z`, `orientation`, `spawntimesecs`, `spawndist`, `currentwaypoint`, `curhealth`, `curmana`, `MovementType`, `npcflag`, `unit_flags`, `unit_flags2`, `unit_flags3`, `dynamicflags`, `ScriptName`, `VerifiedBuild`) VALUES (282102245, 143782, 1955, 9778, 9778, '12', 0, 1, 0, -1, 0, 0, -1856.66, 2445.91, 7.99368, 5.79973, 7200, 0, 0, 0, 0, 0, 0, 0, 0, 0, 0, '', 28153);
DELETE FROM `creature` WHERE `guid`=282102244;
INSERT INTO `creature` (`guid`, `id`, `map`, `zoneId`, `areaId`, `spawnDifficulties`, `phaseUseFlags`, `PhaseId`, `PhaseGroup`, `terrainSwapMap`, `modelid`, `equipment_id`, `position_x`, `position_y`, `position_z`, `orientation`, `spawntimesecs`, `spawndist`, `currentwaypoint`, `curhealth`, `curmana`, `MovementType`, `npcflag`, `unit_flags`, `unit_flags2`, `unit_flags3`, `dynamicflags`, `ScriptName`, `VerifiedBuild`) VALUES (282102244, 138939, 1955, 9778, 9778, '12', 0, 1, 0, -1, 0, 0, -1766.06, 2381.22, 2.84221, 5.46194, 7200, 0, 0, 0, 0, 0, 0, 0, 0, 0, 0, '', 28153);
DELETE FROM `creature` WHERE `guid`=282102243;
INSERT INTO `creature` (`guid`, `id`, `map`, `zoneId`, `areaId`, `spawnDifficulties`, `phaseUseFlags`, `PhaseId`, `PhaseGroup`, `terrainSwapMap`, `modelid`, `equipment_id`, `position_x`, `position_y`, `position_z`, `orientation`, `spawntimesecs`, `spawndist`, `currentwaypoint`, `curhealth`, `curmana`, `MovementType`, `npcflag`, `unit_flags`, `unit_flags2`, `unit_flags3`, `dynamicflags`, `ScriptName`, `VerifiedBuild`) VALUES (282102243, 143781, 1955, 9778, 9778, '12', 0, 1, 0, -1, 0, 0, -1850.71, 2443.99, 7.52233, 2.44349, 7200, 0, 0, 0, 0, 0, 0, 0, 0, 0, 0, '', 28153);
DELETE FROM `creature` WHERE `guid`=282102242;
INSERT INTO `creature` (`guid`, `id`, `map`, `zoneId`, `areaId`, `spawnDifficulties`, `phaseUseFlags`, `PhaseId`, `PhaseGroup`, `terrainSwapMap`, `modelid`, `equipment_id`, `position_x`, `position_y`, `position_z`, `orientation`, `spawntimesecs`, `spawndist`, `currentwaypoint`, `curhealth`, `curmana`, `MovementType`, `npcflag`, `unit_flags`, `unit_flags2`, `unit_flags3`, `dynamicflags`, `ScriptName`, `VerifiedBuild`) VALUES (282102242, 138939, 1955, 9778, 9778, '12', 0, 1, 0, -1, 0, 0, -1758.99, 2346.64, 1.90228, 3.67138, 7200, 10, 0, 0, 0, 1, 0, 0, 0, 0, 0, '', 28153);
DELETE FROM `creature` WHERE `guid`=282102241;
INSERT INTO `creature` (`guid`, `id`, `map`, `zoneId`, `areaId`, `spawnDifficulties`, `phaseUseFlags`, `PhaseId`, `PhaseGroup`, `terrainSwapMap`, `modelid`, `equipment_id`, `position_x`, `position_y`, `position_z`, `orientation`, `spawntimesecs`, `spawndist`, `currentwaypoint`, `curhealth`, `curmana`, `MovementType`, `npcflag`, `unit_flags`, `unit_flags2`, `unit_flags3`, `dynamicflags`, `ScriptName`, `VerifiedBuild`) VALUES (282102241, 138939, 1955, 9778, 9778, '12', 0, 1, 0, -1, 0, 0, -1746.37, 2383.68, 2.12744, 1.174, 7200, 0, 0, 0, 0, 0, 0, 0, 0, 0, 0, '', 28153);
DELETE FROM `creature` WHERE `guid`=282102240;
INSERT INTO `creature` (`guid`, `id`, `map`, `zoneId`, `areaId`, `spawnDifficulties`, `phaseUseFlags`, `PhaseId`, `PhaseGroup`, `terrainSwapMap`, `modelid`, `equipment_id`, `position_x`, `position_y`, `position_z`, `orientation`, `spawntimesecs`, `spawndist`, `currentwaypoint`, `curhealth`, `curmana`, `MovementType`, `npcflag`, `unit_flags`, `unit_flags2`, `unit_flags3`, `dynamicflags`, `ScriptName`, `VerifiedBuild`) VALUES (282102240, 138944, 1955, 9778, 9778, '12', 0, 1, 0, -1, 0, 0, -1939.77, 2475.52, 9.93374, 3.5156, 7200, 0, 0, 0, 0, 0, 0, 0, 0, 0, 0, '', 28153);
DELETE FROM `creature` WHERE `guid`=282102239;
INSERT INTO `creature` (`guid`, `id`, `map`, `zoneId`, `areaId`, `spawnDifficulties`, `phaseUseFlags`, `PhaseId`, `PhaseGroup`, `terrainSwapMap`, `modelid`, `equipment_id`, `position_x`, `position_y`, `position_z`, `orientation`, `spawntimesecs`, `spawndist`, `currentwaypoint`, `curhealth`, `curmana`, `MovementType`, `npcflag`, `unit_flags`, `unit_flags2`, `unit_flags3`, `dynamicflags`, `ScriptName`, `VerifiedBuild`) VALUES (282102239, 138939, 1955, 9778, 9778, '12', 0, 1, 0, -1, 0, 0, -1774.15, 2412.34, 3.42601, 2.60956, 7200, 0, 0, 0, 0, 0, 0, 0, 0, 0, 0, '', 28153);
DELETE FROM `creature` WHERE `guid`=282102238;
INSERT INTO `creature` (`guid`, `id`, `map`, `zoneId`, `areaId`, `spawnDifficulties`, `phaseUseFlags`, `PhaseId`, `PhaseGroup`, `terrainSwapMap`, `modelid`, `equipment_id`, `position_x`, `position_y`, `position_z`, `orientation`, `spawntimesecs`, `spawndist`, `currentwaypoint`, `curhealth`, `curmana`, `MovementType`, `npcflag`, `unit_flags`, `unit_flags2`, `unit_flags3`, `dynamicflags`, `ScriptName`, `VerifiedBuild`) VALUES (282102238, 138939, 1955, 9778, 9778, '12', 0, 1, 0, -1, 0, 0, -1789.25, 2298.09, 3.37037, 2.9073, 7200, 0, 0, 0, 0, 0, 0, 0, 0, 0, 0, '', 28153);
DELETE FROM `creature` WHERE `guid`=282102237;
INSERT INTO `creature` (`guid`, `id`, `map`, `zoneId`, `areaId`, `spawnDifficulties`, `phaseUseFlags`, `PhaseId`, `PhaseGroup`, `terrainSwapMap`, `modelid`, `equipment_id`, `position_x`, `position_y`, `position_z`, `orientation`, `spawntimesecs`, `spawndist`, `currentwaypoint`, `curhealth`, `curmana`, `MovementType`, `npcflag`, `unit_flags`, `unit_flags2`, `unit_flags3`, `dynamicflags`, `ScriptName`, `VerifiedBuild`) VALUES (282102237, 138939, 1955, 9778, 9778, '12', 0, 1, 0, -1, 0, 0, -1788.62, 2273.44, 3.78681, 1.67131, 7200, 10, 0, 0, 0, 1, 0, 0, 0, 0, 0, '', 28153);
DELETE FROM `creature` WHERE `guid`=282102236;
INSERT INTO `creature` (`guid`, `id`, `map`, `zoneId`, `areaId`, `spawnDifficulties`, `phaseUseFlags`, `PhaseId`, `PhaseGroup`, `terrainSwapMap`, `modelid`, `equipment_id`, `position_x`, `position_y`, `position_z`, `orientation`, `spawntimesecs`, `spawndist`, `currentwaypoint`, `curhealth`, `curmana`, `MovementType`, `npcflag`, `unit_flags`, `unit_flags2`, `unit_flags3`, `dynamicflags`, `ScriptName`, `VerifiedBuild`) VALUES (282102236, 138939, 1955, 9778, 9778, '12', 0, 1, 0, -1, 0, 0, -1759.18, 2308.62, 1.73898, 3.16182, 7200, 10, 0, 0, 0, 1, 0, 0, 0, 0, 0, '', 28153);
DELETE FROM `creature` WHERE `guid`=282102235;
INSERT INTO `creature` (`guid`, `id`, `map`, `zoneId`, `areaId`, `spawnDifficulties`, `phaseUseFlags`, `PhaseId`, `PhaseGroup`, `terrainSwapMap`, `modelid`, `equipment_id`, `position_x`, `position_y`, `position_z`, `orientation`, `spawntimesecs`, `spawndist`, `currentwaypoint`, `curhealth`, `curmana`, `MovementType`, `npcflag`, `unit_flags`, `unit_flags2`, `unit_flags3`, `dynamicflags`, `ScriptName`, `VerifiedBuild`) VALUES (282102235, 138946, 1955, 9778, 9778, '12', 0, 1, 0, -1, 0, 0, -2018.3, 2463.75, 6.90255, 4.28763, 7200, 10, 0, 0, 0, 1, 0, 0, 0, 0, 0, '', 28153);
DELETE FROM `creature` WHERE `guid`=282102234;
INSERT INTO `creature` (`guid`, `id`, `map`, `zoneId`, `areaId`, `spawnDifficulties`, `phaseUseFlags`, `PhaseId`, `PhaseGroup`, `terrainSwapMap`, `modelid`, `equipment_id`, `position_x`, `position_y`, `position_z`, `orientation`, `spawntimesecs`, `spawndist`, `currentwaypoint`, `curhealth`, `curmana`, `MovementType`, `npcflag`, `unit_flags`, `unit_flags2`, `unit_flags3`, `dynamicflags`, `ScriptName`, `VerifiedBuild`) VALUES (282102234, 138973, 1955, 9778, 9778, '12', 0, 1, 0, -1, 0, 0, -2065.68, 2179.65, 6.37871, 1.99967, 7200, 0, 0, 0, 0, 0, 0, 0, 0, 0, 0, '', 28153);
DELETE FROM `creature` WHERE `guid`=282102233;
INSERT INTO `creature` (`guid`, `id`, `map`, `zoneId`, `areaId`, `spawnDifficulties`, `phaseUseFlags`, `PhaseId`, `PhaseGroup`, `terrainSwapMap`, `modelid`, `equipment_id`, `position_x`, `position_y`, `position_z`, `orientation`, `spawntimesecs`, `spawndist`, `currentwaypoint`, `curhealth`, `curmana`, `MovementType`, `npcflag`, `unit_flags`, `unit_flags2`, `unit_flags3`, `dynamicflags`, `ScriptName`, `VerifiedBuild`) VALUES (282102233, 138939, 1955, 9778, 9778, '12', 0, 1, 0, -1, 0, 0, -2112.78, 2447.36, 1.4429, 2.99859, 7200, 10, 0, 0, 0, 1, 0, 0, 0, 0, 0, '', 28153);
DELETE FROM `creature` WHERE `guid`=282102232;
INSERT INTO `creature` (`guid`, `id`, `map`, `zoneId`, `areaId`, `spawnDifficulties`, `phaseUseFlags`, `PhaseId`, `PhaseGroup`, `terrainSwapMap`, `modelid`, `equipment_id`, `position_x`, `position_y`, `position_z`, `orientation`, `spawntimesecs`, `spawndist`, `currentwaypoint`, `curhealth`, `curmana`, `MovementType`, `npcflag`, `unit_flags`, `unit_flags2`, `unit_flags3`, `dynamicflags`, `ScriptName`, `VerifiedBuild`) VALUES (282102232, 138939, 1955, 9778, 9778, '12', 0, 1, 0, -1, 0, 0, -1843.24, 2276.26, 3.14523, 5.6002, 7200, 10, 0, 0, 0, 1, 0, 0, 0, 0, 0, '', 28153);
DELETE FROM `creature` WHERE `guid`=282102231;
INSERT INTO `creature` (`guid`, `id`, `map`, `zoneId`, `areaId`, `spawnDifficulties`, `phaseUseFlags`, `PhaseId`, `PhaseGroup`, `terrainSwapMap`, `modelid`, `equipment_id`, `position_x`, `position_y`, `position_z`, `orientation`, `spawntimesecs`, `spawndist`, `currentwaypoint`, `curhealth`, `curmana`, `MovementType`, `npcflag`, `unit_flags`, `unit_flags2`, `unit_flags3`, `dynamicflags`, `ScriptName`, `VerifiedBuild`) VALUES (282102231, 138944, 1955, 9778, 9778, '12', 0, 1, 0, -1, 0, 0, -2042.89, 2436.48, 9.03951, 2.5873, 7200, 0, 0, 0, 0, 0, 0, 0, 0, 0, 0, '', 28153);
DELETE FROM `creature` WHERE `guid`=282102230;
INSERT INTO `creature` (`guid`, `id`, `map`, `zoneId`, `areaId`, `spawnDifficulties`, `phaseUseFlags`, `PhaseId`, `PhaseGroup`, `terrainSwapMap`, `modelid`, `equipment_id`, `position_x`, `position_y`, `position_z`, `orientation`, `spawntimesecs`, `spawndist`, `currentwaypoint`, `curhealth`, `curmana`, `MovementType`, `npcflag`, `unit_flags`, `unit_flags2`, `unit_flags3`, `dynamicflags`, `ScriptName`, `VerifiedBuild`) VALUES (282102230, 143780, 1955, 9778, 9778, '12', 0, 1, 0, -1, 0, 0, -1921.75, 2342.56, 8.53674, 3.67347, 7200, 0, 0, 0, 0, 0, 0, 0, 0, 0, 0, '', 28153);
DELETE FROM `creature` WHERE `guid`=282102229;
INSERT INTO `creature` (`guid`, `id`, `map`, `zoneId`, `areaId`, `spawnDifficulties`, `phaseUseFlags`, `PhaseId`, `PhaseGroup`, `terrainSwapMap`, `modelid`, `equipment_id`, `position_x`, `position_y`, `position_z`, `orientation`, `spawntimesecs`, `spawndist`, `currentwaypoint`, `curhealth`, `curmana`, `MovementType`, `npcflag`, `unit_flags`, `unit_flags2`, `unit_flags3`, `dynamicflags`, `ScriptName`, `VerifiedBuild`) VALUES (282102229, 143781, 1955, 9778, 9778, '12', 0, 1, 0, -1, 0, 0, -1981.55, 2305.09, 5.60492, 3.63836, 7200, 0, 0, 0, 0, 0, 0, 0, 0, 0, 0, '', 28153);
DELETE FROM `creature` WHERE `guid`=282102228;
INSERT INTO `creature` (`guid`, `id`, `map`, `zoneId`, `areaId`, `spawnDifficulties`, `phaseUseFlags`, `PhaseId`, `PhaseGroup`, `terrainSwapMap`, `modelid`, `equipment_id`, `position_x`, `position_y`, `position_z`, `orientation`, `spawntimesecs`, `spawndist`, `currentwaypoint`, `curhealth`, `curmana`, `MovementType`, `npcflag`, `unit_flags`, `unit_flags2`, `unit_flags3`, `dynamicflags`, `ScriptName`, `VerifiedBuild`) VALUES (282102228, 143782, 1955, 9778, 9778, '12', 0, 1, 0, -1, 0, 0, -1931.42, 2271.93, 8.27389, 5.79973, 7200, 0, 0, 0, 0, 0, 0, 0, 0, 0, 0, '', 28153);
DELETE FROM `creature` WHERE `guid`=282102227;
INSERT INTO `creature` (`guid`, `id`, `map`, `zoneId`, `areaId`, `spawnDifficulties`, `phaseUseFlags`, `PhaseId`, `PhaseGroup`, `terrainSwapMap`, `modelid`, `equipment_id`, `position_x`, `position_y`, `position_z`, `orientation`, `spawntimesecs`, `spawndist`, `currentwaypoint`, `curhealth`, `curmana`, `MovementType`, `npcflag`, `unit_flags`, `unit_flags2`, `unit_flags3`, `dynamicflags`, `ScriptName`, `VerifiedBuild`) VALUES (282102227, 138939, 1955, 9778, 9778, '12', 0, 1, 0, -1, 0, 0, -1903.06, 2183.7, 3.55956, 0, 7200, 0, 0, 0, 0, 0, 0, 0, 0, 0, 0, '', 28153);
DELETE FROM `creature` WHERE `guid`=282102226;
INSERT INTO `creature` (`guid`, `id`, `map`, `zoneId`, `areaId`, `spawnDifficulties`, `phaseUseFlags`, `PhaseId`, `PhaseGroup`, `terrainSwapMap`, `modelid`, `equipment_id`, `position_x`, `position_y`, `position_z`, `orientation`, `spawntimesecs`, `spawndist`, `currentwaypoint`, `curhealth`, `curmana`, `MovementType`, `npcflag`, `unit_flags`, `unit_flags2`, `unit_flags3`, `dynamicflags`, `ScriptName`, `VerifiedBuild`) VALUES (282102226, 143780, 1955, 9778, 9778, '12', 0, 1, 0, -1, 0, 0, -1997.71, 2362.8, 9.22214, 0.0157153, 7200, 0, 0, 0, 0, 0, 0, 0, 0, 0, 0, '', 28153);
DELETE FROM `creature` WHERE `guid`=282102225;
INSERT INTO `creature` (`guid`, `id`, `map`, `zoneId`, `areaId`, `spawnDifficulties`, `phaseUseFlags`, `PhaseId`, `PhaseGroup`, `terrainSwapMap`, `modelid`, `equipment_id`, `position_x`, `position_y`, `position_z`, `orientation`, `spawntimesecs`, `spawndist`, `currentwaypoint`, `curhealth`, `curmana`, `MovementType`, `npcflag`, `unit_flags`, `unit_flags2`, `unit_flags3`, `dynamicflags`, `ScriptName`, `VerifiedBuild`) VALUES (282102225, 143779, 1955, 9778, 9778, '12', 0, 1, 0, -1, 0, 0, -1973.55, 2336.94, 6.38191, 3.51157, 7200, 10, 0, 0, 0, 1, 0, 0, 0, 0, 0, '', 28153);
DELETE FROM `creature` WHERE `guid`=282102224;
INSERT INTO `creature` (`guid`, `id`, `map`, `zoneId`, `areaId`, `spawnDifficulties`, `phaseUseFlags`, `PhaseId`, `PhaseGroup`, `terrainSwapMap`, `modelid`, `equipment_id`, `position_x`, `position_y`, `position_z`, `orientation`, `spawntimesecs`, `spawndist`, `currentwaypoint`, `curhealth`, `curmana`, `MovementType`, `npcflag`, `unit_flags`, `unit_flags2`, `unit_flags3`, `dynamicflags`, `ScriptName`, `VerifiedBuild`) VALUES (282102224, 143780, 1955, 9778, 9778, '12', 0, 1, 0, -1, 0, 0, -1961.1, 2446.88, 9.54815, 0.643399, 7200, 10, 0, 0, 0, 1, 0, 0, 0, 0, 0, '', 28153);
DELETE FROM `creature` WHERE `guid`=282102223;
INSERT INTO `creature` (`guid`, `id`, `map`, `zoneId`, `areaId`, `spawnDifficulties`, `phaseUseFlags`, `PhaseId`, `PhaseGroup`, `terrainSwapMap`, `modelid`, `equipment_id`, `position_x`, `position_y`, `position_z`, `orientation`, `spawntimesecs`, `spawndist`, `currentwaypoint`, `curhealth`, `curmana`, `MovementType`, `npcflag`, `unit_flags`, `unit_flags2`, `unit_flags3`, `dynamicflags`, `ScriptName`, `VerifiedBuild`) VALUES (282102223, 143781, 1955, 9778, 9778, '12', 0, 1, 0, -1, 0, 0, -1979.45, 2301.77, 6.03851, 2.44349, 7200, 0, 0, 0, 0, 0, 0, 0, 0, 0, 0, '', 28153);
DELETE FROM `creature` WHERE `guid`=282102222;
INSERT INTO `creature` (`guid`, `id`, `map`, `zoneId`, `areaId`, `spawnDifficulties`, `phaseUseFlags`, `PhaseId`, `PhaseGroup`, `terrainSwapMap`, `modelid`, `equipment_id`, `position_x`, `position_y`, `position_z`, `orientation`, `spawntimesecs`, `spawndist`, `currentwaypoint`, `curhealth`, `curmana`, `MovementType`, `npcflag`, `unit_flags`, `unit_flags2`, `unit_flags3`, `dynamicflags`, `ScriptName`, `VerifiedBuild`) VALUES (282102222, 143782, 1955, 9778, 9778, '12', 0, 1, 0, -1, 0, 0, -1985.4, 2303.7, 5.4277, 5.79973, 7200, 0, 0, 0, 0, 0, 0, 0, 0, 0, 0, '', 28153);
DELETE FROM `creature` WHERE `guid`=282102221;
INSERT INTO `creature` (`guid`, `id`, `map`, `zoneId`, `areaId`, `spawnDifficulties`, `phaseUseFlags`, `PhaseId`, `PhaseGroup`, `terrainSwapMap`, `modelid`, `equipment_id`, `position_x`, `position_y`, `position_z`, `orientation`, `spawntimesecs`, `spawndist`, `currentwaypoint`, `curhealth`, `curmana`, `MovementType`, `npcflag`, `unit_flags`, `unit_flags2`, `unit_flags3`, `dynamicflags`, `ScriptName`, `VerifiedBuild`) VALUES (282102221, 143783, 1955, 9778, 9778, '12', 0, 1, 0, -1, 0, 0, -2003.51, 2259.35, 5.12689, 1.04076, 7200, 10, 0, 0, 0, 1, 0, 0, 0, 0, 0, '', 28153);
DELETE FROM `creature` WHERE `guid`=282102220;
INSERT INTO `creature` (`guid`, `id`, `map`, `zoneId`, `areaId`, `spawnDifficulties`, `phaseUseFlags`, `PhaseId`, `PhaseGroup`, `terrainSwapMap`, `modelid`, `equipment_id`, `position_x`, `position_y`, `position_z`, `orientation`, `spawntimesecs`, `spawndist`, `currentwaypoint`, `curhealth`, `curmana`, `MovementType`, `npcflag`, `unit_flags`, `unit_flags2`, `unit_flags3`, `dynamicflags`, `ScriptName`, `VerifiedBuild`) VALUES (282102220, 143779, 1955, 9778, 9778, '12', 0, 1, 0, -1, 0, 0, -1902.53, 2410.59, 7.92392, 1.07877, 7200, 10, 0, 0, 0, 1, 0, 0, 0, 0, 0, '', 28153);
DELETE FROM `creature` WHERE `guid`=282102219;
INSERT INTO `creature` (`guid`, `id`, `map`, `zoneId`, `areaId`, `spawnDifficulties`, `phaseUseFlags`, `PhaseId`, `PhaseGroup`, `terrainSwapMap`, `modelid`, `equipment_id`, `position_x`, `position_y`, `position_z`, `orientation`, `spawntimesecs`, `spawndist`, `currentwaypoint`, `curhealth`, `curmana`, `MovementType`, `npcflag`, `unit_flags`, `unit_flags2`, `unit_flags3`, `dynamicflags`, `ScriptName`, `VerifiedBuild`) VALUES (282102219, 138944, 1955, 9778, 9778, '12', 0, 1, 0, -1, 0, 0, -2041.57, 2427.23, 9.48376, 3.02861, 7200, 0, 0, 0, 0, 0, 0, 0, 0, 0, 0, '', 28153);
DELETE FROM `creature` WHERE `guid`=282102218;
INSERT INTO `creature` (`guid`, `id`, `map`, `zoneId`, `areaId`, `spawnDifficulties`, `phaseUseFlags`, `PhaseId`, `PhaseGroup`, `terrainSwapMap`, `modelid`, `equipment_id`, `position_x`, `position_y`, `position_z`, `orientation`, `spawntimesecs`, `spawndist`, `currentwaypoint`, `curhealth`, `curmana`, `MovementType`, `npcflag`, `unit_flags`, `unit_flags2`, `unit_flags3`, `dynamicflags`, `ScriptName`, `VerifiedBuild`) VALUES (282102218, 138939, 1955, 9778, 9778, '12', 0, 1, 0, -1, 0, 0, -1816.59, 2256.75, 3.01691, 4.98386, 7200, 10, 0, 0, 0, 1, 0, 0, 0, 0, 0, '', 28153);
DELETE FROM `creature` WHERE `guid`=282102217;
INSERT INTO `creature` (`guid`, `id`, `map`, `zoneId`, `areaId`, `spawnDifficulties`, `phaseUseFlags`, `PhaseId`, `PhaseGroup`, `terrainSwapMap`, `modelid`, `equipment_id`, `position_x`, `position_y`, `position_z`, `orientation`, `spawntimesecs`, `spawndist`, `currentwaypoint`, `curhealth`, `curmana`, `MovementType`, `npcflag`, `unit_flags`, `unit_flags2`, `unit_flags3`, `dynamicflags`, `ScriptName`, `VerifiedBuild`) VALUES (282102217, 143780, 1955, 9778, 9778, '12', 0, 1, 0, -1, 0, 0, -1859.08, 2327.8, 10.363, 2.93162, 7200, 0, 0, 0, 0, 0, 0, 0, 0, 0, 0, '', 28153);
DELETE FROM `creature` WHERE `guid`=282102216;
INSERT INTO `creature` (`guid`, `id`, `map`, `zoneId`, `areaId`, `spawnDifficulties`, `phaseUseFlags`, `PhaseId`, `PhaseGroup`, `terrainSwapMap`, `modelid`, `equipment_id`, `position_x`, `position_y`, `position_z`, `orientation`, `spawntimesecs`, `spawndist`, `currentwaypoint`, `curhealth`, `curmana`, `MovementType`, `npcflag`, `unit_flags`, `unit_flags2`, `unit_flags3`, `dynamicflags`, `ScriptName`, `VerifiedBuild`) VALUES (282102216, 143781, 1955, 9778, 9778, '12', 0, 1, 0, -1, 0, 0, -1927.57, 2273.32, 8.32533, 3.63836, 7200, 0, 0, 0, 0, 0, 0, 0, 0, 0, 0, '', 28153);
DELETE FROM `creature` WHERE `guid`=282102215;
INSERT INTO `creature` (`guid`, `id`, `map`, `zoneId`, `areaId`, `spawnDifficulties`, `phaseUseFlags`, `PhaseId`, `PhaseGroup`, `terrainSwapMap`, `modelid`, `equipment_id`, `position_x`, `position_y`, `position_z`, `orientation`, `spawntimesecs`, `spawndist`, `currentwaypoint`, `curhealth`, `curmana`, `MovementType`, `npcflag`, `unit_flags`, `unit_flags2`, `unit_flags3`, `dynamicflags`, `ScriptName`, `VerifiedBuild`) VALUES (282102215, 138939, 1955, 9778, 9778, '12', 0, 1, 0, -1, 0, 0, -1974.08, 2163.51, 2.71065, 0.402455, 7200, 10, 0, 0, 0, 1, 0, 0, 0, 0, 0, '', 28153);
DELETE FROM `creature` WHERE `guid`=282102214;
INSERT INTO `creature` (`guid`, `id`, `map`, `zoneId`, `areaId`, `spawnDifficulties`, `phaseUseFlags`, `PhaseId`, `PhaseGroup`, `terrainSwapMap`, `modelid`, `equipment_id`, `position_x`, `position_y`, `position_z`, `orientation`, `spawntimesecs`, `spawndist`, `currentwaypoint`, `curhealth`, `curmana`, `MovementType`, `npcflag`, `unit_flags`, `unit_flags2`, `unit_flags3`, `dynamicflags`, `ScriptName`, `VerifiedBuild`) VALUES (282102214, 138944, 1955, 9778, 9778, '12', 0, 1, 0, -1, 0, 0, -2043.27, 2439.93, 8.70509, 3.3548, 7200, 0, 0, 0, 0, 0, 0, 0, 0, 0, 0, '', 28153);

DELETE FROM `gameobject` WHERE `guid`=280200493;
INSERT INTO `gameobject` (`guid`, `id`, `map`, `zoneId`, `areaId`, `spawnDifficulties`, `phaseUseFlags`, `PhaseId`, `PhaseGroup`, `terrainSwapMap`, `position_x`, `position_y`, `position_z`, `orientation`, `rotation0`, `rotation1`, `rotation2`, `rotation3`, `spawntimesecs`, `animprogress`, `state`, `isActive`, `ScriptName`, `VerifiedBuild`) VALUES (280200493, 290913, 1882, 9440, 9440, '38', 0, 1, 0, -1, 14979.7, 14851.6, 7.28653, 4.90101, 0.0681891, 0.05657, -0.635978, 0.766604, 7200, 255, 1, 0, '', 28153);
DELETE FROM `gameobject` WHERE `guid`=280200492;
INSERT INTO `gameobject` (`guid`, `id`, `map`, `zoneId`, `areaId`, `spawnDifficulties`, `phaseUseFlags`, `PhaseId`, `PhaseGroup`, `terrainSwapMap`, `position_x`, `position_y`, `position_z`, `orientation`, `rotation0`, `rotation1`, `rotation2`, `rotation3`, `spawntimesecs`, `animprogress`, `state`, `isActive`, `ScriptName`, `VerifiedBuild`) VALUES (280200492, 290912, 1882, 9440, 9440, '38', 0, 1, 0, -1, 14971.3, 14849.5, 6.16153, 1.37238, -0.0419674, -0.00412178, 0.633667, 0.772456, 7200, 255, 0, 0, '', 28153);
DELETE FROM `gameobject` WHERE `guid`=280200491;
INSERT INTO `gameobject` (`guid`, `id`, `map`, `zoneId`, `areaId`, `spawnDifficulties`, `phaseUseFlags`, `PhaseId`, `PhaseGroup`, `terrainSwapMap`, `position_x`, `position_y`, `position_z`, `orientation`, `rotation0`, `rotation1`, `rotation2`, `rotation3`, `spawntimesecs`, `animprogress`, `state`, `isActive`, `ScriptName`, `VerifiedBuild`) VALUES (280200491, 290913, 1882, 9440, 9440, '38', 0, 1, 0, -1, 14979.7, 14850.5, 7.16153, 1.00723, -0.00262213, -0.0665159, 0.479801, 0.874848, 7200, 255, 1, 0, '', 28153);
DELETE FROM `gameobject` WHERE `guid`=280200490;
INSERT INTO `gameobject` (`guid`, `id`, `map`, `zoneId`, `areaId`, `spawnDifficulties`, `phaseUseFlags`, `PhaseId`, `PhaseGroup`, `terrainSwapMap`, `position_x`, `position_y`, `position_z`, `orientation`, `rotation0`, `rotation1`, `rotation2`, `rotation3`, `spawntimesecs`, `animprogress`, `state`, `isActive`, `ScriptName`, `VerifiedBuild`) VALUES (280200490, 290911, 1882, 9440, 9440, '38', 0, 1, 0, -1, 14975.5, 14845.3, 6.78653, 5.28633, 0.00229216, -0.0665522, -0.475275, 0.877314, 7200, 255, 0, 0, '', 28153);
DELETE FROM `gameobject` WHERE `guid`=280200489;
INSERT INTO `gameobject` (`guid`, `id`, `map`, `zoneId`, `areaId`, `spawnDifficulties`, `phaseUseFlags`, `PhaseId`, `PhaseGroup`, `terrainSwapMap`, `position_x`, `position_y`, `position_z`, `orientation`, `rotation0`, `rotation1`, `rotation2`, `rotation3`, `spawntimesecs`, `animprogress`, `state`, `isActive`, `ScriptName`, `VerifiedBuild`) VALUES (280200489, 290912, 1882, 9440, 9440, '38', 0, 1, 0, -1, 14978.7, 14850.5, 7.03653, 0.408482, 0.0388856, -0.0982523, 0.203548, 0.973346, 7200, 255, 0, 0, '', 28153);
DELETE FROM `gameobject` WHERE `guid`=280200487;
INSERT INTO `gameobject` (`guid`, `id`, `map`, `zoneId`, `areaId`, `spawnDifficulties`, `phaseUseFlags`, `PhaseId`, `PhaseGroup`, `terrainSwapMap`, `position_x`, `position_y`, `position_z`, `orientation`, `rotation0`, `rotation1`, `rotation2`, `rotation3`, `spawntimesecs`, `animprogress`, `state`, `isActive`, `ScriptName`, `VerifiedBuild`) VALUES (280200487, 290911, 1882, 9440, 9440, '38', 0, 1, 0, -1, 14984.9, 14768.2, 2.97604, 0.662327, 0.018477, -0.0379057, 0.325058, 0.944753, 7200, 255, 0, 0, '', 28153);
DELETE FROM `gameobject` WHERE `guid`=280200485;
INSERT INTO `gameobject` (`guid`, `id`, `map`, `zoneId`, `areaId`, `spawnDifficulties`, `phaseUseFlags`, `PhaseId`, `PhaseGroup`, `terrainSwapMap`, `position_x`, `position_y`, `position_z`, `orientation`, `rotation0`, `rotation1`, `rotation2`, `rotation3`, `spawntimesecs`, `animprogress`, `state`, `isActive`, `ScriptName`, `VerifiedBuild`) VALUES (280200485, 290911, 1882, 9440, 9440, '38', 0, 1, 0, -1, 14698.4, 14863, 3.93948, 4.44011, -0.0294442, 0.0597143, -0.794265, 0.603913, 7200, 255, 1, 0, '', 28153);
DELETE FROM `gameobject` WHERE `guid`=280200484;
INSERT INTO `gameobject` (`guid`, `id`, `map`, `zoneId`, `areaId`, `spawnDifficulties`, `phaseUseFlags`, `PhaseId`, `PhaseGroup`, `terrainSwapMap`, `position_x`, `position_y`, `position_z`, `orientation`, `rotation0`, `rotation1`, `rotation2`, `rotation3`, `spawntimesecs`, `animprogress`, `state`, `isActive`, `ScriptName`, `VerifiedBuild`) VALUES (280200484, 290911, 1882, 9440, 9440, '38', 0, 1, 0, -1, 14937, 14824.5, 6.26669, 0.0699364, 0.00104141, 0.0298252, 0.0348835, 0.998946, 7200, 255, 0, 0, '', 28153);
DELETE FROM `gameobject` WHERE `guid`=280200483;
INSERT INTO `gameobject` (`guid`, `id`, `map`, `zoneId`, `areaId`, `spawnDifficulties`, `phaseUseFlags`, `PhaseId`, `PhaseGroup`, `terrainSwapMap`, `position_x`, `position_y`, `position_z`, `orientation`, `rotation0`, `rotation1`, `rotation2`, `rotation3`, `spawntimesecs`, `animprogress`, `state`, `isActive`, `ScriptName`, `VerifiedBuild`) VALUES (280200483, 281597, 1882, 9440, 9440, '38', 0, 1, 0, -1, 14954.5, 14914.2, 5.98949, 3.35291, 0.0567975, -0.0701761, -0.990749, 0.101317, 7200, 255, 1, 0, '', 28153);
DELETE FROM `gameobject` WHERE `guid`=280200482;
INSERT INTO `gameobject` (`guid`, `id`, `map`, `zoneId`, `areaId`, `spawnDifficulties`, `phaseUseFlags`, `PhaseId`, `PhaseGroup`, `terrainSwapMap`, `position_x`, `position_y`, `position_z`, `orientation`, `rotation0`, `rotation1`, `rotation2`, `rotation3`, `spawntimesecs`, `animprogress`, `state`, `isActive`, `ScriptName`, `VerifiedBuild`) VALUES (280200482, 277463, 1882, 9440, 9440, '38', 0, 1, 0, -1, 14963.9, 14901.3, 9.23838, 3.32575, 0.0135245, -0.0321598, -0.99519, 0.0915443, 7200, 255, 1, 0, '', 28153);
DELETE FROM `gameobject` WHERE `guid`=280200481;
INSERT INTO `gameobject` (`guid`, `id`, `map`, `zoneId`, `areaId`, `spawnDifficulties`, `phaseUseFlags`, `PhaseId`, `PhaseGroup`, `terrainSwapMap`, `position_x`, `position_y`, `position_z`, `orientation`, `rotation0`, `rotation1`, `rotation2`, `rotation3`, `spawntimesecs`, `animprogress`, `state`, `isActive`, `ScriptName`, `VerifiedBuild`) VALUES (280200481, 290911, 1882, 9440, 9440, '38', 0, 1, 0, -1, 15035.9, 14770.3, 3.39043, 1.41249, 0.0420384, 0.00331783, 0.649047, 0.759579, 7200, 255, 0, 0, '', 28153);
DELETE FROM `gameobject` WHERE `guid`=280200479;
INSERT INTO `gameobject` (`guid`, `id`, `map`, `zoneId`, `areaId`, `spawnDifficulties`, `phaseUseFlags`, `PhaseId`, `PhaseGroup`, `terrainSwapMap`, `position_x`, `position_y`, `position_z`, `orientation`, `rotation0`, `rotation1`, `rotation2`, `rotation3`, `spawntimesecs`, `animprogress`, `state`, `isActive`, `ScriptName`, `VerifiedBuild`) VALUES (280200479, 282628, 1882, 9440, 9440, '38', 0, 1, 0, -1, 14651.9, 15048.3, 1.07474, 2.96655, -0.0618992, 0.00543118, 0.994247, 0.0872412, 7200, 255, 1, 0, '', 28153);
DELETE FROM `gameobject` WHERE `guid`=280200478;
INSERT INTO `gameobject` (`guid`, `id`, `map`, `zoneId`, `areaId`, `spawnDifficulties`, `phaseUseFlags`, `PhaseId`, `PhaseGroup`, `terrainSwapMap`, `position_x`, `position_y`, `position_z`, `orientation`, `rotation0`, `rotation1`, `rotation2`, `rotation3`, `spawntimesecs`, `animprogress`, `state`, `isActive`, `ScriptName`, `VerifiedBuild`) VALUES (280200478, 287451, 1882, 9440, 9440, '38', 0, 1, 0, -1, 14791.4, 15145, 9.31405, 1.51339, -0.000633717, -0.0220766, 0.686177, 0.727099, 7200, 255, 1, 0, '', 28153);
DELETE FROM `gameobject` WHERE `guid`=280200477;
INSERT INTO `gameobject` (`guid`, `id`, `map`, `zoneId`, `areaId`, `spawnDifficulties`, `phaseUseFlags`, `PhaseId`, `PhaseGroup`, `terrainSwapMap`, `position_x`, `position_y`, `position_z`, `orientation`, `rotation0`, `rotation1`, `rotation2`, `rotation3`, `spawntimesecs`, `animprogress`, `state`, `isActive`, `ScriptName`, `VerifiedBuild`) VALUES (280200477, 269984, 1882, 9440, 9440, '38', 0, 1, 0, -1, 14881.2, 14781.2, 0.833049, 2.81383, 0.0410023, -0.0843944, 0.98156, 0.166544, 7200, 255, 1, 0, '', 28153);
DELETE FROM `gameobject` WHERE `guid`=280200475;
INSERT INTO `gameobject` (`guid`, `id`, `map`, `zoneId`, `areaId`, `spawnDifficulties`, `phaseUseFlags`, `PhaseId`, `PhaseGroup`, `terrainSwapMap`, `position_x`, `position_y`, `position_z`, `orientation`, `rotation0`, `rotation1`, `rotation2`, `rotation3`, `spawntimesecs`, `animprogress`, `state`, `isActive`, `ScriptName`, `VerifiedBuild`) VALUES (280200475, 282625, 1882, 9440, 9440, '38', 0, 1, 0, -1, 14678.2, 14958.9, 2.84112, 6.24652, 0.0236187, -0.109285, -0.0154133, 0.99361, 7200, 255, 1, 0, '', 28153);
DELETE FROM `gameobject` WHERE `guid`=280200474;
INSERT INTO `gameobject` (`guid`, `id`, `map`, `zoneId`, `areaId`, `spawnDifficulties`, `phaseUseFlags`, `PhaseId`, `PhaseGroup`, `terrainSwapMap`, `position_x`, `position_y`, `position_z`, `orientation`, `rotation0`, `rotation1`, `rotation2`, `rotation3`, `spawntimesecs`, `animprogress`, `state`, `isActive`, `ScriptName`, `VerifiedBuild`) VALUES (280200474, 282625, 1882, 9440, 9440, '38', 0, 1, 0, -1, 14672.4, 14869.9, 3.37616, 0.331484, 0.0320396, -0.112498, 0.165357, 0.979273, 7200, 255, 1, 0, '', 28153);
DELETE FROM `gameobject` WHERE `guid`=280200473;
INSERT INTO `gameobject` (`guid`, `id`, `map`, `zoneId`, `areaId`, `spawnDifficulties`, `phaseUseFlags`, `PhaseId`, `PhaseGroup`, `terrainSwapMap`, `position_x`, `position_y`, `position_z`, `orientation`, `rotation0`, `rotation1`, `rotation2`, `rotation3`, `spawntimesecs`, `animprogress`, `state`, `isActive`, `ScriptName`, `VerifiedBuild`) VALUES (280200473, 289356, 1882, 9440, 9440, '38', 0, 1, 0, -1, 14953.2, 14777.5, 1.93491, 4.00666, 0.0533605, 0.0174637, -0.906628, 0.418179, 7200, 255, 0, 0, '', 28153);
DELETE FROM `gameobject` WHERE `guid`=280200472;
INSERT INTO `gameobject` (`guid`, `id`, `map`, `zoneId`, `areaId`, `spawnDifficulties`, `phaseUseFlags`, `PhaseId`, `PhaseGroup`, `terrainSwapMap`, `position_x`, `position_y`, `position_z`, `orientation`, `rotation0`, `rotation1`, `rotation2`, `rotation3`, `spawntimesecs`, `animprogress`, `state`, `isActive`, `ScriptName`, `VerifiedBuild`) VALUES (280200472, 282628, 1882, 9440, 9440, '38', 0, 1, 0, -1, 14677.5, 14789.9, 1.0137, 3.27162, 0.04354, 0.0496035, -0.995567, 0.0670032, 7200, 255, 1, 0, '', 28153);
DELETE FROM `gameobject` WHERE `guid`=280200471;
INSERT INTO `gameobject` (`guid`, `id`, `map`, `zoneId`, `areaId`, `spawnDifficulties`, `phaseUseFlags`, `PhaseId`, `PhaseGroup`, `terrainSwapMap`, `position_x`, `position_y`, `position_z`, `orientation`, `rotation0`, `rotation1`, `rotation2`, `rotation3`, `spawntimesecs`, `animprogress`, `state`, `isActive`, `ScriptName`, `VerifiedBuild`) VALUES (280200471, 290912, 1882, 9440, 9440, '38', 0, 1, 0, -1, 15013, 14816.2, 10.8739, 6.07937, 0.116874, 0.0122833, -0.103804, 0.987631, 7200, 255, 0, 0, '', 28153);
DELETE FROM `gameobject` WHERE `guid`=280200470;
INSERT INTO `gameobject` (`guid`, `id`, `map`, `zoneId`, `areaId`, `spawnDifficulties`, `phaseUseFlags`, `PhaseId`, `PhaseGroup`, `terrainSwapMap`, `position_x`, `position_y`, `position_z`, `orientation`, `rotation0`, `rotation1`, `rotation2`, `rotation3`, `spawntimesecs`, `animprogress`, `state`, `isActive`, `ScriptName`, `VerifiedBuild`) VALUES (280200470, 290913, 1882, 9440, 9440, '38', 0, 1, 0, -1, 15010.9, 14823.4, 11.7489, 0.37897, 0.0236344, -0.0348997, 0.188819, 0.981107, 7200, 255, 1, 0, '', 28153);
DELETE FROM `gameobject` WHERE `guid`=280200469;
INSERT INTO `gameobject` (`guid`, `id`, `map`, `zoneId`, `areaId`, `spawnDifficulties`, `phaseUseFlags`, `PhaseId`, `PhaseGroup`, `terrainSwapMap`, `position_x`, `position_y`, `position_z`, `orientation`, `rotation0`, `rotation1`, `rotation2`, `rotation3`, `spawntimesecs`, `animprogress`, `state`, `isActive`, `ScriptName`, `VerifiedBuild`) VALUES (280200469, 289356, 1882, 9440, 9440, '38', 0, 1, 0, -1, 15014.4, 14766.2, 4.63914, 2.43251, 0.0119882, -0.0327635, 0.937026, 0.347513, 7200, 255, 0, 0, '', 28153);
DELETE FROM `gameobject` WHERE `guid`=280200468;
INSERT INTO `gameobject` (`guid`, `id`, `map`, `zoneId`, `areaId`, `spawnDifficulties`, `phaseUseFlags`, `PhaseId`, `PhaseGroup`, `terrainSwapMap`, `position_x`, `position_y`, `position_z`, `orientation`, `rotation0`, `rotation1`, `rotation2`, `rotation3`, `spawntimesecs`, `animprogress`, `state`, `isActive`, `ScriptName`, `VerifiedBuild`) VALUES (280200468, 272643, 1882, 9440, 9440, '38', 0, 1, 0, -1, 14717.7, 14858.6, 9.35738, 2.91291, -0.0865865, 0.00994301, 0.98969, 0.113657, 7200, 255, 1, 0, '', 28153);
DELETE FROM `gameobject` WHERE `guid`=280200467;
INSERT INTO `gameobject` (`guid`, `id`, `map`, `zoneId`, `areaId`, `spawnDifficulties`, `phaseUseFlags`, `PhaseId`, `PhaseGroup`, `terrainSwapMap`, `position_x`, `position_y`, `position_z`, `orientation`, `rotation0`, `rotation1`, `rotation2`, `rotation3`, `spawntimesecs`, `animprogress`, `state`, `isActive`, `ScriptName`, `VerifiedBuild`) VALUES (280200467, 289356, 1882, 9440, 9440, '38', 0, 1, 0, -1, 15041.6, 14754.8, 2.27661, 1.2105, 0.0927911, -0.0139093, 0.570081, 0.816213, 7200, 255, 0, 0, '', 28153);
DELETE FROM `gameobject` WHERE `guid`=280200466;
INSERT INTO `gameobject` (`guid`, `id`, `map`, `zoneId`, `areaId`, `spawnDifficulties`, `phaseUseFlags`, `PhaseId`, `PhaseGroup`, `terrainSwapMap`, `position_x`, `position_y`, `position_z`, `orientation`, `rotation0`, `rotation1`, `rotation2`, `rotation3`, `spawntimesecs`, `animprogress`, `state`, `isActive`, `ScriptName`, `VerifiedBuild`) VALUES (280200466, 293703, 1882, 9440, 9440, '38', 0, 1, 0, -1, 15056.5, 14818.5, 9.64457, 1.4062, 0.0220857, 0.000120163, 0.646612, 0.762499, 7200, 255, 1, 0, '', 28153);
DELETE FROM `gameobject` WHERE `guid`=280200464;
INSERT INTO `gameobject` (`guid`, `id`, `map`, `zoneId`, `areaId`, `spawnDifficulties`, `phaseUseFlags`, `PhaseId`, `PhaseGroup`, `terrainSwapMap`, `position_x`, `position_y`, `position_z`, `orientation`, `rotation0`, `rotation1`, `rotation2`, `rotation3`, `spawntimesecs`, `animprogress`, `state`, `isActive`, `ScriptName`, `VerifiedBuild`) VALUES (280200464, 273297, 1882, 9440, 9440, '38', 0, 1, 0, -1, 15250.5, 14944.3, 39.7836, 5.13127, 0, 0, -0.544639, 0.838671, 7200, 255, 0, 0, '', 28153);
DELETE FROM `gameobject` WHERE `guid`=280200463;
INSERT INTO `gameobject` (`guid`, `id`, `map`, `zoneId`, `areaId`, `spawnDifficulties`, `phaseUseFlags`, `PhaseId`, `PhaseGroup`, `terrainSwapMap`, `position_x`, `position_y`, `position_z`, `orientation`, `rotation0`, `rotation1`, `rotation2`, `rotation3`, `spawntimesecs`, `animprogress`, `state`, `isActive`, `ScriptName`, `VerifiedBuild`) VALUES (280200463, 273296, 1882, 9440, 9440, '38', 0, 1, 0, -1, 15246.3, 14953.7, 39.9086, 2.88116, -0.00390911, 0.0295877, 0.991063, 0.130012, 7200, 255, 0, 0, '', 28153);
DELETE FROM `gameobject` WHERE `guid`=280200462;
INSERT INTO `gameobject` (`guid`, `id`, `map`, `zoneId`, `areaId`, `spawnDifficulties`, `phaseUseFlags`, `PhaseId`, `PhaseGroup`, `terrainSwapMap`, `position_x`, `position_y`, `position_z`, `orientation`, `rotation0`, `rotation1`, `rotation2`, `rotation3`, `spawntimesecs`, `animprogress`, `state`, `isActive`, `ScriptName`, `VerifiedBuild`) VALUES (280200462, 289437, 1882, 9440, 9440, '38', 0, 1, 0, -1, 15188, 14799.3, 16.6848, 1.07048, 0.0957694, -0.0574741, 0.511361, 0.852077, 7200, 255, 0, 0, '', 28153);
DELETE FROM `gameobject` WHERE `guid`=280200461;
INSERT INTO `gameobject` (`guid`, `id`, `map`, `zoneId`, `areaId`, `spawnDifficulties`, `phaseUseFlags`, `PhaseId`, `PhaseGroup`, `terrainSwapMap`, `position_x`, `position_y`, `position_z`, `orientation`, `rotation0`, `rotation1`, `rotation2`, `rotation3`, `spawntimesecs`, `animprogress`, `state`, `isActive`, `ScriptName`, `VerifiedBuild`) VALUES (280200461, 289437, 1882, 9440, 9440, '38', 0, 1, 0, -1, 15204.5, 14792, 18.8442, 0.577673, 0.076787, -0.143626, 0.286099, 0.944258, 7200, 255, 0, 0, '', 28153);
DELETE FROM `gameobject` WHERE `guid`=280200460;
INSERT INTO `gameobject` (`guid`, `id`, `map`, `zoneId`, `areaId`, `spawnDifficulties`, `phaseUseFlags`, `PhaseId`, `PhaseGroup`, `terrainSwapMap`, `position_x`, `position_y`, `position_z`, `orientation`, `rotation0`, `rotation1`, `rotation2`, `rotation3`, `spawntimesecs`, `animprogress`, `state`, `isActive`, `ScriptName`, `VerifiedBuild`) VALUES (280200460, 273296, 1882, 9440, 9440, '38', 0, 1, 0, -1, 15250.5, 14941.2, 39.6586, 5.99069, 0, 0, -0.145726, 0.989325, 7200, 255, 0, 0, '', 28153);
DELETE FROM `gameobject` WHERE `guid`=280200459;
INSERT INTO `gameobject` (`guid`, `id`, `map`, `zoneId`, `areaId`, `spawnDifficulties`, `phaseUseFlags`, `PhaseId`, `PhaseGroup`, `terrainSwapMap`, `position_x`, `position_y`, `position_z`, `orientation`, `rotation0`, `rotation1`, `rotation2`, `rotation3`, `spawntimesecs`, `animprogress`, `state`, `isActive`, `ScriptName`, `VerifiedBuild`) VALUES (280200459, 273296, 1882, 9440, 9440, '38', 0, 1, 0, -1, 15276.6, 14916.2, 40.5089, 2.65215, -0.0289836, -0.00722599, 0.969862, 0.241817, 7200, 255, 0, 0, '', 28153);
DELETE FROM `gameobject` WHERE `guid`=280200458;
INSERT INTO `gameobject` (`guid`, `id`, `map`, `zoneId`, `areaId`, `spawnDifficulties`, `phaseUseFlags`, `PhaseId`, `PhaseGroup`, `terrainSwapMap`, `position_x`, `position_y`, `position_z`, `orientation`, `rotation0`, `rotation1`, `rotation2`, `rotation3`, `spawntimesecs`, `animprogress`, `state`, `isActive`, `ScriptName`, `VerifiedBuild`) VALUES (280200458, 273296, 1882, 9440, 9440, '38', 0, 1, 0, -1, 15272.4, 14914.1, 40.2589, 5.06088, 0.0171175, -0.0244455, -0.57332, 0.818788, 7200, 255, 0, 0, '', 28153);
DELETE FROM `gameobject` WHERE `guid`=280200457;
INSERT INTO `gameobject` (`guid`, `id`, `map`, `zoneId`, `areaId`, `spawnDifficulties`, `phaseUseFlags`, `PhaseId`, `PhaseGroup`, `terrainSwapMap`, `position_x`, `position_y`, `position_z`, `orientation`, `rotation0`, `rotation1`, `rotation2`, `rotation3`, `spawntimesecs`, `animprogress`, `state`, `isActive`, `ScriptName`, `VerifiedBuild`) VALUES (280200457, 273296, 1882, 9440, 9440, '38', 0, 1, 0, -1, 15273.4, 14926.6, 41.0089, 3.10065, -0.0272017, -0.117808, 0.992512, 0.0173683, 7200, 255, 0, 0, '', 28153);
DELETE FROM `gameobject` WHERE `guid`=280200456;
INSERT INTO `gameobject` (`guid`, `id`, `map`, `zoneId`, `areaId`, `spawnDifficulties`, `phaseUseFlags`, `PhaseId`, `PhaseGroup`, `terrainSwapMap`, `position_x`, `position_y`, `position_z`, `orientation`, `rotation0`, `rotation1`, `rotation2`, `rotation3`, `spawntimesecs`, `animprogress`, `state`, `isActive`, `ScriptName`, `VerifiedBuild`) VALUES (280200456, 273296, 1882, 9440, 9440, '38', 0, 1, 0, -1, 15265.1, 14918.2, 39.2982, 4.98733, 0.0180058, -0.0237989, -0.603081, 0.797122, 7200, 255, 0, 0, '', 28153);
DELETE FROM `gameobject` WHERE `guid`=280200455;
INSERT INTO `gameobject` (`guid`, `id`, `map`, `zoneId`, `areaId`, `spawnDifficulties`, `phaseUseFlags`, `PhaseId`, `PhaseGroup`, `terrainSwapMap`, `position_x`, `position_y`, `position_z`, `orientation`, `rotation0`, `rotation1`, `rotation2`, `rotation3`, `spawntimesecs`, `animprogress`, `state`, `isActive`, `ScriptName`, `VerifiedBuild`) VALUES (280200455, 273296, 1882, 9440, 9440, '38', 0, 1, 0, -1, 15267.2, 14925.5, 40.2589, 3.27314, 0.0540724, 0.0558786, -0.994614, 0.0685379, 7200, 255, 0, 0, '', 28153);
DELETE FROM `gameobject` WHERE `guid`=280200454;
INSERT INTO `gameobject` (`guid`, `id`, `map`, `zoneId`, `areaId`, `spawnDifficulties`, `phaseUseFlags`, `PhaseId`, `PhaseGroup`, `terrainSwapMap`, `position_x`, `position_y`, `position_z`, `orientation`, `rotation0`, `rotation1`, `rotation2`, `rotation3`, `spawntimesecs`, `animprogress`, `state`, `isActive`, `ScriptName`, `VerifiedBuild`) VALUES (280200454, 289437, 1882, 9440, 9440, '38', 0, 1, 0, -1, 15207.6, 14804.5, 22.3441, 4.6076, 0.144579, -0.0116749, -0.74237, 0.654101, 7200, 255, 0, 0, '', 28153);
DELETE FROM `gameobject` WHERE `guid`=280200453;
INSERT INTO `gameobject` (`guid`, `id`, `map`, `zoneId`, `areaId`, `spawnDifficulties`, `phaseUseFlags`, `PhaseId`, `PhaseGroup`, `terrainSwapMap`, `position_x`, `position_y`, `position_z`, `orientation`, `rotation0`, `rotation1`, `rotation2`, `rotation3`, `spawntimesecs`, `animprogress`, `state`, `isActive`, `ScriptName`, `VerifiedBuild`) VALUES (280200453, 273296, 1882, 9440, 9440, '38', 0, 1, 0, -1, 15249.5, 14953.7, 39.7836, 2.95704, 0.0269585, 0.0324011, 0.994937, 0.0912355, 7200, 255, 0, 0, '', 28153);
DELETE FROM `gameobject` WHERE `guid`=280200452;
INSERT INTO `gameobject` (`guid`, `id`, `map`, `zoneId`, `areaId`, `spawnDifficulties`, `phaseUseFlags`, `PhaseId`, `PhaseGroup`, `terrainSwapMap`, `position_x`, `position_y`, `position_z`, `orientation`, `rotation0`, `rotation1`, `rotation2`, `rotation3`, `spawntimesecs`, `animprogress`, `state`, `isActive`, `ScriptName`, `VerifiedBuild`) VALUES (280200452, 279393, 1882, 9440, 9440, '38', 0, 1, 0, -1, 15272.4, 14919.3, 40.0089, 0.32761, -0.0388846, -0.0540295, 0.160521, 0.984785, 7200, 255, 1, 0, '', 28153);
DELETE FROM `gameobject` WHERE `guid`=280200451;
INSERT INTO `gameobject` (`guid`, `id`, `map`, `zoneId`, `areaId`, `spawnDifficulties`, `phaseUseFlags`, `PhaseId`, `PhaseGroup`, `terrainSwapMap`, `position_x`, `position_y`, `position_z`, `orientation`, `rotation0`, `rotation1`, `rotation2`, `rotation3`, `spawntimesecs`, `animprogress`, `state`, `isActive`, `ScriptName`, `VerifiedBuild`) VALUES (280200451, 279393, 1882, 9440, 9440, '38', 0, 1, 0, -1, 15247.4, 14947.4, 40.0336, 6.14356, 0, 0, -0.0697565, 0.997564, 7200, 255, 1, 0, '', 28153);
DELETE FROM `gameobject` WHERE `guid`=280200450;
INSERT INTO `gameobject` (`guid`, `id`, `map`, `zoneId`, `areaId`, `spawnDifficulties`, `phaseUseFlags`, `PhaseId`, `PhaseGroup`, `terrainSwapMap`, `position_x`, `position_y`, `position_z`, `orientation`, `rotation0`, `rotation1`, `rotation2`, `rotation3`, `spawntimesecs`, `animprogress`, `state`, `isActive`, `ScriptName`, `VerifiedBuild`) VALUES (280200450, 279393, 1882, 9440, 9440, '38', 0, 1, 0, -1, 15198.4, 14802.6, 18.559, 2.81578, -0.128896, -0.106181, 0.975079, 0.146059, 7200, 255, 1, 0, '', 28153);
DELETE FROM `gameobject` WHERE `guid`=280200449;
INSERT INTO `gameobject` (`guid`, `id`, `map`, `zoneId`, `areaId`, `spawnDifficulties`, `phaseUseFlags`, `PhaseId`, `PhaseGroup`, `terrainSwapMap`, `position_x`, `position_y`, `position_z`, `orientation`, `rotation0`, `rotation1`, `rotation2`, `rotation3`, `spawntimesecs`, `animprogress`, `state`, `isActive`, `ScriptName`, `VerifiedBuild`) VALUES (280200449, 270913, 1882, 9440, 9440, '38', 0, 1, 0, -1, 15318.6, 15016, 44.0913, 2.36365, -0.0214944, -0.0745993, 0.922259, 0.378696, 7200, 255, 0, 0, '', 28153);
DELETE FROM `gameobject` WHERE `guid`=280200446;
INSERT INTO `gameobject` (`guid`, `id`, `map`, `zoneId`, `areaId`, `spawnDifficulties`, `phaseUseFlags`, `PhaseId`, `PhaseGroup`, `terrainSwapMap`, `position_x`, `position_y`, `position_z`, `orientation`, `rotation0`, `rotation1`, `rotation2`, `rotation3`, `spawntimesecs`, `animprogress`, `state`, `isActive`, `ScriptName`, `VerifiedBuild`) VALUES (280200446, 284424, 1882, 9440, 9440, '38', 0, 1, 0, -1, 15284.4, 14907.2, 40.8872, 5.38373, -0.0154948, -0.00196457, -0.434768, 0.900407, 7200, 255, 0, 0, '', 28153);
DELETE FROM `gameobject` WHERE `guid`=280200444;
INSERT INTO `gameobject` (`guid`, `id`, `map`, `zoneId`, `areaId`, `spawnDifficulties`, `phaseUseFlags`, `PhaseId`, `PhaseGroup`, `terrainSwapMap`, `position_x`, `position_y`, `position_z`, `orientation`, `rotation0`, `rotation1`, `rotation2`, `rotation3`, `spawntimesecs`, `animprogress`, `state`, `isActive`, `ScriptName`, `VerifiedBuild`) VALUES (280200444, 281470, 1882, 9440, 9440, '38', 0, 1, 0, -1, 15236.9, 14856.8, 34.5126, 1.6434, -0.137085, -0.0666666, 0.72911, 0.667205, 7200, 255, 1, 0, '', 28153);
DELETE FROM `gameobject` WHERE `guid`=280200443;
INSERT INTO `gameobject` (`guid`, `id`, `map`, `zoneId`, `areaId`, `spawnDifficulties`, `phaseUseFlags`, `PhaseId`, `PhaseGroup`, `terrainSwapMap`, `position_x`, `position_y`, `position_z`, `orientation`, `rotation0`, `rotation1`, `rotation2`, `rotation3`, `spawntimesecs`, `animprogress`, `state`, `isActive`, `ScriptName`, `VerifiedBuild`) VALUES (280200443, 281471, 1882, 9440, 9440, '38', 0, 1, 0, -1, 15228.3, 14841, 31.8574, 4.87733, 0.201487, -0.0930033, -0.640203, 0.735454, 7200, 255, 1, 0, '', 28153);
DELETE FROM `gameobject` WHERE `guid`=280200442;
INSERT INTO `gameobject` (`guid`, `id`, `map`, `zoneId`, `areaId`, `spawnDifficulties`, `phaseUseFlags`, `PhaseId`, `PhaseGroup`, `terrainSwapMap`, `position_x`, `position_y`, `position_z`, `orientation`, `rotation0`, `rotation1`, `rotation2`, `rotation3`, `spawntimesecs`, `animprogress`, `state`, `isActive`, `ScriptName`, `VerifiedBuild`) VALUES (280200442, 281471, 1882, 9440, 9440, '38', 0, 1, 0, -1, 15228.6, 14848.6, 32.8467, 4.26184, 0.179632, -0.100261, -0.838613, 0.50439, 7200, 255, 1, 0, '', 28153);
DELETE FROM `gameobject` WHERE `guid`=280200441;
INSERT INTO `gameobject` (`guid`, `id`, `map`, `zoneId`, `areaId`, `spawnDifficulties`, `phaseUseFlags`, `PhaseId`, `PhaseGroup`, `terrainSwapMap`, `position_x`, `position_y`, `position_z`, `orientation`, `rotation0`, `rotation1`, `rotation2`, `rotation3`, `spawntimesecs`, `animprogress`, `state`, `isActive`, `ScriptName`, `VerifiedBuild`) VALUES (280200441, 281471, 1882, 9440, 9440, '38', 0, 1, 0, -1, 15172.8, 14854.1, 17.8271, 0.869686, 0.0353198, -0.0796776, 0.419543, 0.903542, 7200, 255, 1, 0, '', 28153);
DELETE FROM `gameobject` WHERE `guid`=280200440;
INSERT INTO `gameobject` (`guid`, `id`, `map`, `zoneId`, `areaId`, `spawnDifficulties`, `phaseUseFlags`, `PhaseId`, `PhaseGroup`, `terrainSwapMap`, `position_x`, `position_y`, `position_z`, `orientation`, `rotation0`, `rotation1`, `rotation2`, `rotation3`, `spawntimesecs`, `animprogress`, `state`, `isActive`, `ScriptName`, `VerifiedBuild`) VALUES (280200440, 281471, 1882, 9440, 9440, '38', 0, 1, 0, -1, 15181.1, 14859, 20.3749, 5.45118, 0.183858, -0.12427, -0.385947, 0.895432, 7200, 255, 1, 0, '', 28153);
DELETE FROM `gameobject` WHERE `guid`=280200439;
INSERT INTO `gameobject` (`guid`, `id`, `map`, `zoneId`, `areaId`, `spawnDifficulties`, `phaseUseFlags`, `PhaseId`, `PhaseGroup`, `terrainSwapMap`, `position_x`, `position_y`, `position_z`, `orientation`, `rotation0`, `rotation1`, `rotation2`, `rotation3`, `spawntimesecs`, `animprogress`, `state`, `isActive`, `ScriptName`, `VerifiedBuild`) VALUES (280200439, 269984, 1882, 9440, 9440, '38', 0, 1, 0, -1, 15127, 14767.7, 0.155349, 2.77015, -0.0483956, -0.0623922, 0.980201, 0.181581, 7200, 255, 0, 0, '', 28153);
DELETE FROM `gameobject` WHERE `guid`=280200438;
INSERT INTO `gameobject` (`guid`, `id`, `map`, `zoneId`, `areaId`, `spawnDifficulties`, `phaseUseFlags`, `PhaseId`, `PhaseGroup`, `terrainSwapMap`, `position_x`, `position_y`, `position_z`, `orientation`, `rotation0`, `rotation1`, `rotation2`, `rotation3`, `spawntimesecs`, `animprogress`, `state`, `isActive`, `ScriptName`, `VerifiedBuild`) VALUES (280200438, 281896, 1882, 9440, 9440, '38', 0, 1, 0, -1, 14794.8, 14721.2, 6.09588, 1.28894, 0, 0, 0.600776, 0.799418, 7200, 255, 1, 0, '', 28153);
DELETE FROM `gameobject` WHERE `guid`=280200437;
INSERT INTO `gameobject` (`guid`, `id`, `map`, `zoneId`, `areaId`, `spawnDifficulties`, `phaseUseFlags`, `PhaseId`, `PhaseGroup`, `terrainSwapMap`, `position_x`, `position_y`, `position_z`, `orientation`, `rotation0`, `rotation1`, `rotation2`, `rotation3`, `spawntimesecs`, `animprogress`, `state`, `isActive`, `ScriptName`, `VerifiedBuild`) VALUES (280200437, 270914, 1882, 9440, 9440, '38', 0, 1, 0, -1, 14856.7, 14842.5, 6.6265, 2.69434, 0.0309839, -0.00369835, 0.974648, 0.221559, 7200, 255, 1, 0, '', 28153);
DELETE FROM `gameobject` WHERE `guid`=280200436;
INSERT INTO `gameobject` (`guid`, `id`, `map`, `zoneId`, `areaId`, `spawnDifficulties`, `phaseUseFlags`, `PhaseId`, `PhaseGroup`, `terrainSwapMap`, `position_x`, `position_y`, `position_z`, `orientation`, `rotation0`, `rotation1`, `rotation2`, `rotation3`, `spawntimesecs`, `animprogress`, `state`, `isActive`, `ScriptName`, `VerifiedBuild`) VALUES (280200436, 270914, 1882, 9440, 9440, '38', 0, 1, 0, -1, 14976.2, 15019.8, -3.45267, 3.39863, 0, 0, -0.991753, 0.128167, 7200, 255, 0, 0, '', 28153);
DELETE FROM `gameobject` WHERE `guid`=280200435;
INSERT INTO `gameobject` (`guid`, `id`, `map`, `zoneId`, `areaId`, `spawnDifficulties`, `phaseUseFlags`, `PhaseId`, `PhaseGroup`, `terrainSwapMap`, `position_x`, `position_y`, `position_z`, `orientation`, `rotation0`, `rotation1`, `rotation2`, `rotation3`, `spawntimesecs`, `animprogress`, `state`, `isActive`, `ScriptName`, `VerifiedBuild`) VALUES (280200435, 289359, 1882, 9440, 9440, '38', 0, 1, 0, -1, 15166.8, 14724.3, 0.947647, 2.02138, -0.0423265, -0.0987844, 0.841349, 0.529701, 7200, 255, 0, 0, '', 28153);
DELETE FROM `gameobject` WHERE `guid`=280200433;
INSERT INTO `gameobject` (`guid`, `id`, `map`, `zoneId`, `areaId`, `spawnDifficulties`, `phaseUseFlags`, `PhaseId`, `PhaseGroup`, `terrainSwapMap`, `position_x`, `position_y`, `position_z`, `orientation`, `rotation0`, `rotation1`, `rotation2`, `rotation3`, `spawntimesecs`, `animprogress`, `state`, `isActive`, `ScriptName`, `VerifiedBuild`) VALUES (280200433, 289320, 1882, 9440, 9440, '38', 0, 1, 0, -1, 14791.4, 15145, 9.31405, 1.51339, 0, 0, 0.686521, 0.727109, 7200, 255, 1, 0, '', 28153);
DELETE FROM `gameobject` WHERE `guid`=280200432;
INSERT INTO `gameobject` (`guid`, `id`, `map`, `zoneId`, `areaId`, `spawnDifficulties`, `phaseUseFlags`, `PhaseId`, `PhaseGroup`, `terrainSwapMap`, `position_x`, `position_y`, `position_z`, `orientation`, `rotation0`, `rotation1`, `rotation2`, `rotation3`, `spawntimesecs`, `animprogress`, `state`, `isActive`, `ScriptName`, `VerifiedBuild`) VALUES (280200432, 289318, 1882, 9440, 9440, '38', 0, 1, 0, -1, 14657, 15330.5, 0.967176, 3.69573, 0, 0, -0.961862, 0.273537, 7200, 255, 1, 0, '', 28153);
DELETE FROM `gameobject` WHERE `guid`=280200431;
INSERT INTO `gameobject` (`guid`, `id`, `map`, `zoneId`, `areaId`, `spawnDifficulties`, `phaseUseFlags`, `PhaseId`, `PhaseGroup`, `terrainSwapMap`, `position_x`, `position_y`, `position_z`, `orientation`, `rotation0`, `rotation1`, `rotation2`, `rotation3`, `spawntimesecs`, `animprogress`, `state`, `isActive`, `ScriptName`, `VerifiedBuild`) VALUES (280200431, 303199, 1882, 9440, 9440, '38', 0, 1, 0, -1, 14801.6, 14740.2, 6.62306, 1.5523, 0, 0, 0.700536, 0.713617, 7200, 255, 0, 0, '', 28153);
DELETE FROM `gameobject` WHERE `guid`=280200430;
INSERT INTO `gameobject` (`guid`, `id`, `map`, `zoneId`, `areaId`, `spawnDifficulties`, `phaseUseFlags`, `PhaseId`, `PhaseGroup`, `terrainSwapMap`, `position_x`, `position_y`, `position_z`, `orientation`, `rotation0`, `rotation1`, `rotation2`, `rotation3`, `spawntimesecs`, `animprogress`, `state`, `isActive`, `ScriptName`, `VerifiedBuild`) VALUES (280200430, 270914, 1882, 9440, 9440, '38', 0, 1, 0, -1, 14991.3, 14887, 11.2414, 3.24659, 0.0787354, -0.00597763, -0.995545, 0.0515206, 7200, 255, 0, 0, '', 28153);
DELETE FROM `gameobject` WHERE `guid`=280200429;
INSERT INTO `gameobject` (`guid`, `id`, `map`, `zoneId`, `areaId`, `spawnDifficulties`, `phaseUseFlags`, `PhaseId`, `PhaseGroup`, `terrainSwapMap`, `position_x`, `position_y`, `position_z`, `orientation`, `rotation0`, `rotation1`, `rotation2`, `rotation3`, `spawntimesecs`, `animprogress`, `state`, `isActive`, `ScriptName`, `VerifiedBuild`) VALUES (280200429, 299039, 1882, 9440, 9440, '38', 0, 1, 0, -1, 15200.5, 14614, 6.48719, 4.44694, 0, 0, -0.794463, 0.607312, 7200, 255, 1, 0, '', 28153);
DELETE FROM `gameobject` WHERE `guid`=280200428;
INSERT INTO `gameobject` (`guid`, `id`, `map`, `zoneId`, `areaId`, `spawnDifficulties`, `phaseUseFlags`, `PhaseId`, `PhaseGroup`, `terrainSwapMap`, `position_x`, `position_y`, `position_z`, `orientation`, `rotation0`, `rotation1`, `rotation2`, `rotation3`, `spawntimesecs`, `animprogress`, `state`, `isActive`, `ScriptName`, `VerifiedBuild`) VALUES (280200428, 270945, 1882, 9440, 9440, '38', 0, 1, 0, -1, 14934.8, 14784.2, 2.48005, 3.98669, 0.0374875, 0.0679836, -0.908099, 0.411496, 7200, 255, 0, 0, '', 28153);
DELETE FROM `gameobject` WHERE `guid`=280200427;
INSERT INTO `gameobject` (`guid`, `id`, `map`, `zoneId`, `areaId`, `spawnDifficulties`, `phaseUseFlags`, `PhaseId`, `PhaseGroup`, `terrainSwapMap`, `position_x`, `position_y`, `position_z`, `orientation`, `rotation0`, `rotation1`, `rotation2`, `rotation3`, `spawntimesecs`, `animprogress`, `state`, `isActive`, `ScriptName`, `VerifiedBuild`) VALUES (280200427, 271647, 1882, 9440, 9440, '38', 0, 1, 0, -1, 15205.7, 14837, 24.049, 0.0741834, -0.00600052, -0.171839, 0.034379, 0.984507, 7200, 255, 0, 0, '', 28153);
DELETE FROM `gameobject` WHERE `guid`=280200426;
INSERT INTO `gameobject` (`guid`, `id`, `map`, `zoneId`, `areaId`, `spawnDifficulties`, `phaseUseFlags`, `PhaseId`, `PhaseGroup`, `terrainSwapMap`, `position_x`, `position_y`, `position_z`, `orientation`, `rotation0`, `rotation1`, `rotation2`, `rotation3`, `spawntimesecs`, `animprogress`, `state`, `isActive`, `ScriptName`, `VerifiedBuild`) VALUES (280200426, 289318, 1882, 9440, 9440, '38', 0, 1, 0, -1, 14934.8, 14784.2, 2.48005, 3.9867, 0, 0, -0.912045, 0.410089, 7200, 255, 1, 0, '', 28153);
DELETE FROM `gameobject` WHERE `guid`=280200425;
INSERT INTO `gameobject` (`guid`, `id`, `map`, `zoneId`, `areaId`, `spawnDifficulties`, `phaseUseFlags`, `PhaseId`, `PhaseGroup`, `terrainSwapMap`, `position_x`, `position_y`, `position_z`, `orientation`, `rotation0`, `rotation1`, `rotation2`, `rotation3`, `spawntimesecs`, `animprogress`, `state`, `isActive`, `ScriptName`, `VerifiedBuild`) VALUES (280200425, 287445, 1882, 9440, 9440, '38', 0, 1, 0, -1, 15332, 15000.5, 46.1907, 3.43313, 0.0938077, -0.0019474, -0.985239, 0.14318, 7200, 255, 0, 0, '', 28153);
DELETE FROM `gameobject` WHERE `guid`=280200424;
INSERT INTO `gameobject` (`guid`, `id`, `map`, `zoneId`, `areaId`, `spawnDifficulties`, `phaseUseFlags`, `PhaseId`, `PhaseGroup`, `terrainSwapMap`, `position_x`, `position_y`, `position_z`, `orientation`, `rotation0`, `rotation1`, `rotation2`, `rotation3`, `spawntimesecs`, `animprogress`, `state`, `isActive`, `ScriptName`, `VerifiedBuild`) VALUES (280200424, 272643, 1882, 9440, 9440, '38', 0, 1, 0, -1, 15228.2, 14693.9, 6, 3.98007, 0, 0, -0.913399, 0.407066, 7200, 255, 1, 0, '', 28153);
DELETE FROM `gameobject` WHERE `guid`=280200423;
INSERT INTO `gameobject` (`guid`, `id`, `map`, `zoneId`, `areaId`, `spawnDifficulties`, `phaseUseFlags`, `PhaseId`, `PhaseGroup`, `terrainSwapMap`, `position_x`, `position_y`, `position_z`, `orientation`, `rotation0`, `rotation1`, `rotation2`, `rotation3`, `spawntimesecs`, `animprogress`, `state`, `isActive`, `ScriptName`, `VerifiedBuild`) VALUES (280200423, 289356, 1882, 9440, 9440, '38', 0, 1, 0, -1, 15190, 14724.1, 3.31037, 6.21764, 0.0322108, -0.0531359, -0.0309362, 0.997588, 7200, 255, 0, 0, '', 28153);
DELETE FROM `gameobject` WHERE `guid`=280200422;
INSERT INTO `gameobject` (`guid`, `id`, `map`, `zoneId`, `areaId`, `spawnDifficulties`, `phaseUseFlags`, `PhaseId`, `PhaseGroup`, `terrainSwapMap`, `position_x`, `position_y`, `position_z`, `orientation`, `rotation0`, `rotation1`, `rotation2`, `rotation3`, `spawntimesecs`, `animprogress`, `state`, `isActive`, `ScriptName`, `VerifiedBuild`) VALUES (280200422, 273296, 1882, 9440, 9440, '38', 0, 1, 0, -1, 15256.6, 14685, 6.70631, 2.41993, 0.053422, -0.0317345, 0.933561, 0.35299, 7200, 255, 0, 0, '', 28153);
DELETE FROM `gameobject` WHERE `guid`=280200421;
INSERT INTO `gameobject` (`guid`, `id`, `map`, `zoneId`, `areaId`, `spawnDifficulties`, `phaseUseFlags`, `PhaseId`, `PhaseGroup`, `terrainSwapMap`, `position_x`, `position_y`, `position_z`, `orientation`, `rotation0`, `rotation1`, `rotation2`, `rotation3`, `spawntimesecs`, `animprogress`, `state`, `isActive`, `ScriptName`, `VerifiedBuild`) VALUES (280200421, 303140, 1882, 9440, 9440, '38', 0, 1, 0, -1, 15205.8, 14631.8, 6.47927, 1.33517, 0, 0, 0.619091, 0.785319, 7200, 255, 0, 0, '', 28153);
DELETE FROM `gameobject` WHERE `guid`=280200420;
INSERT INTO `gameobject` (`guid`, `id`, `map`, `zoneId`, `areaId`, `spawnDifficulties`, `phaseUseFlags`, `PhaseId`, `PhaseGroup`, `terrainSwapMap`, `position_x`, `position_y`, `position_z`, `orientation`, `rotation0`, `rotation1`, `rotation2`, `rotation3`, `spawntimesecs`, `animprogress`, `state`, `isActive`, `ScriptName`, `VerifiedBuild`) VALUES (280200420, 303141, 1882, 9440, 9440, '38', 0, 1, 0, -1, 15200.1, 14609.7, 6.47927, 4.42441, 0, 0, -0.801255, 0.598323, 7200, 255, 0, 0, '', 28153);
DELETE FROM `gameobject` WHERE `guid`=280200419;
INSERT INTO `gameobject` (`guid`, `id`, `map`, `zoneId`, `areaId`, `spawnDifficulties`, `phaseUseFlags`, `PhaseId`, `PhaseGroup`, `terrainSwapMap`, `position_x`, `position_y`, `position_z`, `orientation`, `rotation0`, `rotation1`, `rotation2`, `rotation3`, `spawntimesecs`, `animprogress`, `state`, `isActive`, `ScriptName`, `VerifiedBuild`) VALUES (280200419, 286962, 1882, 9440, 9440, '38', 0, 1, 0, -1, 14802.2, 14727.4, 0, 6.26469, 0, 0, -0.00924969, 0.999957, 7200, 255, 1, 0, '', 28153);
DELETE FROM `gameobject` WHERE `guid`=280200418;
INSERT INTO `gameobject` (`guid`, `id`, `map`, `zoneId`, `areaId`, `spawnDifficulties`, `phaseUseFlags`, `PhaseId`, `PhaseGroup`, `terrainSwapMap`, `position_x`, `position_y`, `position_z`, `orientation`, `rotation0`, `rotation1`, `rotation2`, `rotation3`, `spawntimesecs`, `animprogress`, `state`, `isActive`, `ScriptName`, `VerifiedBuild`) VALUES (280200418, 286963, 1882, 9440, 9440, '38', 0, 1, 0, -1, 15193.2, 14623.2, 0.196043, 6.03011, 0, 0, -0.126203, 0.992005, 7200, 255, 1, 0, '', 28153);
DELETE FROM `gameobject` WHERE `guid`=280200409;
INSERT INTO `gameobject` (`guid`, `id`, `map`, `zoneId`, `areaId`, `spawnDifficulties`, `phaseUseFlags`, `PhaseId`, `PhaseGroup`, `terrainSwapMap`, `position_x`, `position_y`, `position_z`, `orientation`, `rotation0`, `rotation1`, `rotation2`, `rotation3`, `spawntimesecs`, `animprogress`, `state`, `isActive`, `ScriptName`, `VerifiedBuild`) VALUES (280200409, 291080, 1955, 9778, 9778, '12', 0, 1, 0, -1, -2056.85, 2512.63, 9.51871, 0.133902, 0, 0, 0.0669012, 0.99776, 7200, 255, 1, 0, '', 28153);
DELETE FROM `gameobject` WHERE `guid`=280200408;
INSERT INTO `gameobject` (`guid`, `id`, `map`, `zoneId`, `areaId`, `spawnDifficulties`, `phaseUseFlags`, `PhaseId`, `PhaseGroup`, `terrainSwapMap`, `position_x`, `position_y`, `position_z`, `orientation`, `rotation0`, `rotation1`, `rotation2`, `rotation3`, `spawntimesecs`, `animprogress`, `state`, `isActive`, `ScriptName`, `VerifiedBuild`) VALUES (280200408, 291081, 1955, 9778, 9778, '12', 0, 1, 0, -1, -1995.45, 2601.04, 18.3237, 0, 0, 0, 0, 1, 7200, 255, 1, 0, '', 28153);
DELETE FROM `gameobject` WHERE `guid`=280200407;
INSERT INTO `gameobject` (`guid`, `id`, `map`, `zoneId`, `areaId`, `spawnDifficulties`, `phaseUseFlags`, `PhaseId`, `PhaseGroup`, `terrainSwapMap`, `position_x`, `position_y`, `position_z`, `orientation`, `rotation0`, `rotation1`, `rotation2`, `rotation3`, `spawntimesecs`, `animprogress`, `state`, `isActive`, `ScriptName`, `VerifiedBuild`) VALUES (280200407, 291081, 1955, 9778, 9778, '12', 0, 1, 0, -1, -1877.7, 2651.04, 28.3577, 4.68629, 0, 0, -0.716275, 0.697818, 7200, 255, 1, 0, '', 28153);
DELETE FROM `gameobject` WHERE `guid`=280200406;
INSERT INTO `gameobject` (`guid`, `id`, `map`, `zoneId`, `areaId`, `spawnDifficulties`, `phaseUseFlags`, `PhaseId`, `PhaseGroup`, `terrainSwapMap`, `position_x`, `position_y`, `position_z`, `orientation`, `rotation0`, `rotation1`, `rotation2`, `rotation3`, `spawntimesecs`, `animprogress`, `state`, `isActive`, `ScriptName`, `VerifiedBuild`) VALUES (280200406, 291080, 1955, 9778, 9778, '12', 0, 1, 0, -1, -2049.97, 2521.5, 8.5943, 5.10086, 0, 0, -0.557326, 0.830293, 7200, 255, 1, 0, '', 28153);
DELETE FROM `gameobject` WHERE `guid`=280200405;
INSERT INTO `gameobject` (`guid`, `id`, `map`, `zoneId`, `areaId`, `spawnDifficulties`, `phaseUseFlags`, `PhaseId`, `PhaseGroup`, `terrainSwapMap`, `position_x`, `position_y`, `position_z`, `orientation`, `rotation0`, `rotation1`, `rotation2`, `rotation3`, `spawntimesecs`, `animprogress`, `state`, `isActive`, `ScriptName`, `VerifiedBuild`) VALUES (280200405, 291080, 1955, 9778, 9778, '12', 0, 1, 0, -1, -1996.65, 2546.92, 11.603, 3.48478, 0, 0, -0.985314, 0.17075, 7200, 255, 1, 0, '', 28153);
DELETE FROM `gameobject` WHERE `guid`=280200404;
INSERT INTO `gameobject` (`guid`, `id`, `map`, `zoneId`, `areaId`, `spawnDifficulties`, `phaseUseFlags`, `PhaseId`, `PhaseGroup`, `terrainSwapMap`, `position_x`, `position_y`, `position_z`, `orientation`, `rotation0`, `rotation1`, `rotation2`, `rotation3`, `spawntimesecs`, `animprogress`, `state`, `isActive`, `ScriptName`, `VerifiedBuild`) VALUES (280200404, 291080, 1955, 9778, 9778, '12', 0, 1, 0, -1, -1975.68, 2567.22, 17.061, 0, 0, 0, 0, 1, 7200, 255, 1, 0, '', 28153);
DELETE FROM `gameobject` WHERE `guid`=280200403;
INSERT INTO `gameobject` (`guid`, `id`, `map`, `zoneId`, `areaId`, `spawnDifficulties`, `phaseUseFlags`, `PhaseId`, `PhaseGroup`, `terrainSwapMap`, `position_x`, `position_y`, `position_z`, `orientation`, `rotation0`, `rotation1`, `rotation2`, `rotation3`, `spawntimesecs`, `animprogress`, `state`, `isActive`, `ScriptName`, `VerifiedBuild`) VALUES (280200403, 301124, 1955, 9778, 9778, '12', 0, 1, 0, -1, -2025.34, 2518.25, 8.4336, 5.10509, 0.0176926, 0.00614357, -0.555613, 0.83123, 7200, 255, 1, 0, '', 28153);
DELETE FROM `gameobject` WHERE `guid`=280200402;
INSERT INTO `gameobject` (`guid`, `id`, `map`, `zoneId`, `areaId`, `spawnDifficulties`, `phaseUseFlags`, `PhaseId`, `PhaseGroup`, `terrainSwapMap`, `position_x`, `position_y`, `position_z`, `orientation`, `rotation0`, `rotation1`, `rotation2`, `rotation3`, `spawntimesecs`, `animprogress`, `state`, `isActive`, `ScriptName`, `VerifiedBuild`) VALUES (280200402, 301125, 1955, 9778, 9778, '12', 0, 1, 0, -1, -1958.49, 2574.79, 14.7209, 4.83457, 0.0522871, 0.00636768, -0.662731, 0.747003, 7200, 255, 1, 0, '', 28153);
DELETE FROM `gameobject` WHERE `guid`=280200400;
INSERT INTO `gameobject` (`guid`, `id`, `map`, `zoneId`, `areaId`, `spawnDifficulties`, `phaseUseFlags`, `PhaseId`, `PhaseGroup`, `terrainSwapMap`, `position_x`, `position_y`, `position_z`, `orientation`, `rotation0`, `rotation1`, `rotation2`, `rotation3`, `spawntimesecs`, `animprogress`, `state`, `isActive`, `ScriptName`, `VerifiedBuild`) VALUES (280200400, 299039, 1955, 9778, 9778, '12', 0, 1, 0, -1, -2065.94, 2181.09, 6.29868, 1.68104, 0, 0, 0.74499, 0.667075, 7200, 255, 1, 0, '', 28153);
DELETE FROM `gameobject` WHERE `guid`=280200399;
INSERT INTO `gameobject` (`guid`, `id`, `map`, `zoneId`, `areaId`, `spawnDifficulties`, `phaseUseFlags`, `PhaseId`, `PhaseGroup`, `terrainSwapMap`, `position_x`, `position_y`, `position_z`, `orientation`, `rotation0`, `rotation1`, `rotation2`, `rotation3`, `spawntimesecs`, `animprogress`, `state`, `isActive`, `ScriptName`, `VerifiedBuild`) VALUES (280200399, 267024, 1955, 9778, 9778, '12', 0, 1, 0, -1, -2065.97, 2182.22, 0, 4.79519, 0, 0, -0.677234, 0.735768, 7200, 255, 1, 0, '', 28153);
DELETE FROM `gameobject` WHERE `guid`=280200398;
INSERT INTO `gameobject` (`guid`, `id`, `map`, `zoneId`, `areaId`, `spawnDifficulties`, `phaseUseFlags`, `PhaseId`, `PhaseGroup`, `terrainSwapMap`, `position_x`, `position_y`, `position_z`, `orientation`, `rotation0`, `rotation1`, `rotation2`, `rotation3`, `spawntimesecs`, `animprogress`, `state`, `isActive`, `ScriptName`, `VerifiedBuild`) VALUES (280200398, 296322, 1955, 9778, 9778, '12', 0, 1, 0, -1, -2075.88, 2170.78, 6.24164, 0, 0, 0, 0, 1, 7200, 255, 1, 0, '', 28153);
DELETE FROM `gameobject` WHERE `guid`=280200397;
INSERT INTO `gameobject` (`guid`, `id`, `map`, `zoneId`, `areaId`, `spawnDifficulties`, `phaseUseFlags`, `PhaseId`, `PhaseGroup`, `terrainSwapMap`, `position_x`, `position_y`, `position_z`, `orientation`, `rotation0`, `rotation1`, `rotation2`, `rotation3`, `spawntimesecs`, `animprogress`, `state`, `isActive`, `ScriptName`, `VerifiedBuild`) VALUES (280200397, 291056, 1955, 9778, 9778, '12', 0, 1, 0, -1, -2002.7, 2156.05, 3.04167, 5.78787, 0.0185046, -0.00357533, -0.24511, 0.969312, 7200, 255, 1, 0, '', 28153);
DELETE FROM `gameobject` WHERE `guid`=280200396;
INSERT INTO `gameobject` (`guid`, `id`, `map`, `zoneId`, `areaId`, `spawnDifficulties`, `phaseUseFlags`, `PhaseId`, `PhaseGroup`, `terrainSwapMap`, `position_x`, `position_y`, `position_z`, `orientation`, `rotation0`, `rotation1`, `rotation2`, `rotation3`, `spawntimesecs`, `animprogress`, `state`, `isActive`, `ScriptName`, `VerifiedBuild`) VALUES (280200396, 291055, 1955, 9778, 9778, '12', 0, 1, 0, -1, -1954.34, 2189.63, 3.48551, 1.21246, 0, 0, 0.569775, 0.821801, 7200, 255, 1, 0, '', 28153);
DELETE FROM `gameobject` WHERE `guid`=280200395;
INSERT INTO `gameobject` (`guid`, `id`, `map`, `zoneId`, `areaId`, `spawnDifficulties`, `phaseUseFlags`, `PhaseId`, `PhaseGroup`, `terrainSwapMap`, `position_x`, `position_y`, `position_z`, `orientation`, `rotation0`, `rotation1`, `rotation2`, `rotation3`, `spawntimesecs`, `animprogress`, `state`, `isActive`, `ScriptName`, `VerifiedBuild`) VALUES (280200395, 296322, 1955, 9778, 9778, '12', 0, 1, 0, -1, -2075.71, 2183.62, 6.02844, 0, 0, 0, 0, 1, 7200, 255, 1, 0, '', 28153);
DELETE FROM `gameobject` WHERE `guid`=280200394;
INSERT INTO `gameobject` (`guid`, `id`, `map`, `zoneId`, `areaId`, `spawnDifficulties`, `phaseUseFlags`, `PhaseId`, `PhaseGroup`, `terrainSwapMap`, `position_x`, `position_y`, `position_z`, `orientation`, `rotation0`, `rotation1`, `rotation2`, `rotation3`, `spawntimesecs`, `animprogress`, `state`, `isActive`, `ScriptName`, `VerifiedBuild`) VALUES (280200394, 291056, 1955, 9778, 9778, '12', 0, 1, 0, -1, -1922.97, 2171.32, 2.53125, 4.09513, 0, 0, -0.888482, 0.458911, 7200, 255, 1, 0, '', 28153);

DELETE FROM `instance_template` WHERE `map`=1955;
INSERT INTO `instance_template` (`map`, `parent`, `script`, `allowMount`, `insideResurrection`) VALUES (1955, 0, 'scenario_uncharted_island', 1, 0);

DELETE FROM `scenarios` WHERE `map`=1955 AND `difficulty`=12;
INSERT INTO `scenarios` (`map`, `difficulty`, `scenario_A`, `scenario_H`) VALUES (1955, 12, 1570, 1570);


INSERT IGNORE INTO creature_template (entry, KillCredit1, KillCredit2, name, femaleName, subname, IconName, rank, family, type, type_flags, type_flags2, HealthModifier, ManaModifier, RacialLeader, movementId, HealthScalingExpansion, RequiredExpansion, VignetteID, unit_class) VALUES (138939, 0, 0, 'Scrapscuttler', '', '', '', 0, 8, 1, 0, 0, 0.4, 1, 0, 0, 7, 0, 0, 1);
INSERT IGNORE INTO creature_template_model (CreatureID, Idx, CreatureDisplayID, DisplayScale, Probability) VALUES (138939, 0, 76625, 1, 1);
INSERT IGNORE INTO creature_template (entry, KillCredit1, KillCredit2, name, femaleName, subname, IconName, rank, family, type, type_flags, type_flags2, HealthModifier, ManaModifier, RacialLeader, movementId, HealthScalingExpansion, RequiredExpansion, VignetteID, unit_class) VALUES (143783, 0, 0, 'Knucklebump Stomper', '', '', '', 0, 9, 1, 0, 0, 2.3, 1, 0, 0, 7, 0, 0, 1);
INSERT IGNORE INTO creature_template_model (CreatureID, Idx, CreatureDisplayID, DisplayScale, Probability) VALUES (143783, 0, 838, 1.2, 1);
INSERT IGNORE INTO creature_template (entry, KillCredit1, KillCredit2, name, femaleName, subname, IconName, rank, family, type, type_flags, type_flags2, HealthModifier, ManaModifier, RacialLeader, movementId, HealthScalingExpansion, RequiredExpansion, VignetteID, unit_class) VALUES (143782, 0, 0, 'Knucklebump Gorilla', '', '', '', 0, 9, 1, 0, 0, 1.1, 1, 0, 0, 7, 0, 0, 1);
INSERT IGNORE INTO creature_template_model (CreatureID, Idx, CreatureDisplayID, DisplayScale, Probability) VALUES (143782, 0, 837, 1, 1);
INSERT IGNORE INTO creature_template (entry, KillCredit1, KillCredit2, name, femaleName, subname, IconName, rank, family, type, type_flags, type_flags2, HealthModifier, ManaModifier, RacialLeader, movementId, HealthScalingExpansion, RequiredExpansion, VignetteID, unit_class) VALUES (143781, 0, 0, 'Juvenile Knucklebump', '', '', '', 0, 9, 1, 0, 0, 0.6, 1, 0, 0, 7, 0, 0, 1);
INSERT IGNORE INTO creature_template_model (CreatureID, Idx, CreatureDisplayID, DisplayScale, Probability) VALUES (143781, 0, 838, 0.5, 1);
INSERT IGNORE INTO creature_template (entry, KillCredit1, KillCredit2, name, femaleName, subname, IconName, rank, family, type, type_flags, type_flags2, HealthModifier, ManaModifier, RacialLeader, movementId, HealthScalingExpansion, RequiredExpansion, VignetteID, unit_class) VALUES (143779, 0, 0, 'Jungle Stalker Cub', '', '', '', 0, 2, 1, 0, 0, 0.4, 1, 0, 0, 7, 0, 0, 1);
INSERT IGNORE INTO creature_template_model (CreatureID, Idx, CreatureDisplayID, DisplayScale, Probability) VALUES (143779, 0, 42292, 1, 1);
INSERT IGNORE INTO creature_template (entry, KillCredit1, KillCredit2, name, femaleName, subname, IconName, rank, family, type, type_flags, type_flags2, HealthModifier, ManaModifier, RacialLeader, movementId, HealthScalingExpansion, RequiredExpansion, VignetteID, unit_class) VALUES (143780, 0, 0, 'Jungle Tiger', '', '', '', 0, 2, 1, 0, 0, 0.8, 1, 0, 0, 7, 0, 0, 1);
INSERT IGNORE INTO creature_template_model (CreatureID, Idx, CreatureDisplayID, DisplayScale, Probability) VALUES (143780, 0, 40727, 1, 1);
INSERT IGNORE INTO creature_template (entry, KillCredit1, KillCredit2, name, femaleName, subname, IconName, rank, family, type, type_flags, type_flags2, HealthModifier, ManaModifier, RacialLeader, movementId, HealthScalingExpansion, RequiredExpansion, VignetteID, unit_class) VALUES (138944, 0, 0, 'Kunzen Leafeater', '', '', '', 0, 0, 7, 0, 0, 0.5, 1, 0, 0, 7, 0, 0, 1);
INSERT IGNORE INTO creature_template_model (CreatureID, Idx, CreatureDisplayID, DisplayScale, Probability) VALUES (138944, 0, 78765, 1, 1);
INSERT IGNORE INTO creature_template (entry, KillCredit1, KillCredit2, name, femaleName, subname, IconName, rank, family, type, type_flags, type_flags2, HealthModifier, ManaModifier, RacialLeader, movementId, HealthScalingExpansion, RequiredExpansion, VignetteID, unit_class) VALUES (138973, 0, 0, 'Captain Rez\'okun', '', '', '', 0, 0, 7, 268435456, 0, 100, 1, 0, 0, 7, 0, 0, 1);
INSERT IGNORE INTO creature_template_model (CreatureID, Idx, CreatureDisplayID, DisplayScale, Probability) VALUES (138973, 0, 81389, 1, 1);
INSERT IGNORE INTO creature_template (entry, KillCredit1, KillCredit2, name, femaleName, subname, IconName, rank, family, type, type_flags, type_flags2, HealthModifier, ManaModifier, RacialLeader, movementId, HealthScalingExpansion, RequiredExpansion, VignetteID, unit_class) VALUES (138946, 0, 0, 'Kunzen Hunter', '', '', '', 0, 0, 7, 0, 0, 0.9, 1, 0, 0, 7, 0, 0, 1);
INSERT IGNORE INTO creature_template_model (CreatureID, Idx, CreatureDisplayID, DisplayScale, Probability) VALUES (138946, 0, 78767, 1, 1);
INSERT IGNORE INTO creature_template (entry, KillCredit1, KillCredit2, name, femaleName, subname, IconName, rank, family, type, type_flags, type_flags2, HealthModifier, ManaModifier, RacialLeader, movementId, HealthScalingExpansion, RequiredExpansion, VignetteID, unit_class) VALUES (138896, 0, 0, 'Encrusted Kingscuttler', '', '', '', 0, 8, 1, 1, 0, 4, 5, 0, 144, 7, 0, 0, 1);
INSERT IGNORE INTO creature_template_model (CreatureID, Idx, CreatureDisplayID, DisplayScale, Probability) VALUES (138896, 0, 78929, 1, 1);
INSERT IGNORE INTO creature_template (entry, KillCredit1, KillCredit2, name, femaleName, subname, IconName, rank, family, type, type_flags, type_flags2, HealthModifier, ManaModifier, RacialLeader, movementId, HealthScalingExpansion, RequiredExpansion, VignetteID, unit_class) VALUES (138945, 0, 0, 'Kunzen Hozen', '', '', '', 0, 0, 7, 0, 0, 1, 1, 0, 0, 7, 0, 0, 1);
INSERT IGNORE INTO creature_template_model (CreatureID, Idx, CreatureDisplayID, DisplayScale, Probability) VALUES (138945, 0, 78766, 1, 1);
INSERT IGNORE INTO creature_template (entry, KillCredit1, KillCredit2, name, femaleName, subname, IconName, rank, family, type, type_flags, type_flags2, HealthModifier, ManaModifier, RacialLeader, movementId, HealthScalingExpansion, RequiredExpansion, VignetteID, unit_class) VALUES (138948, 0, 0, 'Akakakoo', '', '', '', 0, 0, 7, 0, 0, 4, 1, 0, 144, 7, 0, 0, 1);
INSERT IGNORE INTO creature_template_model (CreatureID, Idx, CreatureDisplayID, DisplayScale, Probability) VALUES (138948, 0, 41289, 0.8, 1);

DELETE FROM creature_model_info WHERE DisplayID IN (76625, 838, 837, 42292, 40727, 78765, 81389, 78767, 78929, 78766, 41289);
INSERT INTO creature_model_info (DisplayID, BoundingRadius, CombatReach, DisplayID_Other_Gender) VALUES (76625, 1.342116, 1.75, 0);
INSERT INTO creature_model_info (DisplayID, BoundingRadius, CombatReach, DisplayID_Other_Gender) VALUES (838, 1.48353, 1.5, 0);
INSERT INTO creature_model_info (DisplayID, BoundingRadius, CombatReach, DisplayID_Other_Gender) VALUES (837, 1.236275, 1.25, 0);
INSERT INTO creature_model_info (DisplayID, BoundingRadius, CombatReach, DisplayID_Other_Gender) VALUES (42292, 0.8745, 1.65, 0);
INSERT INTO creature_model_info (DisplayID, BoundingRadius, CombatReach, DisplayID_Other_Gender) VALUES (40727, 0.8745, 1.65, 0);
INSERT INTO creature_model_info (DisplayID, BoundingRadius, CombatReach, DisplayID_Other_Gender) VALUES (78765, 0.701571, 1.1, 0);
INSERT INTO creature_model_info (DisplayID, BoundingRadius, CombatReach, DisplayID_Other_Gender) VALUES (81389, 0.347222, 1.5, 0);
INSERT INTO creature_model_info (DisplayID, BoundingRadius, CombatReach, DisplayID_Other_Gender) VALUES (78767, 1.068251, 1.32, 0);
INSERT INTO creature_model_info (DisplayID, BoundingRadius, CombatReach, DisplayID_Other_Gender) VALUES (78929, 3.834616, 5, 0);
INSERT INTO creature_model_info (DisplayID, BoundingRadius, CombatReach, DisplayID_Other_Gender) VALUES (78766, 1.068251, 1.32, 0);
INSERT INTO creature_model_info (DisplayID, BoundingRadius, CombatReach, DisplayID_Other_Gender) VALUES (41289, 1.780418, 2.2, 0);

DELETE FROM `creature_template_addon` WHERE `entry` IN (138939, 143783, 143782, 143781, 143779, 143780, 138944, 138973, 138946, 138896, 138945, 138948);

INSERT INTO creature_template_addon (entry, path_id, mount, bytes1, bytes2, emote, aiAnimKit, movementAnimKit, meleeAnimKit, auras) VALUES (138939, 0, 0, 0, 1, 0, 0, 0, 0, '273413');
INSERT INTO creature_template_addon (entry, path_id, mount, bytes1, bytes2, emote, aiAnimKit, movementAnimKit, meleeAnimKit, auras) VALUES (143783, 0, 0, 0, 1, 0, 0, 0, 0, '273413');
INSERT INTO creature_template_addon (entry, path_id, mount, bytes1, bytes2, emote, aiAnimKit, movementAnimKit, meleeAnimKit, auras) VALUES (143782, 0, 0, 0, 1, 0, 0, 0, 0, '273413');
INSERT INTO creature_template_addon (entry, path_id, mount, bytes1, bytes2, emote, aiAnimKit, movementAnimKit, meleeAnimKit, auras) VALUES (143781, 0, 0, 0, 1, 0, 0, 0, 0, '273413');
INSERT INTO creature_template_addon (entry, path_id, mount, bytes1, bytes2, emote, aiAnimKit, movementAnimKit, meleeAnimKit, auras) VALUES (143779, 0, 0, 0, 1, 0, 0, 0, 0, '273413');
INSERT INTO creature_template_addon (entry, path_id, mount, bytes1, bytes2, emote, aiAnimKit, movementAnimKit, meleeAnimKit, auras) VALUES (143780, 0, 0, 0, 1, 0, 0, 0, 0, '273413 152209');
INSERT INTO creature_template_addon (entry, path_id, mount, bytes1, bytes2, emote, aiAnimKit, movementAnimKit, meleeAnimKit, auras) VALUES (138944, 0, 0, 0, 1, 0, 0, 0, 0, '273413');
INSERT INTO creature_template_addon (entry, path_id, mount, bytes1, bytes2, emote, aiAnimKit, movementAnimKit, meleeAnimKit, auras) VALUES (138973, 0, 0, 0, 1, 0, 0, 0, 0, '267808');
INSERT INTO creature_template_addon (entry, path_id, mount, bytes1, bytes2, emote, aiAnimKit, movementAnimKit, meleeAnimKit, auras) VALUES (138946, 0, 0, 0, 1, 0, 0, 0, 0, '273413');
INSERT INTO creature_template_addon (entry, path_id, mount, bytes1, bytes2, emote, aiAnimKit, movementAnimKit, meleeAnimKit, auras) VALUES (138896, 0, 0, 0, 1, 0, 0, 0, 0, '273413');
INSERT INTO creature_template_addon (entry, path_id, mount, bytes1, bytes2, emote, aiAnimKit, movementAnimKit, meleeAnimKit, auras) VALUES (138945, 0, 0, 0, 1, 0, 0, 0, 0, '273413 255265');
INSERT INTO creature_template_addon (entry, path_id, mount, bytes1, bytes2, emote, aiAnimKit, movementAnimKit, meleeAnimKit, auras) VALUES (138948, 0, 0, 0, 1, 0, 0, 0, 0, '273413');

UPDATE `creature_template` SET `unit_flags` = 0, `unit_flags2` = 16779264, `unit_flags3` = 0, `BaseAttackTime` = 2000, `RangeAttackTime` = 0 WHERE `entry` = 138939;
UPDATE `creature_template` SET `unit_flags` = 32832, `unit_flags2` = 0, `unit_flags3` = 0, `BaseAttackTime` = 2000, `RangeAttackTime` = 0 WHERE `entry` = 143783;
UPDATE `creature_template` SET `unit_flags` = 32768, `unit_flags2` = 0, `unit_flags3` = 0, `BaseAttackTime` = 2000, `RangeAttackTime` = 0 WHERE `entry` = 143782;
UPDATE `creature_template` SET `unit_flags` = 32768, `unit_flags2` = 0, `unit_flags3` = 0, `BaseAttackTime` = 2000, `RangeAttackTime` = 0 WHERE `entry` = 143781;
UPDATE `creature_template` SET `unit_flags` = 0, `unit_flags2` = 16777216, `unit_flags3` = 0, `BaseAttackTime` = 1500, `RangeAttackTime` = 0 WHERE `entry` = 143779;
UPDATE `creature_template` SET `unit_flags` = 32768, `unit_flags2` = 0, `unit_flags3` = 0, `BaseAttackTime` = 1500, `RangeAttackTime` = 0 WHERE `entry` = 143780;
UPDATE `creature_template` SET `unit_flags` = 32768, `unit_flags2` = 2048, `unit_flags3` = 0, `BaseAttackTime` = 2000, `RangeAttackTime` = 0 WHERE `entry` = 138944;
UPDATE `creature_template` SET `unit_flags` = 32768, `unit_flags2` = 2048, `unit_flags3` = 1, `BaseAttackTime` = 2000, `RangeAttackTime` = 0 WHERE `entry` = 138973;
UPDATE `creature_template` SET `unit_flags` = 32768, `unit_flags2` = 2048, `unit_flags3` = 0, `BaseAttackTime` = 2000, `RangeAttackTime` = 0 WHERE `entry` = 138946;
UPDATE `creature_template` SET `unit_flags` = 64, `unit_flags2` = 16779264, `unit_flags3` = 0, `BaseAttackTime` = 3000, `RangeAttackTime` = 0 WHERE `entry` = 138896;
UPDATE `creature_template` SET `unit_flags` = 32768, `unit_flags2` = 2048, `unit_flags3` = 0, `BaseAttackTime` = 2000, `RangeAttackTime` = 0 WHERE `entry` = 138945;
UPDATE `creature_template` SET `unit_flags` = 32832, `unit_flags2` = 2048, `unit_flags3` = 0, `BaseAttackTime` = 2000, `RangeAttackTime` = 0 WHERE `entry` = 138948;


INSERT IGNORE INTO `creature_equip_template` (`CreatureID`, `ID`, `ItemID1`, `AppearanceModID1`, `ItemVisual1`, `ItemID2`, `AppearanceModID2`, `ItemVisual2`, `ItemID3`, `AppearanceModID3`, `ItemVisual3`) VALUES (138946, 1, 60765, 0, 0, 0, 0, 0, 5870, 0, 0);
INSERT IGNORE INTO `creature_equip_template` (`CreatureID`, `ID`, `ItemID1`, `AppearanceModID1`, `ItemVisual1`, `ItemID2`, `AppearanceModID2`, `ItemVisual2`, `ItemID3`, `AppearanceModID3`, `ItemVisual3`) VALUES (138945, 1, 115802, 0, 0, 0, 0, 0, 0, 0, 0);

INSERT IGNORE INTO `creature_template_scaling` (`Entry`, `LevelScalingMin`, `LevelScalingMax`, `LevelScalingDeltaMin`, `LevelScalingDeltaMax`) VALUES (138939, 110, 120, -3, 0);
INSERT IGNORE INTO `creature_template_scaling` (`Entry`, `LevelScalingMin`, `LevelScalingMax`, `LevelScalingDeltaMin`, `LevelScalingDeltaMax`) VALUES (143783, 110, 120, 0, 0);
INSERT IGNORE INTO `creature_template_scaling` (`Entry`, `LevelScalingMin`, `LevelScalingMax`, `LevelScalingDeltaMin`, `LevelScalingDeltaMax`) VALUES (143782, 110, 120, 0, 0);
INSERT IGNORE INTO `creature_template_scaling` (`Entry`, `LevelScalingMin`, `LevelScalingMax`, `LevelScalingDeltaMin`, `LevelScalingDeltaMax`) VALUES (143781, 110, 120, 0, 0);
INSERT IGNORE INTO `creature_template_scaling` (`Entry`, `LevelScalingMin`, `LevelScalingMax`, `LevelScalingDeltaMin`, `LevelScalingDeltaMax`) VALUES (143779, 110, 120, 0, 0);
INSERT IGNORE INTO `creature_template_scaling` (`Entry`, `LevelScalingMin`, `LevelScalingMax`, `LevelScalingDeltaMin`, `LevelScalingDeltaMax`) VALUES (143780, 110, 120, 0, 0);
INSERT IGNORE INTO `creature_template_scaling` (`Entry`, `LevelScalingMin`, `LevelScalingMax`, `LevelScalingDeltaMin`, `LevelScalingDeltaMax`) VALUES (138944, 110, 120, -1, 0);
INSERT IGNORE INTO `creature_template_scaling` (`Entry`, `LevelScalingMin`, `LevelScalingMax`, `LevelScalingDeltaMin`, `LevelScalingDeltaMax`) VALUES (138946, 110, 120, 0, 0);
INSERT IGNORE INTO `creature_template_scaling` (`Entry`, `LevelScalingMin`, `LevelScalingMax`, `LevelScalingDeltaMin`, `LevelScalingDeltaMax`) VALUES (138896, 110, 120, 0, 1);
INSERT IGNORE INTO `creature_template_scaling` (`Entry`, `LevelScalingMin`, `LevelScalingMax`, `LevelScalingDeltaMin`, `LevelScalingDeltaMax`) VALUES (138945, 110, 120, 0, 0);
INSERT IGNORE INTO `creature_template_scaling` (`Entry`, `LevelScalingMin`, `LevelScalingMax`, `LevelScalingDeltaMin`, `LevelScalingDeltaMax`) VALUES (138948, 110, 120, 0, 2);

UPDATE `creature_template` SET `minlevel`=110, `maxlevel`=120 WHERE `entry`=138939;
UPDATE `creature_template` SET `minlevel`=110, `maxlevel`=120 WHERE `entry`=143783;
UPDATE `creature_template` SET `minlevel`=110, `maxlevel`=120 WHERE `entry`=143782;
UPDATE `creature_template` SET `minlevel`=110, `maxlevel`=120 WHERE `entry`=143781;
UPDATE `creature_template` SET `minlevel`=110, `maxlevel`=120 WHERE `entry`=143779;
UPDATE `creature_template` SET `minlevel`=110, `maxlevel`=120 WHERE `entry`=143780;
UPDATE `creature_template` SET `minlevel`=110, `maxlevel`=120 WHERE `entry`=138944;
UPDATE `creature_template` SET `minlevel`=120, `maxlevel`=120 WHERE `entry`=138973;
UPDATE `creature_template` SET `minlevel`=110, `maxlevel`=120 WHERE `entry`=138946;
UPDATE `creature_template` SET `minlevel`=110, `maxlevel`=120 WHERE `entry`=138896;
UPDATE `creature_template` SET `minlevel`=117, `maxlevel`=117 WHERE `entry`=78116;
UPDATE `creature_template` SET `minlevel`=110, `maxlevel`=120 WHERE `entry`=138945;
UPDATE `creature_template` SET `minlevel`=110, `maxlevel`=120 WHERE `entry`=138948;
UPDATE `creature_template` SET `faction`=190 WHERE `entry`=138939;
UPDATE `creature_template` SET `faction`=16 WHERE `entry`=143783;
UPDATE `creature_template` SET `faction`=16 WHERE `entry`=143782;
UPDATE `creature_template` SET `faction`=1924 WHERE `entry`=143781;
UPDATE `creature_template` SET `faction`=2358 WHERE `entry`=143779;
UPDATE `creature_template` SET `faction`=2358 WHERE `entry`=143780;
UPDATE `creature_template` SET `faction`=16 WHERE `entry`=138944;
UPDATE `creature_template` SET `faction`=2978 WHERE `entry`=138973;
UPDATE `creature_template` SET `faction`=16 WHERE `entry`=138946;
UPDATE `creature_template` SET `faction`=14 WHERE `entry`=138896;
UPDATE `creature_template` SET `faction`=116 WHERE `entry`=78116;
UPDATE `creature_template` SET `faction`=16 WHERE `entry`=138945;
UPDATE `creature_template` SET `faction`=16 WHERE `entry`=138948;
UPDATE `creature_template` SET `npcflag`=1 WHERE `entry`=138973;

INSERT IGNORE INTO gameobject_template (entry, type, displayId, name, IconName, castBarCaption, unk1, size, Data0, Data1, Data2, Data3, Data4, Data5, Data6, Data7, Data8, Data9, Data10, Data11, Data12, Data13, Data14, Data15, Data16, Data17, Data18, Data19, Data20, Data21, Data22, Data23, Data24, Data25, Data26, Data27, Data28, Data29, Data30, Data31, Data32, Data33, RequiredLevel) VALUES (299335, 5, 9510, 'Invisible Object', '', '', '', 1, 0, 0, 0, 0, 0, 0, 0, 0, 0, 0, 0, 0, 0, 0, 0, 0, 0, 0, 0, 0, 0, 0, 0, 0, 0, 0, 0, 0, 0, 0, 0, 0, 0, 0, 0);
INSERT IGNORE INTO gameobject_template (entry, type, displayId, name, IconName, castBarCaption, unk1, size, Data0, Data1, Data2, Data3, Data4, Data5, Data6, Data7, Data8, Data9, Data10, Data11, Data12, Data13, Data14, Data15, Data16, Data17, Data18, Data19, Data20, Data21, Data22, Data23, Data24, Data25, Data26, Data27, Data28, Data29, Data30, Data31, Data32, Data33, RequiredLevel) VALUES (299039, 5, 52062, 'Azerite Detector', '', '', '', 0.7, 1, 1, 0, 1, 0, 0, 0, 0, 0, 0, 0, 0, 0, 0, 0, 0, 0, 0, 0, 0, 0, 0, 0, 0, 0, 0, 0, 0, 0, 0, 0, 0, 0, 0, 0);
INSERT IGNORE INTO gameobject_template (entry, type, displayId, name, IconName, castBarCaption, unk1, size, Data0, Data1, Data2, Data3, Data4, Data5, Data6, Data7, Data8, Data9, Data10, Data11, Data12, Data13, Data14, Data15, Data16, Data17, Data18, Data19, Data20, Data21, Data22, Data23, Data24, Data25, Data26, Data27, Data28, Data29, Data30, Data31, Data32, Data33, RequiredLevel) VALUES (296322, 5, 25329, 'Invisible Platform', '', '', '', 0.1, 0, 0, 0, 0, 0, 0, 0, 0, 0, 0, 0, 0, 0, 0, 0, 0, 0, 0, 0, 0, 0, 0, 0, 0, 0, 0, 0, 0, 0, 0, 0, 0, 0, 0, 0);
INSERT IGNORE INTO gameobject_template (entry, type, displayId, name, IconName, castBarCaption, unk1, size, Data0, Data1, Data2, Data3, Data4, Data5, Data6, Data7, Data8, Data9, Data10, Data11, Data12, Data13, Data14, Data15, Data16, Data17, Data18, Data19, Data20, Data21, Data22, Data23, Data24, Data25, Data26, Data27, Data28, Data29, Data30, Data31, Data32, Data33, RequiredLevel) VALUES (291056, 10, 49201, 'Azerite Crystal', 'mine', 'Mining', '', 1, 2280, 0, 0, 0, 0, 1, 0, 0, 0, 0, 273023, 0, 0, 0, 78976, 0, 0, 0, 0, 0, 0, 0, 0, 0, 0, 0, 0, 1, 0, 0, 0, 0, 0, 0, 0);
INSERT IGNORE INTO gameobject_template (entry, type, displayId, name, IconName, castBarCaption, unk1, size, Data0, Data1, Data2, Data3, Data4, Data5, Data6, Data7, Data8, Data9, Data10, Data11, Data12, Data13, Data14, Data15, Data16, Data17, Data18, Data19, Data20, Data21, Data22, Data23, Data24, Data25, Data26, Data27, Data28, Data29, Data30, Data31, Data32, Data33, RequiredLevel) VALUES (291055, 10, 49202, 'Azerite Crystal', 'mine', 'Mining', '', 1, 2280, 0, 0, 0, 0, 1, 0, 0, 0, 0, 273023, 0, 0, 0, 78976, 0, 0, 0, 0, 0, 0, 0, 0, 0, 0, 0, 0, 1, 0, 0, 0, 0, 0, 0, 0);
INSERT IGNORE INTO gameobject_template (entry, type, displayId, name, IconName, castBarCaption, unk1, size, Data0, Data1, Data2, Data3, Data4, Data5, Data6, Data7, Data8, Data9, Data10, Data11, Data12, Data13, Data14, Data15, Data16, Data17, Data18, Data19, Data20, Data21, Data22, Data23, Data24, Data25, Data26, Data27, Data28, Data29, Data30, Data31, Data32, Data33, RequiredLevel) VALUES (267024, 43, 48868, 'Breath of Pa\'ku', '', '', '', 1, -1, 0, 0, 0, 0, 0, 0, 0, 0, 0, 0, 0, 0, 0, 0, 0, 0, 0, 0, 0, 0, 0, 0, 0, 0, 0, 0, 0, 0, 0, 0, 0, 0, 0, 0);
INSERT IGNORE INTO gameobject_template (entry, type, displayId, name, IconName, castBarCaption, unk1, size, Data0, Data1, Data2, Data3, Data4, Data5, Data6, Data7, Data8, Data9, Data10, Data11, Data12, Data13, Data14, Data15, Data16, Data17, Data18, Data19, Data20, Data21, Data22, Data23, Data24, Data25, Data26, Data27, Data28, Data29, Data30, Data31, Data32, Data33, RequiredLevel) VALUES (301124, 8, 7748, 'Campfire', '', '', '', 0.9799998, 4, 10, 2061, 0, 0, 0, 0, 0, 0, 0, 0, 0, 0, 0, 0, 0, 0, 0, 0, 0, 0, 0, 0, 0, 0, 0, 0, 0, 0, 0, 0, 0, 0, 0, 0);
INSERT IGNORE INTO gameobject_template (entry, type, displayId, name, IconName, castBarCaption, unk1, size, Data0, Data1, Data2, Data3, Data4, Data5, Data6, Data7, Data8, Data9, Data10, Data11, Data12, Data13, Data14, Data15, Data16, Data17, Data18, Data19, Data20, Data21, Data22, Data23, Data24, Data25, Data26, Data27, Data28, Data29, Data30, Data31, Data32, Data33, RequiredLevel) VALUES (291080, 10, 49910, 'Pouch of Azerite', 'lootall', 'Opening', '', 1, 43, 0, 0, 0, 0, 1, 0, 0, 0, 0, 273459, 0, 0, 0, 21400, 0, 0, 0, 0, 0, 0, 0, 0, 0, 0, 0, 0, 0, 0, 0, 0, 0, 0, 0, 0);
INSERT IGNORE INTO gameobject_template (entry, type, displayId, name, IconName, castBarCaption, unk1, size, Data0, Data1, Data2, Data3, Data4, Data5, Data6, Data7, Data8, Data9, Data10, Data11, Data12, Data13, Data14, Data15, Data16, Data17, Data18, Data19, Data20, Data21, Data22, Data23, Data24, Data25, Data26, Data27, Data28, Data29, Data30, Data31, Data32, Data33, RequiredLevel) VALUES (301125, 8, 7748, 'Campfire', '', '', '', 0.5500001, 4, 10, 2061, 0, 0, 0, 0, 0, 0, 0, 0, 0, 0, 0, 0, 0, 0, 0, 0, 0, 0, 0, 0, 0, 0, 0, 0, 0, 0, 0, 0, 0, 0, 0, 0);
INSERT IGNORE INTO gameobject_template (entry, type, displayId, name, IconName, castBarCaption, unk1, size, Data0, Data1, Data2, Data3, Data4, Data5, Data6, Data7, Data8, Data9, Data10, Data11, Data12, Data13, Data14, Data15, Data16, Data17, Data18, Data19, Data20, Data21, Data22, Data23, Data24, Data25, Data26, Data27, Data28, Data29, Data30, Data31, Data32, Data33, RequiredLevel) VALUES (291081, 10, 49756, 'Sack of Azerite', 'lootall', 'Opening', '', 1.5, 43, 0, 0, 0, 0, 1, 0, 0, 0, 0, 273460, 0, 0, 0, 21400, 0, 0, 0, 0, 0, 0, 0, 0, 0, 0, 0, 0, 0, 0, 0, 0, 0, 0, 0, 0);


REPLACE INTO npc_text (ID, BroadcastTextID0, Probability0, BroadcastTextID1, Probability1, BroadcastTextID2, Probability2, BroadcastTextID3, Probability3, BroadcastTextID4, Probability4, BroadcastTextID5, Probability5, BroadcastTextID6, Probability6, BroadcastTextID7, Probability7) VALUES (33491, 142584, 1, 0, 0, 0, 0, 0, 0, 0, 0, 0, 0, 0, 0, 0, 0);
REPLACE INTO npc_text (ID, BroadcastTextID0, Probability0, BroadcastTextID1, Probability1, BroadcastTextID2, Probability2, BroadcastTextID3, Probability3, BroadcastTextID4, Probability4, BroadcastTextID5, Probability5, BroadcastTextID6, Probability6, BroadcastTextID7, Probability7) VALUES (33490, 142577, 1, 0, 0, 0, 0, 0, 0, 0, 0, 0, 0, 0, 0, 0, 0);
REPLACE INTO npc_text (ID, BroadcastTextID0, Probability0, BroadcastTextID1, Probability1, BroadcastTextID2, Probability2, BroadcastTextID3, Probability3, BroadcastTextID4, Probability4, BroadcastTextID5, Probability5, BroadcastTextID6, Probability6, BroadcastTextID7, Probability7) VALUES (33837, 146247, 1, 0, 0, 0, 0, 0, 0, 0, 0, 0, 0, 0, 0, 0, 0);
REPLACE INTO npc_text (ID, BroadcastTextID0, Probability0, BroadcastTextID1, Probability1, BroadcastTextID2, Probability2, BroadcastTextID3, Probability3, BroadcastTextID4, Probability4, BroadcastTextID5, Probability5, BroadcastTextID6, Probability6, BroadcastTextID7, Probability7) VALUES (33838, 146248, 1, 0, 0, 0, 0, 0, 0, 0, 0, 0, 0, 0, 0, 0, 0);
REPLACE INTO npc_text (ID, BroadcastTextID0, Probability0, BroadcastTextID1, Probability1, BroadcastTextID2, Probability2, BroadcastTextID3, Probability3, BroadcastTextID4, Probability4, BroadcastTextID5, Probability5, BroadcastTextID6, Probability6, BroadcastTextID7, Probability7) VALUES (33839, 146249, 1, 0, 0, 0, 0, 0, 0, 0, 0, 0, 0, 0, 0, 0, 0);
REPLACE INTO npc_text (ID, BroadcastTextID0, Probability0, BroadcastTextID1, Probability1, BroadcastTextID2, Probability2, BroadcastTextID3, Probability3, BroadcastTextID4, Probability4, BroadcastTextID5, Probability5, BroadcastTextID6, Probability6, BroadcastTextID7, Probability7) VALUES (33834, 146240, 1, 0, 0, 0, 0, 0, 0, 0, 0, 0, 0, 0, 0, 0, 0);
REPLACE INTO npc_text (ID, BroadcastTextID0, Probability0, BroadcastTextID1, Probability1, BroadcastTextID2, Probability2, BroadcastTextID3, Probability3, BroadcastTextID4, Probability4, BroadcastTextID5, Probability5, BroadcastTextID6, Probability6, BroadcastTextID7, Probability7) VALUES (33835, 146243, 1, 0, 0, 0, 0, 0, 0, 0, 0, 0, 0, 0, 0, 0, 0);
REPLACE INTO npc_text (ID, BroadcastTextID0, Probability0, BroadcastTextID1, Probability1, BroadcastTextID2, Probability2, BroadcastTextID3, Probability3, BroadcastTextID4, Probability4, BroadcastTextID5, Probability5, BroadcastTextID6, Probability6, BroadcastTextID7, Probability7) VALUES (33836, 146244, 1, 0, 0, 0, 0, 0, 0, 0, 0, 0, 0, 0, 0, 0, 0);
REPLACE INTO npc_text (ID, BroadcastTextID0, Probability0, BroadcastTextID1, Probability1, BroadcastTextID2, Probability2, BroadcastTextID3, Probability3, BroadcastTextID4, Probability4, BroadcastTextID5, Probability5, BroadcastTextID6, Probability6, BroadcastTextID7, Probability7) VALUES (33486, 142528, 1, 0, 0, 0, 0, 0, 0, 0, 0, 0, 0, 0, 0, 0, 0);
REPLACE INTO npc_text (ID, BroadcastTextID0, Probability0, BroadcastTextID1, Probability1, BroadcastTextID2, Probability2, BroadcastTextID3, Probability3, BroadcastTextID4, Probability4, BroadcastTextID5, Probability5, BroadcastTextID6, Probability6, BroadcastTextID7, Probability7) VALUES (34958, 155190, 1, 0, 0, 0, 0, 0, 0, 0, 0, 0, 0, 0, 0, 0, 0);
REPLACE INTO npc_text (ID, BroadcastTextID0, Probability0, BroadcastTextID1, Probability1, BroadcastTextID2, Probability2, BroadcastTextID3, Probability3, BroadcastTextID4, Probability4, BroadcastTextID5, Probability5, BroadcastTextID6, Probability6, BroadcastTextID7, Probability7) VALUES (36167, 161591, 1, 0, 0, 0, 0, 0, 0, 0, 0, 0, 0, 0, 0, 0, 0);
REPLACE INTO npc_text (ID, BroadcastTextID0, Probability0, BroadcastTextID1, Probability1, BroadcastTextID2, Probability2, BroadcastTextID3, Probability3, BroadcastTextID4, Probability4, BroadcastTextID5, Probability5, BroadcastTextID6, Probability6, BroadcastTextID7, Probability7) VALUES (35056, 156403, 1, 0, 0, 0, 0, 0, 0, 0, 0, 0, 0, 0, 0, 0, 0);
REPLACE INTO npc_text (ID, BroadcastTextID0, Probability0, BroadcastTextID1, Probability1, BroadcastTextID2, Probability2, BroadcastTextID3, Probability3, BroadcastTextID4, Probability4, BroadcastTextID5, Probability5, BroadcastTextID6, Probability6, BroadcastTextID7, Probability7) VALUES (36168, 161595, 1, 0, 0, 0, 0, 0, 0, 0, 0, 0, 0, 0, 0, 0, 0);
REPLACE INTO npc_text (ID, BroadcastTextID0, Probability0, BroadcastTextID1, Probability1, BroadcastTextID2, Probability2, BroadcastTextID3, Probability3, BroadcastTextID4, Probability4, BroadcastTextID5, Probability5, BroadcastTextID6, Probability6, BroadcastTextID7, Probability7) VALUES (36169, 161605, 1, 0, 0, 0, 0, 0, 0, 0, 0, 0, 0, 0, 0, 0, 0);
REPLACE INTO npc_text (ID, BroadcastTextID0, Probability0, BroadcastTextID1, Probability1, BroadcastTextID2, Probability2, BroadcastTextID3, Probability3, BroadcastTextID4, Probability4, BroadcastTextID5, Probability5, BroadcastTextID6, Probability6, BroadcastTextID7, Probability7) VALUES (36170, 161611, 1, 0, 0, 0, 0, 0, 0, 0, 0, 0, 0, 0, 0, 0, 0);
REPLACE INTO npc_text (ID, BroadcastTextID0, Probability0, BroadcastTextID1, Probability1, BroadcastTextID2, Probability2, BroadcastTextID3, Probability3, BroadcastTextID4, Probability4, BroadcastTextID5, Probability5, BroadcastTextID6, Probability6, BroadcastTextID7, Probability7) VALUES (35071, 156446, 1, 0, 0, 0, 0, 0, 0, 0, 0, 0, 0, 0, 0, 0, 0);
REPLACE INTO npc_text (ID, BroadcastTextID0, Probability0, BroadcastTextID1, Probability1, BroadcastTextID2, Probability2, BroadcastTextID3, Probability3, BroadcastTextID4, Probability4, BroadcastTextID5, Probability5, BroadcastTextID6, Probability6, BroadcastTextID7, Probability7) VALUES (35072, 156447, 1, 0, 0, 0, 0, 0, 0, 0, 0, 0, 0, 0, 0, 0, 0);
REPLACE INTO npc_text (ID, BroadcastTextID0, Probability0, BroadcastTextID1, Probability1, BroadcastTextID2, Probability2, BroadcastTextID3, Probability3, BroadcastTextID4, Probability4, BroadcastTextID5, Probability5, BroadcastTextID6, Probability6, BroadcastTextID7, Probability7) VALUES (34944, 155108, 1, 0, 0, 0, 0, 0, 0, 0, 0, 0, 0, 0, 0, 0, 0);
REPLACE INTO npc_text (ID, BroadcastTextID0, Probability0, BroadcastTextID1, Probability1, BroadcastTextID2, Probability2, BroadcastTextID3, Probability3, BroadcastTextID4, Probability4, BroadcastTextID5, Probability5, BroadcastTextID6, Probability6, BroadcastTextID7, Probability7) VALUES (34658, 152708, 1, 0, 0, 0, 0, 0, 0, 0, 0, 0, 0, 0, 0, 0, 0);
REPLACE INTO npc_text (ID, BroadcastTextID0, Probability0, BroadcastTextID1, Probability1, BroadcastTextID2, Probability2, BroadcastTextID3, Probability3, BroadcastTextID4, Probability4, BroadcastTextID5, Probability5, BroadcastTextID6, Probability6, BroadcastTextID7, Probability7) VALUES (34744, 149960, 1, 0, 0, 0, 0, 0, 0, 0, 0, 0, 0, 0, 0, 0, 0);
REPLACE INTO npc_text (ID, BroadcastTextID0, Probability0, BroadcastTextID1, Probability1, BroadcastTextID2, Probability2, BroadcastTextID3, Probability3, BroadcastTextID4, Probability4, BroadcastTextID5, Probability5, BroadcastTextID6, Probability6, BroadcastTextID7, Probability7) VALUES (34745, 149969, 1, 0, 0, 0, 0, 0, 0, 0, 0, 0, 0, 0, 0, 0, 0);
REPLACE INTO npc_text (ID, BroadcastTextID0, Probability0, BroadcastTextID1, Probability1, BroadcastTextID2, Probability2, BroadcastTextID3, Probability3, BroadcastTextID4, Probability4, BroadcastTextID5, Probability5, BroadcastTextID6, Probability6, BroadcastTextID7, Probability7) VALUES (34746, 149965, 1, 0, 0, 0, 0, 0, 0, 0, 0, 0, 0, 0, 0, 0, 0);
REPLACE INTO npc_text (ID, BroadcastTextID0, Probability0, BroadcastTextID1, Probability1, BroadcastTextID2, Probability2, BroadcastTextID3, Probability3, BroadcastTextID4, Probability4, BroadcastTextID5, Probability5, BroadcastTextID6, Probability6, BroadcastTextID7, Probability7) VALUES (28005, 136216, 1, 0, 0, 0, 0, 0, 0, 0, 0, 0, 0, 0, 0, 0, 0);
REPLACE INTO npc_text (ID, BroadcastTextID0, Probability0, BroadcastTextID1, Probability1, BroadcastTextID2, Probability2, BroadcastTextID3, Probability3, BroadcastTextID4, Probability4, BroadcastTextID5, Probability5, BroadcastTextID6, Probability6, BroadcastTextID7, Probability7) VALUES (32649, 136187, 1, 0, 0, 0, 0, 0, 0, 0, 0, 0, 0, 0, 0, 0, 0);
REPLACE INTO npc_text (ID, BroadcastTextID0, Probability0, BroadcastTextID1, Probability1, BroadcastTextID2, Probability2, BroadcastTextID3, Probability3, BroadcastTextID4, Probability4, BroadcastTextID5, Probability5, BroadcastTextID6, Probability6, BroadcastTextID7, Probability7) VALUES (32655, 136215, 1, 0, 0, 0, 0, 0, 0, 0, 0, 0, 0, 0, 0, 0, 0);
REPLACE INTO npc_text (ID, BroadcastTextID0, Probability0, BroadcastTextID1, Probability1, BroadcastTextID2, Probability2, BroadcastTextID3, Probability3, BroadcastTextID4, Probability4, BroadcastTextID5, Probability5, BroadcastTextID6, Probability6, BroadcastTextID7, Probability7) VALUES (32657, 136243, 1, 0, 0, 0, 0, 0, 0, 0, 0, 0, 0, 0, 0, 0, 0);
REPLACE INTO npc_text (ID, BroadcastTextID0, Probability0, BroadcastTextID1, Probability1, BroadcastTextID2, Probability2, BroadcastTextID3, Probability3, BroadcastTextID4, Probability4, BroadcastTextID5, Probability5, BroadcastTextID6, Probability6, BroadcastTextID7, Probability7) VALUES (35316, 158173, 1, 158174, 1, 158175, 1, 0, 0, 0, 0, 0, 0, 0, 0, 0, 0);
REPLACE INTO npc_text (ID, BroadcastTextID0, Probability0, BroadcastTextID1, Probability1, BroadcastTextID2, Probability2, BroadcastTextID3, Probability3, BroadcastTextID4, Probability4, BroadcastTextID5, Probability5, BroadcastTextID6, Probability6, BroadcastTextID7, Probability7) VALUES (14127, 32779, 1, 0, 0, 0, 0, 0, 0, 0, 0, 0, 0, 0, 0, 0, 0);
REPLACE INTO npc_text (ID, BroadcastTextID0, Probability0, BroadcastTextID1, Probability1, BroadcastTextID2, Probability2, BroadcastTextID3, Probability3, BroadcastTextID4, Probability4, BroadcastTextID5, Probability5, BroadcastTextID6, Probability6, BroadcastTextID7, Probability7) VALUES (35326, 158249, 1, 0, 0, 0, 0, 0, 0, 0, 0, 0, 0, 0, 0, 0, 0);
REPLACE INTO npc_text (ID, BroadcastTextID0, Probability0, BroadcastTextID1, Probability1, BroadcastTextID2, Probability2, BroadcastTextID3, Probability3, BroadcastTextID4, Probability4, BroadcastTextID5, Probability5, BroadcastTextID6, Probability6, BroadcastTextID7, Probability7) VALUES (35659, 160058, 1, 0, 0, 0, 0, 0, 0, 0, 0, 0, 0, 0, 0, 0, 0);
REPLACE INTO npc_text (ID, BroadcastTextID0, Probability0, BroadcastTextID1, Probability1, BroadcastTextID2, Probability2, BroadcastTextID3, Probability3, BroadcastTextID4, Probability4, BroadcastTextID5, Probability5, BroadcastTextID6, Probability6, BroadcastTextID7, Probability7) VALUES (31981, 131220, 1, 0, 0, 0, 0, 0, 0, 0, 0, 0, 0, 0, 0, 0, 0);
REPLACE INTO npc_text (ID, BroadcastTextID0, Probability0, BroadcastTextID1, Probability1, BroadcastTextID2, Probability2, BroadcastTextID3, Probability3, BroadcastTextID4, Probability4, BroadcastTextID5, Probability5, BroadcastTextID6, Probability6, BroadcastTextID7, Probability7) VALUES (32153, 132398, 1, 0, 0, 0, 0, 0, 0, 0, 0, 0, 0, 0, 0, 0, 0);
REPLACE INTO npc_text (ID, BroadcastTextID0, Probability0, BroadcastTextID1, Probability1, BroadcastTextID2, Probability2, BroadcastTextID3, Probability3, BroadcastTextID4, Probability4, BroadcastTextID5, Probability5, BroadcastTextID6, Probability6, BroadcastTextID7, Probability7) VALUES (31982, 131222, 1, 0, 0, 0, 0, 0, 0, 0, 0, 0, 0, 0, 0, 0, 0);
REPLACE INTO npc_text (ID, BroadcastTextID0, Probability0, BroadcastTextID1, Probability1, BroadcastTextID2, Probability2, BroadcastTextID3, Probability3, BroadcastTextID4, Probability4, BroadcastTextID5, Probability5, BroadcastTextID6, Probability6, BroadcastTextID7, Probability7) VALUES (28102, 103914, 1, 0, 0, 0, 0, 0, 0, 0, 0, 0, 0, 0, 0, 0, 0);
REPLACE INTO npc_text (ID, BroadcastTextID0, Probability0, BroadcastTextID1, Probability1, BroadcastTextID2, Probability2, BroadcastTextID3, Probability3, BroadcastTextID4, Probability4, BroadcastTextID5, Probability5, BroadcastTextID6, Probability6, BroadcastTextID7, Probability7) VALUES (32008, 131418, 1, 0, 0, 0, 0, 0, 0, 0, 0, 0, 0, 0, 0, 0, 0);
REPLACE INTO npc_text (ID, BroadcastTextID0, Probability0, BroadcastTextID1, Probability1, BroadcastTextID2, Probability2, BroadcastTextID3, Probability3, BroadcastTextID4, Probability4, BroadcastTextID5, Probability5, BroadcastTextID6, Probability6, BroadcastTextID7, Probability7) VALUES (33434, 141610, 1, 0, 0, 0, 0, 0, 0, 0, 0, 0, 0, 0, 0, 0, 0);
REPLACE INTO npc_text (ID, BroadcastTextID0, Probability0, BroadcastTextID1, Probability1, BroadcastTextID2, Probability2, BroadcastTextID3, Probability3, BroadcastTextID4, Probability4, BroadcastTextID5, Probability5, BroadcastTextID6, Probability6, BroadcastTextID7, Probability7) VALUES (33437, 156346, 1, 0, 0, 0, 0, 0, 0, 0, 0, 0, 0, 0, 0, 0, 0);

DELETE FROM creature_text WHERE CreatureID = 138948;
INSERT INTO creature_text (CreatureID, GroupID, ID, Text, Type, Language, Probability, Emote, Duration, Sound, BroadcastTextId, comment) VALUES (138948, 0, 0, 'Urgh...', 12, 0, 100, 0, 0, 0, 155120, 'Akakakoo');

INSERT IGNORE INTO creature_template (entry, KillCredit1, KillCredit2, name, femaleName, subname, IconName, rank, family, type, type_flags, type_flags2, HealthModifier, ManaModifier, RacialLeader, movementId, HealthScalingExpansion, RequiredExpansion, VignetteID, unit_class) VALUES (140631, 0, 0, 'South Sea Ray', '', '', '', 0, 0, 1, 0, 0, 1, 1, 0, 0, 7, 0, 0, 1);
INSERT IGNORE INTO creature_template_model (CreatureID, Idx, CreatureDisplayID, DisplayScale, Probability) VALUES (140631, 0, 72013, 1, 1);
INSERT IGNORE INTO creature_template_model (CreatureID, Idx, CreatureDisplayID, DisplayScale, Probability) VALUES (140631, 1, 72014, 1, 1);
INSERT IGNORE INTO creature_template_model (CreatureID, Idx, CreatureDisplayID, DisplayScale, Probability) VALUES (140631, 2, 72015, 1, 1);
INSERT IGNORE INTO creature_template_model (CreatureID, Idx, CreatureDisplayID, DisplayScale, Probability) VALUES (140631, 3, 72016, 1, 1);
INSERT IGNORE INTO creature_template (entry, KillCredit1, KillCredit2, name, femaleName, subname, IconName, rank, family, type, type_flags, type_flags2, HealthModifier, ManaModifier, RacialLeader, movementId, HealthScalingExpansion, RequiredExpansion, VignetteID, unit_class) VALUES (140078, 0, 0, 'Knucklebump Gorilla', '', '', '', 0, 9, 1, 0, 0, 1.1, 1, 0, 0, 7, 0, 0, 1);
INSERT IGNORE INTO creature_template_model (CreatureID, Idx, CreatureDisplayID, DisplayScale, Probability) VALUES (140078, 0, 837, 1, 1);
INSERT IGNORE INTO creature_template (entry, KillCredit1, KillCredit2, name, femaleName, subname, IconName, rank, family, type, type_flags, type_flags2, HealthModifier, ManaModifier, RacialLeader, movementId, HealthScalingExpansion, RequiredExpansion, VignetteID, unit_class) VALUES (143762, 0, 0, 'Vend-O-Matic Mk. V', '', '', '', 0, 0, 7, 1611661328, 6, 8, 1, 0, 0, 7, 0, 0, 1);
INSERT IGNORE INTO creature_template_model (CreatureID, Idx, CreatureDisplayID, DisplayScale, Probability) VALUES (143762, 0, 54297, 2, 1);
INSERT IGNORE INTO creature_template (entry, KillCredit1, KillCredit2, name, femaleName, subname, IconName, rank, family, type, type_flags, type_flags2, HealthModifier, ManaModifier, RacialLeader, movementId, HealthScalingExpansion, RequiredExpansion, VignetteID, unit_class) VALUES (136594, 0, 0, 'Captain Rez\'okun', '', '', '', 0, 0, 7, 268435456, 0, 100, 1, 0, 0, 7, 0, 3011, 1);
INSERT IGNORE INTO creature_template_model (CreatureID, Idx, CreatureDisplayID, DisplayScale, Probability) VALUES (136594, 0, 81389, 1, 1);
INSERT IGNORE INTO creature_template (entry, KillCredit1, KillCredit2, name, femaleName, subname, IconName, rank, family, type, type_flags, type_flags2, HealthModifier, ManaModifier, RacialLeader, movementId, HealthScalingExpansion, RequiredExpansion, VignetteID, unit_class) VALUES (141874, 0, 0, 'Sailor', '', '', '', 0, 0, 7, 0, 0, 1, 1, 0, 0, 7, 0, 0, 1);
INSERT IGNORE INTO creature_template_model (CreatureID, Idx, CreatureDisplayID, DisplayScale, Probability) VALUES (141874, 0, 87499, 1, 1);
INSERT IGNORE INTO creature_template (entry, KillCredit1, KillCredit2, name, femaleName, subname, IconName, rank, family, type, type_flags, type_flags2, HealthModifier, ManaModifier, RacialLeader, movementId, HealthScalingExpansion, RequiredExpansion, VignetteID, unit_class) VALUES (141875, 0, 0, 'Sailor', '', '', '', 0, 0, 7, 0, 0, 1, 1, 0, 0, 7, 0, 0, 1);
INSERT IGNORE INTO creature_template_model (CreatureID, Idx, CreatureDisplayID, DisplayScale, Probability) VALUES (141875, 0, 87500, 1, 1);
INSERT IGNORE INTO creature_template (entry, KillCredit1, KillCredit2, name, femaleName, subname, IconName, rank, family, type, type_flags, type_flags2, HealthModifier, ManaModifier, RacialLeader, movementId, HealthScalingExpansion, RequiredExpansion, VignetteID, unit_class) VALUES (141881, 0, 0, 'Sailor', '', '', '', 0, 0, 7, 0, 0, 1, 1, 0, 0, 7, 0, 0, 1);
INSERT IGNORE INTO creature_template_model (CreatureID, Idx, CreatureDisplayID, DisplayScale, Probability) VALUES (141881, 0, 87502, 1, 1);
INSERT IGNORE INTO creature_template (entry, KillCredit1, KillCredit2, name, femaleName, subname, IconName, rank, family, type, type_flags, type_flags2, HealthModifier, ManaModifier, RacialLeader, movementId, HealthScalingExpansion, RequiredExpansion, VignetteID, unit_class) VALUES (141880, 0, 0, 'Sailor', '', '', '', 0, 0, 7, 0, 0, 1, 1, 0, 0, 7, 0, 0, 1);
INSERT IGNORE INTO creature_template_model (CreatureID, Idx, CreatureDisplayID, DisplayScale, Probability) VALUES (141880, 0, 87501, 1, 1);
INSERT IGNORE INTO creature_template (entry, KillCredit1, KillCredit2, name, femaleName, subname, IconName, rank, family, type, type_flags, type_flags2, HealthModifier, ManaModifier, RacialLeader, movementId, HealthScalingExpansion, RequiredExpansion, VignetteID, unit_class) VALUES (141899, 0, 0, 'Sailor', '', '', '', 0, 0, 7, 0, 0, 1, 1, 0, 0, 7, 0, 0, 1);
INSERT IGNORE INTO creature_template_model (CreatureID, Idx, CreatureDisplayID, DisplayScale, Probability) VALUES (141899, 0, 87509, 1, 1);
INSERT IGNORE INTO creature_template (entry, KillCredit1, KillCredit2, name, femaleName, subname, IconName, rank, family, type, type_flags, type_flags2, HealthModifier, ManaModifier, RacialLeader, movementId, HealthScalingExpansion, RequiredExpansion, VignetteID, unit_class) VALUES (137946, 0, 0, 'Sand Mouse', '', '', '', 0, 0, 8, 0, 0, 1, 1, 0, 0, 7, 0, 0, 1);
INSERT IGNORE INTO creature_template_model (CreatureID, Idx, CreatureDisplayID, DisplayScale, Probability) VALUES (137946, 0, 1418, 0.8, 1);
INSERT IGNORE INTO creature_template_model (CreatureID, Idx, CreatureDisplayID, DisplayScale, Probability) VALUES (137946, 1, 2176, 0.8, 1);
INSERT IGNORE INTO creature_template (entry, KillCredit1, KillCredit2, name, femaleName, subname, IconName, rank, family, type, type_flags, type_flags2, HealthModifier, ManaModifier, RacialLeader, movementId, HealthScalingExpansion, RequiredExpansion, VignetteID, unit_class) VALUES (134786, 0, 0, 'Spineclaw Sandsnapper', '', '', '', 0, 8, 1, 0, 0, 0.4, 1, 0, 0, 7, 0, 0, 1);
INSERT IGNORE INTO creature_template_model (CreatureID, Idx, CreatureDisplayID, DisplayScale, Probability) VALUES (134786, 0, 83872, 1, 1);
INSERT IGNORE INTO creature_template (entry, KillCredit1, KillCredit2, name, femaleName, subname, IconName, rank, family, type, type_flags, type_flags2, HealthModifier, ManaModifier, RacialLeader, movementId, HealthScalingExpansion, RequiredExpansion, VignetteID, unit_class) VALUES (140630, 0, 0, 'Ornate Puffer', '', '', '', 0, 0, 1, 0, 0, 0.5, 1, 0, 0, 7, 0, 0, 1);
INSERT IGNORE INTO creature_template_model (CreatureID, Idx, CreatureDisplayID, DisplayScale, Probability) VALUES (140630, 0, 33718, 1, 1);
INSERT IGNORE INTO creature_template (entry, KillCredit1, KillCredit2, name, femaleName, subname, IconName, rank, family, type, type_flags, type_flags2, HealthModifier, ManaModifier, RacialLeader, movementId, HealthScalingExpansion, RequiredExpansion, VignetteID, unit_class) VALUES (140609, 0, 0, 'Ravenous Mako', '', '', '', 0, 0, 1, 0, 0, 1, 1, 0, 0, 7, 0, 0, 1);
INSERT IGNORE INTO creature_template_model (CreatureID, Idx, CreatureDisplayID, DisplayScale, Probability) VALUES (140609, 0, 32187, 1, 1);
INSERT IGNORE INTO creature_template (entry, KillCredit1, KillCredit2, name, femaleName, subname, IconName, rank, family, type, type_flags, type_flags2, HealthModifier, ManaModifier, RacialLeader, movementId, HealthScalingExpansion, RequiredExpansion, VignetteID, unit_class) VALUES (136599, 0, 0, 'Mire Whelk', '', '', '', 0, 0, 8, 0, 0, 1, 1, 0, 64, 7, 0, 0, 1);
INSERT IGNORE INTO creature_template_model (CreatureID, Idx, CreatureDisplayID, DisplayScale, Probability) VALUES (136599, 0, 42407, 1, 1);
INSERT IGNORE INTO creature_template (entry, KillCredit1, KillCredit2, name, femaleName, subname, IconName, rank, family, type, type_flags, type_flags2, HealthModifier, ManaModifier, RacialLeader, movementId, HealthScalingExpansion, RequiredExpansion, VignetteID, unit_class) VALUES (140619, 0, 0, 'Coastal Fathomjaw', '', '', '', 0, 0, 1, 0, 0, 1, 1, 0, 0, 7, 0, 0, 1);
INSERT IGNORE INTO creature_template_model (CreatureID, Idx, CreatureDisplayID, DisplayScale, Probability) VALUES (140619, 0, 2425, 1, 1);
INSERT IGNORE INTO creature_template_model (CreatureID, Idx, CreatureDisplayID, DisplayScale, Probability) VALUES (140619, 1, 81479, 1, 1);
INSERT IGNORE INTO creature_template (entry, KillCredit1, KillCredit2, name, femaleName, subname, IconName, rank, family, type, type_flags, type_flags2, HealthModifier, ManaModifier, RacialLeader, movementId, HealthScalingExpansion, RequiredExpansion, VignetteID, unit_class) VALUES (79556, 0, 0, 'Islands', '', '', '', 0, 0, 10, 0, 0, 1, 1, 0, 0, 7, 0, 0, 1);
INSERT IGNORE INTO creature_template_model (CreatureID, Idx, CreatureDisplayID, DisplayScale, Probability) VALUES (79556, 0, 169, 1, 0);
INSERT IGNORE INTO creature_template_model (CreatureID, Idx, CreatureDisplayID, DisplayScale, Probability) VALUES (79556, 1, 11686, 1, 1);
INSERT IGNORE INTO creature_template (entry, KillCredit1, KillCredit2, name, femaleName, subname, IconName, rank, family, type, type_flags, type_flags2, HealthModifier, ManaModifier, RacialLeader, movementId, HealthScalingExpansion, RequiredExpansion, VignetteID, unit_class) VALUES (140632, 0, 0, 'Scaleback Snapper', '', '', '', 0, 21, 1, 0, 0, 1, 1, 0, 0, 7, 0, 0, 1);
INSERT IGNORE INTO creature_template_model (CreatureID, Idx, CreatureDisplayID, DisplayScale, Probability) VALUES (140632, 0, 32455, 1, 1);
INSERT IGNORE INTO creature_template_model (CreatureID, Idx, CreatureDisplayID, DisplayScale, Probability) VALUES (140632, 1, 32453, 1, 1);
INSERT IGNORE INTO creature_template_model (CreatureID, Idx, CreatureDisplayID, DisplayScale, Probability) VALUES (140632, 2, 32454, 1, 1);
INSERT IGNORE INTO creature_template (entry, KillCredit1, KillCredit2, name, femaleName, subname, IconName, rank, family, type, type_flags, type_flags2, HealthModifier, ManaModifier, RacialLeader, movementId, HealthScalingExpansion, RequiredExpansion, VignetteID, unit_class) VALUES (132923, 0, 0, 'Coldlight Murloc', '', '', '', 0, 0, 7, 0, 0, 0.9, 1, 0, 0, 7, 0, 0, 1);
INSERT IGNORE INTO creature_template_model (CreatureID, Idx, CreatureDisplayID, DisplayScale, Probability) VALUES (132923, 0, 31539, 1, 1);
INSERT IGNORE INTO creature_template (entry, KillCredit1, KillCredit2, name, femaleName, subname, IconName, rank, family, type, type_flags, type_flags2, HealthModifier, ManaModifier, RacialLeader, movementId, HealthScalingExpansion, RequiredExpansion, VignetteID, unit_class) VALUES (139681, 0, 0, 'Bleakfin', '', '', '', 0, 0, 7, 0, 0, 5, 1, 0, 0, 7, 0, 2952, 2);
INSERT IGNORE INTO creature_template_model (CreatureID, Idx, CreatureDisplayID, DisplayScale, Probability) VALUES (139681, 0, 86469, 1.3, 1);
INSERT IGNORE INTO creature_template (entry, KillCredit1, KillCredit2, name, femaleName, subname, IconName, rank, family, type, type_flags, type_flags2, HealthModifier, ManaModifier, RacialLeader, movementId, HealthScalingExpansion, RequiredExpansion, VignetteID, unit_class) VALUES (139655, 0, 0, 'Coldlight Seer', '', '', '', 0, 0, 7, 0, 0, 0.8, 1, 0, 0, 7, 0, 0, 1);
INSERT IGNORE INTO creature_template_model (CreatureID, Idx, CreatureDisplayID, DisplayScale, Probability) VALUES (139655, 0, 32313, 1, 1);
INSERT IGNORE INTO creature_template (entry, KillCredit1, KillCredit2, name, femaleName, subname, IconName, rank, family, type, type_flags, type_flags2, HealthModifier, ManaModifier, RacialLeader, movementId, HealthScalingExpansion, RequiredExpansion, VignetteID, unit_class) VALUES (134788, 0, 0, 'Spineclaw Rockshell', '', '', '', 0, 8, 1, 0, 0, 1.6, 1, 0, 0, 7, 0, 0, 1);
INSERT IGNORE INTO creature_template_model (CreatureID, Idx, CreatureDisplayID, DisplayScale, Probability) VALUES (134788, 0, 83874, 1, 1);
INSERT IGNORE INTO creature_template (entry, KillCredit1, KillCredit2, name, femaleName, subname, IconName, rank, family, type, type_flags, type_flags2, HealthModifier, ManaModifier, RacialLeader, movementId, HealthScalingExpansion, RequiredExpansion, VignetteID, unit_class) VALUES (134789, 0, 0, 'Monstrous Spineclaw', '', '', '', 0, 8, 1, 0, 0, 4.9, 1, 0, 0, 7, 0, 0, 1);
INSERT IGNORE INTO creature_template_model (CreatureID, Idx, CreatureDisplayID, DisplayScale, Probability) VALUES (134789, 0, 83873, 1, 1);
INSERT IGNORE INTO creature_template (entry, KillCredit1, KillCredit2, name, femaleName, subname, IconName, rank, family, type, type_flags, type_flags2, HealthModifier, ManaModifier, RacialLeader, movementId, HealthScalingExpansion, RequiredExpansion, VignetteID, unit_class) VALUES (137950, 0, 0, 'Beach Scuttler', '', '', '', 0, 0, 8, 0, 0, 1, 1, 0, 0, 7, 0, 0, 1);
INSERT IGNORE INTO creature_template_model (CreatureID, Idx, CreatureDisplayID, DisplayScale, Probability) VALUES (137950, 0, 32790, 1, 1);
INSERT IGNORE INTO creature_template (entry, KillCredit1, KillCredit2, name, femaleName, subname, IconName, rank, family, type, type_flags, type_flags2, HealthModifier, ManaModifier, RacialLeader, movementId, HealthScalingExpansion, RequiredExpansion, VignetteID, unit_class) VALUES (137958, 0, 0, 'Crimsonwood Kit', '', '', '', 0, 0, 8, 0, 0, 1, 1, 0, 64, 7, 0, 0, 1);
INSERT IGNORE INTO creature_template_model (CreatureID, Idx, CreatureDisplayID, DisplayScale, Probability) VALUES (137958, 0, 65390, 1, 1);
INSERT IGNORE INTO creature_template (entry, KillCredit1, KillCredit2, name, femaleName, subname, IconName, rank, family, type, type_flags, type_flags2, HealthModifier, ManaModifier, RacialLeader, movementId, HealthScalingExpansion, RequiredExpansion, VignetteID, unit_class) VALUES (140077, 0, 0, 'Knucklebump Stomper', '', '', '', 0, 9, 1, 0, 0, 2.3, 1, 0, 0, 7, 0, 0, 1);
INSERT IGNORE INTO creature_template_model (CreatureID, Idx, CreatureDisplayID, DisplayScale, Probability) VALUES (140077, 0, 838, 1.2, 1);
INSERT IGNORE INTO creature_template (entry, KillCredit1, KillCredit2, name, femaleName, subname, IconName, rank, family, type, type_flags, type_flags2, HealthModifier, ManaModifier, RacialLeader, movementId, HealthScalingExpansion, RequiredExpansion, VignetteID, unit_class) VALUES (135182, 0, 0, 'Azerite Energy', '', '', '', 0, 0, 10, 0, 0, 1, 1, 0, 0, 7, 0, 0, 1);
INSERT IGNORE INTO creature_template_model (CreatureID, Idx, CreatureDisplayID, DisplayScale, Probability) VALUES (135182, 0, 11686, 1, 1);
INSERT IGNORE INTO creature_template (entry, KillCredit1, KillCredit2, name, femaleName, subname, IconName, rank, family, type, type_flags, type_flags2, HealthModifier, ManaModifier, RacialLeader, movementId, HealthScalingExpansion, RequiredExpansion, VignetteID, unit_class) VALUES (140076, 0, 0, 'Knucklebump Silverback', '', '', '', 0, 9, 1, 0, 0, 5.81, 1, 0, 0, 7, 0, 0, 1);
INSERT IGNORE INTO creature_template_model (CreatureID, Idx, CreatureDisplayID, DisplayScale, Probability) VALUES (140076, 0, 837, 1.5, 1);
INSERT IGNORE INTO creature_template (entry, KillCredit1, KillCredit2, name, femaleName, subname, IconName, rank, family, type, type_flags, type_flags2, HealthModifier, ManaModifier, RacialLeader, movementId, HealthScalingExpansion, RequiredExpansion, VignetteID, unit_class) VALUES (140847, 0, 0, 'Earth Spirit', '', '', '', 0, 0, 4, 0, 0, 1, 1, 0, 0, 7, 0, 0, 2);
INSERT IGNORE INTO creature_template_model (CreatureID, Idx, CreatureDisplayID, DisplayScale, Probability) VALUES (140847, 0, 86984, 0.35, 1);
INSERT IGNORE INTO creature_template (entry, KillCredit1, KillCredit2, name, femaleName, subname, IconName, rank, family, type, type_flags, type_flags2, HealthModifier, ManaModifier, RacialLeader, movementId, HealthScalingExpansion, RequiredExpansion, VignetteID, unit_class) VALUES (140849, 0, 0, 'Pernicious Stonekin', '', '', '', 0, 0, 4, 0, 0, 2.25, 1, 0, 0, 7, 0, 0, 2);
INSERT IGNORE INTO creature_template_model (CreatureID, Idx, CreatureDisplayID, DisplayScale, Probability) VALUES (140849, 0, 46808, 0.45, 1);
INSERT IGNORE INTO creature_template (entry, KillCredit1, KillCredit2, name, femaleName, subname, IconName, rank, family, type, type_flags, type_flags2, HealthModifier, ManaModifier, RacialLeader, movementId, HealthScalingExpansion, RequiredExpansion, VignetteID, unit_class) VALUES (140850, 0, 0, 'Frolicsome Soilkin', '', '', '', 0, 0, 4, 0, 0, 0.4, 1, 0, 0, 7, 0, 0, 2);
INSERT IGNORE INTO creature_template_model (CreatureID, Idx, CreatureDisplayID, DisplayScale, Probability) VALUES (140850, 0, 86984, 0.25, 1);
INSERT IGNORE INTO creature_template (entry, KillCredit1, KillCredit2, name, femaleName, subname, IconName, rank, family, type, type_flags, type_flags2, HealthModifier, ManaModifier, RacialLeader, movementId, HealthScalingExpansion, RequiredExpansion, VignetteID, unit_class) VALUES (132864, 0, 0, 'Juvenile Knucklebump', '', '', '', 0, 9, 1, 0, 0, 0.6, 1, 0, 0, 7, 0, 0, 1);
INSERT IGNORE INTO creature_template_model (CreatureID, Idx, CreatureDisplayID, DisplayScale, Probability) VALUES (132864, 0, 838, 0.5, 1);
INSERT IGNORE INTO creature_template (entry, KillCredit1, KillCredit2, name, femaleName, subname, IconName, rank, family, type, type_flags, type_flags2, HealthModifier, ManaModifier, RacialLeader, movementId, HealthScalingExpansion, RequiredExpansion, VignetteID, unit_class) VALUES (135964, 0, 0, 'Rumbling Earth', '', '', '', 0, 0, 4, 0, 0, 0.6, 1, 0, 0, 7, 0, 0, 1);
INSERT IGNORE INTO creature_template_model (CreatureID, Idx, CreatureDisplayID, DisplayScale, Probability) VALUES (135964, 0, 84523, 1, 1);
INSERT IGNORE INTO creature_template (entry, KillCredit1, KillCredit2, name, femaleName, subname, IconName, rank, family, type, type_flags, type_flags2, HealthModifier, ManaModifier, RacialLeader, movementId, HealthScalingExpansion, RequiredExpansion, VignetteID, unit_class) VALUES (135961, 0, 0, 'Deepstone Crusher', '', '', '', 0, 0, 4, 0, 0, 5.6, 1, 0, 0, 7, 0, 0, 1);
INSERT IGNORE INTO creature_template_model (CreatureID, Idx, CreatureDisplayID, DisplayScale, Probability) VALUES (135961, 0, 39551, 1, 1);
INSERT IGNORE INTO creature_template (entry, KillCredit1, KillCredit2, name, femaleName, subname, IconName, rank, family, type, type_flags, type_flags2, HealthModifier, ManaModifier, RacialLeader, movementId, HealthScalingExpansion, RequiredExpansion, VignetteID, unit_class) VALUES (135963, 0, 0, 'Earth Elemental', '', '', '', 0, 0, 4, 0, 0, 1.2, 1, 0, 0, 7, 0, 0, 1);
INSERT IGNORE INTO creature_template_model (CreatureID, Idx, CreatureDisplayID, DisplayScale, Probability) VALUES (135963, 0, 39830, 1, 1);
INSERT IGNORE INTO creature_template (entry, KillCredit1, KillCredit2, name, femaleName, subname, IconName, rank, family, type, type_flags, type_flags2, HealthModifier, ManaModifier, RacialLeader, movementId, HealthScalingExpansion, RequiredExpansion, VignetteID, unit_class) VALUES (137951, 0, 0, 'Skittish Squirrel', '', '', '', 0, 0, 8, 0, 0, 1, 1, 0, 0, 7, 0, 0, 1);
INSERT IGNORE INTO creature_template_model (CreatureID, Idx, CreatureDisplayID, DisplayScale, Probability) VALUES (137951, 0, 64016, 1, 1);
INSERT IGNORE INTO creature_template (entry, KillCredit1, KillCredit2, name, femaleName, subname, IconName, rank, family, type, type_flags, type_flags2, HealthModifier, ManaModifier, RacialLeader, movementId, HealthScalingExpansion, RequiredExpansion, VignetteID, unit_class) VALUES (137947, 0, 0, 'Scavenging Rat', '', '', '', 0, 0, 8, 0, 0, 1, 1, 0, 0, 7, 0, 0, 1);
INSERT IGNORE INTO creature_template_model (CreatureID, Idx, CreatureDisplayID, DisplayScale, Probability) VALUES (137947, 0, 1418, 1, 1);
INSERT IGNORE INTO creature_template_model (CreatureID, Idx, CreatureDisplayID, DisplayScale, Probability) VALUES (137947, 1, 1141, 1, 1);
INSERT IGNORE INTO creature_template_model (CreatureID, Idx, CreatureDisplayID, DisplayScale, Probability) VALUES (137947, 2, 2176, 1, 1);
INSERT IGNORE INTO creature_template (entry, KillCredit1, KillCredit2, name, femaleName, subname, IconName, rank, family, type, type_flags, type_flags2, HealthModifier, ManaModifier, RacialLeader, movementId, HealthScalingExpansion, RequiredExpansion, VignetteID, unit_class) VALUES (132912, 0, 0, 'Scouted Azerite', '', '', '', 0, 0, 10, 1048576, 0, 1, 1, 0, 0, 7, 0, 3032, 1);
INSERT IGNORE INTO creature_template_model (CreatureID, Idx, CreatureDisplayID, DisplayScale, Probability) VALUES (132912, 0, 11686, 1, 1);
INSERT IGNORE INTO creature_template (entry, KillCredit1, KillCredit2, name, femaleName, subname, IconName, rank, family, type, type_flags, type_flags2, HealthModifier, ManaModifier, RacialLeader, movementId, HealthScalingExpansion, RequiredExpansion, VignetteID, unit_class) VALUES (135962, 0, 0, 'Crag Rager', '', '', '', 0, 0, 4, 0, 0, 2.4, 1, 0, 0, 7, 0, 0, 1);
INSERT IGNORE INTO creature_template_model (CreatureID, Idx, CreatureDisplayID, DisplayScale, Probability) VALUES (135962, 0, 35489, 1, 1);
INSERT IGNORE INTO creature_template (entry, KillCredit1, KillCredit2, name, femaleName, subname, IconName, rank, family, type, type_flags, type_flags2, HealthModifier, ManaModifier, RacialLeader, movementId, HealthScalingExpansion, RequiredExpansion, VignetteID, unit_class) VALUES (137955, 0, 0, 'Woodlands Recluse', '', '', '', 0, 0, 8, 0, 0, 1, 1, 0, 0, 7, 0, 0, 1);
INSERT IGNORE INTO creature_template_model (CreatureID, Idx, CreatureDisplayID, DisplayScale, Probability) VALUES (137955, 0, 80910, 1, 1);
INSERT IGNORE INTO creature_template (entry, KillCredit1, KillCredit2, name, femaleName, subname, IconName, rank, family, type, type_flags, type_flags2, HealthModifier, ManaModifier, RacialLeader, movementId, HealthScalingExpansion, RequiredExpansion, VignetteID, unit_class) VALUES (136536, 0, 0, 'Longpaws', '', '', '', 0, 0, 7, 4096, 0, 1, 1, 0, 0, 7, 0, 3248, 1);
INSERT IGNORE INTO creature_template_model (CreatureID, Idx, CreatureDisplayID, DisplayScale, Probability) VALUES (136536, 0, 88475, 0.4, 1);
INSERT IGNORE INTO creature_template (entry, KillCredit1, KillCredit2, name, femaleName, subname, IconName, rank, family, type, type_flags, type_flags2, HealthModifier, ManaModifier, RacialLeader, movementId, HealthScalingExpansion, RequiredExpansion, VignetteID, unit_class) VALUES (143826, 0, 0, 'Sand Pile', '', '', '', 0, 0, 10, 0, 0, 1, 1, 0, 0, 7, 0, 0, 1);
INSERT IGNORE INTO creature_template_model (CreatureID, Idx, CreatureDisplayID, DisplayScale, Probability) VALUES (143826, 0, 169, 1, 0);
INSERT IGNORE INTO creature_template_model (CreatureID, Idx, CreatureDisplayID, DisplayScale, Probability) VALUES (143826, 1, 11686, 1, 1);
INSERT IGNORE INTO creature_template (entry, KillCredit1, KillCredit2, name, femaleName, subname, IconName, rank, family, type, type_flags, type_flags2, HealthModifier, ManaModifier, RacialLeader, movementId, HealthScalingExpansion, RequiredExpansion, VignetteID, unit_class) VALUES (140094, 0, 0, 'Mudsnout Thornback', '', '', '', 0, 5, 1, 0, 0, 5.6, 1, 0, 0, 7, 0, 0, 1);
INSERT IGNORE INTO creature_template_model (CreatureID, Idx, CreatureDisplayID, DisplayScale, Probability) VALUES (140094, 0, 52694, 0.4, 1);
INSERT IGNORE INTO creature_template (entry, KillCredit1, KillCredit2, name, femaleName, subname, IconName, rank, family, type, type_flags, type_flags2, HealthModifier, ManaModifier, RacialLeader, movementId, HealthScalingExpansion, RequiredExpansion, VignetteID, unit_class) VALUES (137579, 0, 0, 'Unbound Azerite', '', '', '', 0, 0, 4, 32, 0, 15, 1, 0, 0, 7, 0, 2952, 1);
INSERT IGNORE INTO creature_template_model (CreatureID, Idx, CreatureDisplayID, DisplayScale, Probability) VALUES (137579, 0, 82155, 2, 1);
INSERT IGNORE INTO creature_template (entry, KillCredit1, KillCredit2, name, femaleName, subname, IconName, rank, family, type, type_flags, type_flags2, HealthModifier, ManaModifier, RacialLeader, movementId, HealthScalingExpansion, RequiredExpansion, VignetteID, unit_class) VALUES (144018, 0, 0, 'Transport', '', '', '', 0, 0, 10, 0, 0, 1, 1, 0, 0, 0, 0, 0, 1);
INSERT IGNORE INTO creature_template_model (CreatureID, Idx, CreatureDisplayID, DisplayScale, Probability) VALUES (144018, 0, 169, 1, 0);
INSERT IGNORE INTO creature_template_model (CreatureID, Idx, CreatureDisplayID, DisplayScale, Probability) VALUES (144018, 1, 11686, 1, 1);
INSERT IGNORE INTO creature_template (entry, KillCredit1, KillCredit2, name, femaleName, subname, IconName, rank, family, type, type_flags, type_flags2, HealthModifier, ManaModifier, RacialLeader, movementId, HealthScalingExpansion, RequiredExpansion, VignetteID, unit_class) VALUES (131311, 0, 0, 'Unleashed Azerite', '', '', '', 0, 0, 4, 0, 0, 1.3, 1, 0, 0, 7, 0, 0, 1);
INSERT IGNORE INTO creature_template_model (CreatureID, Idx, CreatureDisplayID, DisplayScale, Probability) VALUES (131311, 0, 83052, 2, 1);
INSERT IGNORE INTO creature_template (entry, KillCredit1, KillCredit2, name, femaleName, subname, IconName, rank, family, type, type_flags, type_flags2, HealthModifier, ManaModifier, RacialLeader, movementId, HealthScalingExpansion, RequiredExpansion, VignetteID, unit_class) VALUES (132868, 0, 0, 'Congealed Azerite', '', '', '', 0, 24, 1, 0, 0, 1, 1, 0, 0, 7, 0, 0, 1);
INSERT IGNORE INTO creature_template_model (CreatureID, Idx, CreatureDisplayID, DisplayScale, Probability) VALUES (132868, 0, 84157, 1, 1);
INSERT IGNORE INTO creature_template (entry, KillCredit1, KillCredit2, name, femaleName, subname, IconName, rank, family, type, type_flags, type_flags2, HealthModifier, ManaModifier, RacialLeader, movementId, HealthScalingExpansion, RequiredExpansion, VignetteID, unit_class) VALUES (140095, 0, 0, 'Mudsnout Gorer', '', '', '', 0, 5, 1, 0, 0, 2.2, 1, 0, 0, 7, 0, 0, 1);
INSERT IGNORE INTO creature_template_model (CreatureID, Idx, CreatureDisplayID, DisplayScale, Probability) VALUES (140095, 0, 52696, 0.25, 1);
INSERT IGNORE INTO creature_template (entry, KillCredit1, KillCredit2, name, femaleName, subname, IconName, rank, family, type, type_flags, type_flags2, HealthModifier, ManaModifier, RacialLeader, movementId, HealthScalingExpansion, RequiredExpansion, VignetteID, unit_class) VALUES (137590, 0, 0, 'Unbound Azerite', '', '', '', 0, 0, 10, 17826816, 16, 1, 1, 0, 0, 0, 0, 0, 1);
INSERT IGNORE INTO creature_template_model (CreatureID, Idx, CreatureDisplayID, DisplayScale, Probability) VALUES (137590, 0, 169, 1, 0);
INSERT IGNORE INTO creature_template_model (CreatureID, Idx, CreatureDisplayID, DisplayScale, Probability) VALUES (137590, 1, 11686, 1, 1);
INSERT IGNORE INTO creature_template (entry, KillCredit1, KillCredit2, name, femaleName, subname, IconName, rank, family, type, type_flags, type_flags2, HealthModifier, ManaModifier, RacialLeader, movementId, HealthScalingExpansion, RequiredExpansion, VignetteID, unit_class) VALUES (126422, 0, 0, 'Coralback Scuttler', '', '', '', 0, 8, 1, 0, 0, 0.4, 1, 0, 0, 7, 0, 0, 1);
INSERT IGNORE INTO creature_template_model (CreatureID, Idx, CreatureDisplayID, DisplayScale, Probability) VALUES (126422, 0, 76625, 1, 1);
INSERT IGNORE INTO creature_template (entry, KillCredit1, KillCredit2, name, femaleName, subname, IconName, rank, family, type, type_flags, type_flags2, HealthModifier, ManaModifier, RacialLeader, movementId, HealthScalingExpansion, RequiredExpansion, VignetteID, unit_class) VALUES (136598, 0, 0, 'Sand Stinger', '', '', '', 0, 0, 8, 0, 0, 1, 1, 0, 0, 7, 0, 0, 1);
INSERT IGNORE INTO creature_template_model (CreatureID, Idx, CreatureDisplayID, DisplayScale, Probability) VALUES (136598, 0, 41960, 1, 1);
INSERT IGNORE INTO creature_template (entry, KillCredit1, KillCredit2, name, femaleName, subname, IconName, rank, family, type, type_flags, type_flags2, HealthModifier, ManaModifier, RacialLeader, movementId, HealthScalingExpansion, RequiredExpansion, VignetteID, unit_class) VALUES (139225, 0, 0, 'Evergrove Keeper', '', '', '', 0, 0, 7, 0, 0, 4.9, 1, 0, 0, 7, 0, 0, 2);
INSERT IGNORE INTO creature_template_model (CreatureID, Idx, CreatureDisplayID, DisplayScale, Probability) VALUES (139225, 0, 2432, 1.3, 1);
INSERT IGNORE INTO creature_template (entry, KillCredit1, KillCredit2, name, femaleName, subname, IconName, rank, family, type, type_flags, type_flags2, HealthModifier, ManaModifier, RacialLeader, movementId, HealthScalingExpansion, RequiredExpansion, VignetteID, unit_class) VALUES (139203, 0, 0, 'Verdant Treant', '', '', '', 0, 0, 4, 0, 0, 3, 1, 0, 0, 7, 0, 0, 2);
INSERT IGNORE INTO creature_template_model (CreatureID, Idx, CreatureDisplayID, DisplayScale, Probability) VALUES (139203, 0, 86196, 1.2, 1);
INSERT IGNORE INTO creature_template (entry, KillCredit1, KillCredit2, name, femaleName, subname, IconName, rank, family, type, type_flags, type_flags2, HealthModifier, ManaModifier, RacialLeader, movementId, HealthScalingExpansion, RequiredExpansion, VignetteID, unit_class) VALUES (139208, 0, 0, 'Ancient Protector', '', '', '', 0, 0, 4, 0, 0, 4.9, 1, 0, 0, 7, 0, 0, 1);
INSERT IGNORE INTO creature_template_model (CreatureID, Idx, CreatureDisplayID, DisplayScale, Probability) VALUES (139208, 0, 54678, 0.8, 1);
INSERT IGNORE INTO creature_template (entry, KillCredit1, KillCredit2, name, femaleName, subname, IconName, rank, family, type, type_flags, type_flags2, HealthModifier, ManaModifier, RacialLeader, movementId, HealthScalingExpansion, RequiredExpansion, VignetteID, unit_class) VALUES (139652, 0, 0, 'Coldlight Coastrunner', '', '', '', 0, 0, 7, 0, 0, 0.5, 1, 0, 0, 7, 0, 0, 1);
INSERT IGNORE INTO creature_template_model (CreatureID, Idx, CreatureDisplayID, DisplayScale, Probability) VALUES (139652, 0, 31539, 0.8, 1);
INSERT IGNORE INTO creature_template (entry, KillCredit1, KillCredit2, name, femaleName, subname, IconName, rank, family, type, type_flags, type_flags2, HealthModifier, ManaModifier, RacialLeader, movementId, HealthScalingExpansion, RequiredExpansion, VignetteID, unit_class) VALUES (126424, 0, 0, 'Coralback Surfcrawler', '', '', '', 0, 8, 1, 0, 0, 1.6, 1, 0, 0, 7, 0, 0, 2);
INSERT IGNORE INTO creature_template_model (CreatureID, Idx, CreatureDisplayID, DisplayScale, Probability) VALUES (126424, 0, 22458, 1, 1);
INSERT IGNORE INTO creature_template (entry, KillCredit1, KillCredit2, name, femaleName, subname, IconName, rank, family, type, type_flags, type_flags2, HealthModifier, ManaModifier, RacialLeader, movementId, HealthScalingExpansion, RequiredExpansion, VignetteID, unit_class) VALUES (139197, 0, 0, 'Verdant Lasher', '', '', '', 0, 0, 4, 0, 0, 0.5, 1, 0, 0, 7, 0, 0, 1);
INSERT IGNORE INTO creature_template_model (CreatureID, Idx, CreatureDisplayID, DisplayScale, Probability) VALUES (139197, 0, 59860, 1, 1);
INSERT IGNORE INTO creature_template_model (CreatureID, Idx, CreatureDisplayID, DisplayScale, Probability) VALUES (139197, 1, 59869, 1, 1);
INSERT IGNORE INTO creature_template_model (CreatureID, Idx, CreatureDisplayID, DisplayScale, Probability) VALUES (139197, 2, 59872, 1, 1);
INSERT IGNORE INTO creature_template_model (CreatureID, Idx, CreatureDisplayID, DisplayScale, Probability) VALUES (139197, 3, 59870, 1, 1);
INSERT IGNORE INTO creature_template (entry, KillCredit1, KillCredit2, name, femaleName, subname, IconName, rank, family, type, type_flags, type_flags2, HealthModifier, ManaModifier, RacialLeader, movementId, HealthScalingExpansion, RequiredExpansion, VignetteID, unit_class) VALUES (142336, 0, 0, 'Pygmy Octopus', '', '', '', 0, 0, 1, 0, 0, 0.25, 1, 0, 0, 7, 0, 0, 1);
INSERT IGNORE INTO creature_template_model (CreatureID, Idx, CreatureDisplayID, DisplayScale, Probability) VALUES (142336, 0, 47928, 1, 1);
INSERT IGNORE INTO creature_template_model (CreatureID, Idx, CreatureDisplayID, DisplayScale, Probability) VALUES (142336, 1, 47929, 1, 1);
INSERT IGNORE INTO creature_template_model (CreatureID, Idx, CreatureDisplayID, DisplayScale, Probability) VALUES (142336, 2, 47930, 1, 1);
INSERT IGNORE INTO creature_template_model (CreatureID, Idx, CreatureDisplayID, DisplayScale, Probability) VALUES (142336, 3, 47931, 1, 0);
INSERT IGNORE INTO creature_template (entry, KillCredit1, KillCredit2, name, femaleName, subname, IconName, rank, family, type, type_flags, type_flags2, HealthModifier, ManaModifier, RacialLeader, movementId, HealthScalingExpansion, RequiredExpansion, VignetteID, unit_class) VALUES (126423, 0, 0, 'Coralback Crab', '', '', '', 0, 8, 1, 0, 0, 0.8, 1, 0, 0, 7, 0, 0, 1);
INSERT IGNORE INTO creature_template_model (CreatureID, Idx, CreatureDisplayID, DisplayScale, Probability) VALUES (126423, 0, 75377, 1, 1);
INSERT IGNORE INTO creature_template (entry, KillCredit1, KillCredit2, name, femaleName, subname, IconName, rank, family, type, type_flags, type_flags2, HealthModifier, ManaModifier, RacialLeader, movementId, HealthScalingExpansion, RequiredExpansion, VignetteID, unit_class) VALUES (139200, 0, 0, 'Verdant Flytrap', '', '', '', 0, 0, 4, 0, 0, 1, 1, 0, 0, 7, 0, 0, 1);
INSERT IGNORE INTO creature_template_model (CreatureID, Idx, CreatureDisplayID, DisplayScale, Probability) VALUES (139200, 0, 80464, 0.6, 1);
INSERT IGNORE INTO creature_template_model (CreatureID, Idx, CreatureDisplayID, DisplayScale, Probability) VALUES (139200, 1, 80464, 0.6, 1);
INSERT IGNORE INTO creature_template (entry, KillCredit1, KillCredit2, name, femaleName, subname, IconName, rank, family, type, type_flags, type_flags2, HealthModifier, ManaModifier, RacialLeader, movementId, HealthScalingExpansion, RequiredExpansion, VignetteID, unit_class) VALUES (139202, 0, 0, 'Verdant Tender', '', '', '', 0, 0, 4, 0, 0, 3, 1, 0, 0, 7, 0, 0, 2);
INSERT IGNORE INTO creature_template_model (CreatureID, Idx, CreatureDisplayID, DisplayScale, Probability) VALUES (139202, 0, 86195, 1.2, 1);
INSERT IGNORE INTO creature_template (entry, KillCredit1, KillCredit2, name, femaleName, subname, IconName, rank, family, type, type_flags, type_flags2, HealthModifier, ManaModifier, RacialLeader, movementId, HealthScalingExpansion, RequiredExpansion, VignetteID, unit_class) VALUES (139218, 0, 0, 'Life-Tender Olvarius', '', '', '', 0, 0, 7, 0, 0, 10, 1, 0, 0, 7, 0, 2952, 2);
INSERT IGNORE INTO creature_template_model (CreatureID, Idx, CreatureDisplayID, DisplayScale, Probability) VALUES (139218, 0, 2725, 1.5, 1);
INSERT IGNORE INTO creature_template (entry, KillCredit1, KillCredit2, name, femaleName, subname, IconName, rank, family, type, type_flags, type_flags2, HealthModifier, ManaModifier, RacialLeader, movementId, HealthScalingExpansion, RequiredExpansion, VignetteID, unit_class) VALUES (140989, 0, 0, 'Bonescale Worm', '', '', '', 0, 42, 1, 0, 0, 1, 1, 0, 0, 7, 0, 0, 1);
INSERT IGNORE INTO creature_template_model (CreatureID, Idx, CreatureDisplayID, DisplayScale, Probability) VALUES (140989, 0, 37550, 0.4, 1);
INSERT IGNORE INTO creature_template (entry, KillCredit1, KillCredit2, name, femaleName, subname, IconName, rank, family, type, type_flags, type_flags2, HealthModifier, ManaModifier, RacialLeader, movementId, HealthScalingExpansion, RequiredExpansion, VignetteID, unit_class) VALUES (142324, 0, 0, 'Bluefin Dolphin', '', '', '', 0, 0, 1, 0, 0, 1, 1, 0, 0, 7, 0, 0, 1);
INSERT IGNORE INTO creature_template_model (CreatureID, Idx, CreatureDisplayID, DisplayScale, Probability) VALUES (142324, 0, 85042, 1, 1);
INSERT IGNORE INTO creature_template_model (CreatureID, Idx, CreatureDisplayID, DisplayScale, Probability) VALUES (142324, 1, 85042, 1, 1);
INSERT IGNORE INTO creature_template (entry, KillCredit1, KillCredit2, name, femaleName, subname, IconName, rank, family, type, type_flags, type_flags2, HealthModifier, ManaModifier, RacialLeader, movementId, HealthScalingExpansion, RequiredExpansion, VignetteID, unit_class) VALUES (139400, 0, 0, 'Mirelurk Rivercaller', '', '', '', 0, 0, 7, 0, 0, 1.3, 1, 0, 0, 7, 0, 0, 8);
INSERT IGNORE INTO creature_template_model (CreatureID, Idx, CreatureDisplayID, DisplayScale, Probability) VALUES (139400, 0, 86247, 1, 1);
INSERT IGNORE INTO creature_template (entry, KillCredit1, KillCredit2, name, femaleName, subname, IconName, rank, family, type, type_flags, type_flags2, HealthModifier, ManaModifier, RacialLeader, movementId, HealthScalingExpansion, RequiredExpansion, VignetteID, unit_class) VALUES (139411, 0, 0, 'Many-Fangs', '', '', '', 0, 0, 7, 0, 0, 5, 1, 0, 0, 7, 0, 2952, 4);
INSERT IGNORE INTO creature_template_model (CreatureID, Idx, CreatureDisplayID, DisplayScale, Probability) VALUES (139411, 0, 86274, 1, 1);
INSERT IGNORE INTO creature_template (entry, KillCredit1, KillCredit2, name, femaleName, subname, IconName, rank, family, type, type_flags, type_flags2, HealthModifier, ManaModifier, RacialLeader, movementId, HealthScalingExpansion, RequiredExpansion, VignetteID, unit_class) VALUES (139399, 0, 0, 'Mirelurk Basher', '', '', '', 0, 0, 7, 0, 0, 1, 1, 0, 0, 7, 0, 0, 1);
INSERT IGNORE INTO creature_template_model (CreatureID, Idx, CreatureDisplayID, DisplayScale, Probability) VALUES (139399, 0, 86250, 1, 1);
INSERT IGNORE INTO creature_template (entry, KillCredit1, KillCredit2, name, femaleName, subname, IconName, rank, family, type, type_flags, type_flags2, HealthModifier, ManaModifier, RacialLeader, movementId, HealthScalingExpansion, RequiredExpansion, VignetteID, unit_class) VALUES (132925, 0, 0, 'Scouted Azerite', '', '', '', 0, 0, 10, 1048576, 0, 1, 1, 0, 0, 7, 0, 3031, 1);
INSERT IGNORE INTO creature_template_model (CreatureID, Idx, CreatureDisplayID, DisplayScale, Probability) VALUES (132925, 0, 11686, 1, 1);
INSERT IGNORE INTO creature_template (entry, KillCredit1, KillCredit2, name, femaleName, subname, IconName, rank, family, type, type_flags, type_flags2, HealthModifier, ManaModifier, RacialLeader, movementId, HealthScalingExpansion, RequiredExpansion, VignetteID, unit_class) VALUES (139395, 0, 0, 'Mirelurk Bogtender', '', '', '', 0, 0, 7, 0, 0, 1, 1, 0, 0, 7, 0, 0, 8);
INSERT IGNORE INTO creature_template_model (CreatureID, Idx, CreatureDisplayID, DisplayScale, Probability) VALUES (139395, 0, 86246, 1, 1);
INSERT IGNORE INTO creature_template (entry, KillCredit1, KillCredit2, name, femaleName, subname, IconName, rank, family, type, type_flags, type_flags2, HealthModifier, ManaModifier, RacialLeader, movementId, HealthScalingExpansion, RequiredExpansion, VignetteID, unit_class) VALUES (139418, 0, 0, 'Stagnant One', '', '', '', 0, 0, 7, 0, 0, 10, 1, 0, 0, 7, 0, 2952, 8);
INSERT IGNORE INTO creature_template_model (CreatureID, Idx, CreatureDisplayID, DisplayScale, Probability) VALUES (139418, 0, 86264, 1, 1);
INSERT IGNORE INTO creature_template (entry, KillCredit1, KillCredit2, name, femaleName, subname, IconName, rank, family, type, type_flags, type_flags2, HealthModifier, ManaModifier, RacialLeader, movementId, HealthScalingExpansion, RequiredExpansion, VignetteID, unit_class) VALUES (139396, 0, 0, 'Mirelurk Guardian', '', '', '', 0, 0, 7, 0, 0, 1.3, 1, 0, 0, 7, 0, 0, 1);
INSERT IGNORE INTO creature_template_model (CreatureID, Idx, CreatureDisplayID, DisplayScale, Probability) VALUES (139396, 0, 86257, 1, 1);
INSERT IGNORE INTO creature_template (entry, KillCredit1, KillCredit2, name, femaleName, subname, IconName, rank, family, type, type_flags, type_flags2, HealthModifier, ManaModifier, RacialLeader, movementId, HealthScalingExpansion, RequiredExpansion, VignetteID, unit_class) VALUES (139394, 0, 0, 'Mirelurk Bog Priest', '', '', '', 0, 0, 7, 0, 0, 4.9, 1, 0, 0, 7, 0, 0, 8);
INSERT IGNORE INTO creature_template_model (CreatureID, Idx, CreatureDisplayID, DisplayScale, Probability) VALUES (139394, 0, 86258, 1, 1);
INSERT IGNORE INTO creature_template (entry, KillCredit1, KillCredit2, name, femaleName, subname, IconName, rank, family, type, type_flags, type_flags2, HealthModifier, ManaModifier, RacialLeader, movementId, HealthScalingExpansion, RequiredExpansion, VignetteID, unit_class) VALUES (139416, 0, 0, 'Volshas', '', '', '', 0, 0, 7, 0, 0, 5, 1, 0, 0, 7, 0, 2952, 1);
INSERT IGNORE INTO creature_template_model (CreatureID, Idx, CreatureDisplayID, DisplayScale, Probability) VALUES (139416, 0, 77117, 1, 1);
INSERT IGNORE INTO creature_template (entry, KillCredit1, KillCredit2, name, femaleName, subname, IconName, rank, family, type, type_flags, type_flags2, HealthModifier, ManaModifier, RacialLeader, movementId, HealthScalingExpansion, RequiredExpansion, VignetteID, unit_class) VALUES (139415, 0, 0, 'Slitherscale', '', '', '', 0, 0, 7, 0, 0, 5, 1, 0, 0, 7, 0, 2952, 1);
INSERT IGNORE INTO creature_template_model (CreatureID, Idx, CreatureDisplayID, DisplayScale, Probability) VALUES (139415, 0, 86254, 1, 1);
INSERT IGNORE INTO creature_template (entry, KillCredit1, KillCredit2, name, femaleName, subname, IconName, rank, family, type, type_flags, type_flags2, HealthModifier, ManaModifier, RacialLeader, movementId, HealthScalingExpansion, RequiredExpansion, VignetteID, unit_class) VALUES (139224, 0, 0, 'Dryad Grove-Tender', '', '', '', 0, 0, 7, 0, 0, 4.9, 1, 0, 0, 7, 0, 0, 8);
INSERT IGNORE INTO creature_template_model (CreatureID, Idx, CreatureDisplayID, DisplayScale, Probability) VALUES (139224, 0, 12064, 2, 1);
INSERT IGNORE INTO creature_template (entry, KillCredit1, KillCredit2, name, femaleName, subname, IconName, rank, family, type, type_flags, type_flags2, HealthModifier, ManaModifier, RacialLeader, movementId, HealthScalingExpansion, RequiredExpansion, VignetteID, unit_class) VALUES (140990, 0, 0, 'Bonescale Spitter', '', '', '', 0, 42, 1, 0, 0, 2, 1, 0, 0, 7, 0, 0, 1);
INSERT IGNORE INTO creature_template_model (CreatureID, Idx, CreatureDisplayID, DisplayScale, Probability) VALUES (140990, 0, 26819, 0.6, 1);
INSERT IGNORE INTO creature_template (entry, KillCredit1, KillCredit2, name, femaleName, subname, IconName, rank, family, type, type_flags, type_flags2, HealthModifier, ManaModifier, RacialLeader, movementId, HealthScalingExpansion, RequiredExpansion, VignetteID, unit_class) VALUES (140992, 0, 0, 'Corpseburster', '', '', '', 0, 42, 1, 2097224, 0, 5, 1, 0, 0, 7, 0, 2952, 1);
INSERT IGNORE INTO creature_template_model (CreatureID, Idx, CreatureDisplayID, DisplayScale, Probability) VALUES (140992, 0, 26819, 1, 1);

DELETE FROM creature_model_info WHERE DisplayID IN (54297, 81389, 87499, 87500, 87502, 87501, 87509, 1418, 83872, 33718, 32187, 42407, 2425, 11686, 32455, 31539, 86469, 83874, 83873, 32790, 72013, 65390, 838, 837, 84523, 39551, 39830, 64016, 2176, 35489, 80910, 88475, 52694, 82155, 52696, 76625, 41960, 2432, 86196, 54678, 22458, 59872, 47928, 75377, 80464, 86195, 2725, 37550, 85042, 12064, 86258, 86257, 26819);
INSERT INTO creature_model_info (DisplayID, BoundingRadius, CombatReach, DisplayID_Other_Gender) VALUES (54297, 1, 2, 0);
INSERT INTO creature_model_info (DisplayID, BoundingRadius, CombatReach, DisplayID_Other_Gender) VALUES (81389, 0.347222, 1.5, 0);
INSERT INTO creature_model_info (DisplayID, BoundingRadius, CombatReach, DisplayID_Other_Gender) VALUES (87499, 0.347222, 1.5, 0);
INSERT INTO creature_model_info (DisplayID, BoundingRadius, CombatReach, DisplayID_Other_Gender) VALUES (87500, 0.347222, 1.5, 0);
INSERT INTO creature_model_info (DisplayID, BoundingRadius, CombatReach, DisplayID_Other_Gender) VALUES (87502, 0.347222, 1.5, 0);
INSERT INTO creature_model_info (DisplayID, BoundingRadius, CombatReach, DisplayID_Other_Gender) VALUES (87501, 0.347222, 1.5, 0);
INSERT INTO creature_model_info (DisplayID, BoundingRadius, CombatReach, DisplayID_Other_Gender) VALUES (87509, 0.347222, 1.5, 0);
INSERT INTO creature_model_info (DisplayID, BoundingRadius, CombatReach, DisplayID_Other_Gender) VALUES (1418, 0.3062559, 0.8, 0);
INSERT INTO creature_model_info (DisplayID, BoundingRadius, CombatReach, DisplayID_Other_Gender) VALUES (83872, 1.4, 1.75, 0);
INSERT INTO creature_model_info (DisplayID, BoundingRadius, CombatReach, DisplayID_Other_Gender) VALUES (33718, 0.31, 1, 0);
INSERT INTO creature_model_info (DisplayID, BoundingRadius, CombatReach, DisplayID_Other_Gender) VALUES (32187, 4.062212, 1, 0);
INSERT INTO creature_model_info (DisplayID, BoundingRadius, CombatReach, DisplayID_Other_Gender) VALUES (42407, 0.75, 1.25, 0);
INSERT INTO creature_model_info (DisplayID, BoundingRadius, CombatReach, DisplayID_Other_Gender) VALUES (2425, 1.84988, 4, 0);
INSERT INTO creature_model_info (DisplayID, BoundingRadius, CombatReach, DisplayID_Other_Gender) VALUES (11686, 0.5, 1, 0);
INSERT INTO creature_model_info (DisplayID, BoundingRadius, CombatReach, DisplayID_Other_Gender) VALUES (32455, 0.35, 0.8, 0);
INSERT INTO creature_model_info (DisplayID, BoundingRadius, CombatReach, DisplayID_Other_Gender) VALUES (31539, 0.417, 1.5, 0);
INSERT INTO creature_model_info (DisplayID, BoundingRadius, CombatReach, DisplayID_Other_Gender) VALUES (86469, 0.5421, 1.95, 0);
INSERT INTO creature_model_info (DisplayID, BoundingRadius, CombatReach, DisplayID_Other_Gender) VALUES (83874, 1.5, 1.875, 0);
INSERT INTO creature_model_info (DisplayID, BoundingRadius, CombatReach, DisplayID_Other_Gender) VALUES (83873, 3.5, 4.375, 0);
INSERT INTO creature_model_info (DisplayID, BoundingRadius, CombatReach, DisplayID_Other_Gender) VALUES (32790, 0.2875962, 0.375, 0);
INSERT INTO creature_model_info (DisplayID, BoundingRadius, CombatReach, DisplayID_Other_Gender) VALUES (72013, 1.516783, 1, 0);
INSERT INTO creature_model_info (DisplayID, BoundingRadius, CombatReach, DisplayID_Other_Gender) VALUES (65390, 0.1556894, 0, 0);
INSERT INTO creature_model_info (DisplayID, BoundingRadius, CombatReach, DisplayID_Other_Gender) VALUES (838, 1.48353, 1.5, 0);
INSERT INTO creature_model_info (DisplayID, BoundingRadius, CombatReach, DisplayID_Other_Gender) VALUES (837, 1.854413, 1.875, 0);
INSERT INTO creature_model_info (DisplayID, BoundingRadius, CombatReach, DisplayID_Other_Gender) VALUES (84523, 0.3514455, 0.525, 0);
INSERT INTO creature_model_info (DisplayID, BoundingRadius, CombatReach, DisplayID_Other_Gender) VALUES (39551, 2.00826, 3, 0);
INSERT INTO creature_model_info (DisplayID, BoundingRadius, CombatReach, DisplayID_Other_Gender) VALUES (39830, 0.7530976, 1.125, 0);
INSERT INTO creature_model_info (DisplayID, BoundingRadius, CombatReach, DisplayID_Other_Gender) VALUES (64016, 0.1681957, 0, 0);
INSERT INTO creature_model_info (DisplayID, BoundingRadius, CombatReach, DisplayID_Other_Gender) VALUES (2176, 0.3828198, 1, 0);
INSERT INTO creature_model_info (DisplayID, BoundingRadius, CombatReach, DisplayID_Other_Gender) VALUES (35489, 1.255163, 1.875, 0);
INSERT INTO creature_model_info (DisplayID, BoundingRadius, CombatReach, DisplayID_Other_Gender) VALUES (80910, 0.3222358, 0.15, 0);
INSERT INTO creature_model_info (DisplayID, BoundingRadius, CombatReach, DisplayID_Other_Gender) VALUES (88475, 1.055991, 0.4, 0);
INSERT INTO creature_model_info (DisplayID, BoundingRadius, CombatReach, DisplayID_Other_Gender) VALUES (52694, 3.12499, 2, 0);
INSERT INTO creature_model_info (DisplayID, BoundingRadius, CombatReach, DisplayID_Other_Gender) VALUES (82155, 4.549864, 5, 0);
INSERT INTO creature_model_info (DisplayID, BoundingRadius, CombatReach, DisplayID_Other_Gender) VALUES (52696, 3.12499, 2, 0);
INSERT INTO creature_model_info (DisplayID, BoundingRadius, CombatReach, DisplayID_Other_Gender) VALUES (76625, 1.342116, 1.75, 0);
INSERT INTO creature_model_info (DisplayID, BoundingRadius, CombatReach, DisplayID_Other_Gender) VALUES (41960, 0.15, 0.3, 0);
INSERT INTO creature_model_info (DisplayID, BoundingRadius, CombatReach, DisplayID_Other_Gender) VALUES (2432, 1.643068, 0, 0);
INSERT INTO creature_model_info (DisplayID, BoundingRadius, CombatReach, DisplayID_Other_Gender) VALUES (86196, 0.4164, 2.4, 0);
INSERT INTO creature_model_info (DisplayID, BoundingRadius, CombatReach, DisplayID_Other_Gender) VALUES (54678, 2.394019, 2, 0);
INSERT INTO creature_model_info (DisplayID, BoundingRadius, CombatReach, DisplayID_Other_Gender) VALUES (22458, 1.917308, 2.5, 0);
INSERT INTO creature_model_info (DisplayID, BoundingRadius, CombatReach, DisplayID_Other_Gender) VALUES (59872, 0.6868638, 0.4, 0);
INSERT INTO creature_model_info (DisplayID, BoundingRadius, CombatReach, DisplayID_Other_Gender) VALUES (47928, 0.175, 0.5, 0);
INSERT INTO creature_model_info (DisplayID, BoundingRadius, CombatReach, DisplayID_Other_Gender) VALUES (75377, 1.342116, 1.75, 0);
INSERT INTO creature_model_info (DisplayID, BoundingRadius, CombatReach, DisplayID_Other_Gender) VALUES (80464, 0.21, 0.6, 0);
INSERT INTO creature_model_info (DisplayID, BoundingRadius, CombatReach, DisplayID_Other_Gender) VALUES (86195, 0.4164, 2.4, 0);
INSERT INTO creature_model_info (DisplayID, BoundingRadius, CombatReach, DisplayID_Other_Gender) VALUES (2725, 1.895848, 0, 0);
INSERT INTO creature_model_info (DisplayID, BoundingRadius, CombatReach, DisplayID_Other_Gender) VALUES (37550, 0.31, 3, 0);
INSERT INTO creature_model_info (DisplayID, BoundingRadius, CombatReach, DisplayID_Other_Gender) VALUES (85042, 0.9849433, 1.5, 0);
INSERT INTO creature_model_info (DisplayID, BoundingRadius, CombatReach, DisplayID_Other_Gender) VALUES (12064, 1.011291, 2, 0);
INSERT INTO creature_model_info (DisplayID, BoundingRadius, CombatReach, DisplayID_Other_Gender) VALUES (86258, 1.2105, 3.3, 0);
INSERT INTO creature_model_info (DisplayID, BoundingRadius, CombatReach, DisplayID_Other_Gender) VALUES (86257, 0.9684, 2.64, 0);
INSERT INTO creature_model_info (DisplayID, BoundingRadius, CombatReach, DisplayID_Other_Gender) VALUES (26819, 0.31, 1, 0);

DELETE FROM `creature_template_addon` WHERE `entry` IN (143762, 136594, 141874, 141875, 141881, 141880, 141899, 137946, 134786, 140630, 140609, 136599, 140619, 79556, 140632, 132923, 139681, 139655, 134788, 134789, 137950, 140631, 137958, 140077, 135182, 140076, 140078, 140847, 140849, 140850, 132864, 135964, 135961, 135963, 137951, 137947, 132912, 135962, 137955, 136536, 143826, 140094, 137579, 144018, 131311, 132868, 140095, 137590, 126422, 136598, 139225, 139203, 139208, 139652, 126424, 139197, 142336, 126423, 139200, 139202, 139218, 140989, 142324, 139400, 139411, 139399, 132925, 139395, 139418, 139396, 139394, 139416, 139415, 139224, 140990, 140992);

INSERT INTO creature_template_addon (entry, path_id, mount, bytes1, bytes2, emote, aiAnimKit, movementAnimKit, meleeAnimKit, auras) VALUES (143762, 0, 0, 0, 1, 0, 0, 0, 0, '');
INSERT INTO creature_template_addon (entry, path_id, mount, bytes1, bytes2, emote, aiAnimKit, movementAnimKit, meleeAnimKit, auras) VALUES (136594, 0, 0, 0, 0, 0, 0, 0, 0, '267808 245380');
INSERT INTO creature_template_addon (entry, path_id, mount, bytes1, bytes2, emote, aiAnimKit, movementAnimKit, meleeAnimKit, auras) VALUES (141874, 0, 0, 0, 1, 0, 0, 0, 0, '');
INSERT INTO creature_template_addon (entry, path_id, mount, bytes1, bytes2, emote, aiAnimKit, movementAnimKit, meleeAnimKit, auras) VALUES (141875, 0, 0, 0, 1, 0, 0, 0, 0, '');
INSERT INTO creature_template_addon (entry, path_id, mount, bytes1, bytes2, emote, aiAnimKit, movementAnimKit, meleeAnimKit, auras) VALUES (141881, 0, 0, 3, 1, 0, 0, 0, 0, '');
INSERT INTO creature_template_addon (entry, path_id, mount, bytes1, bytes2, emote, aiAnimKit, movementAnimKit, meleeAnimKit, auras) VALUES (141880, 0, 0, 0, 1, 0, 0, 0, 0, '');
INSERT INTO creature_template_addon (entry, path_id, mount, bytes1, bytes2, emote, aiAnimKit, movementAnimKit, meleeAnimKit, auras) VALUES (141899, 0, 0, 0, 1, 0, 0, 0, 0, '');
INSERT INTO creature_template_addon (entry, path_id, mount, bytes1, bytes2, emote, aiAnimKit, movementAnimKit, meleeAnimKit, auras) VALUES (137946, 0, 0, 0, 1, 0, 0, 0, 0, '234566 274794 273393');
INSERT INTO creature_template_addon (entry, path_id, mount, bytes1, bytes2, emote, aiAnimKit, movementAnimKit, meleeAnimKit, auras) VALUES (134786, 0, 0, 0, 1, 0, 0, 0, 0, '234566 263998 274327 276102');
INSERT INTO creature_template_addon (entry, path_id, mount, bytes1, bytes2, emote, aiAnimKit, movementAnimKit, meleeAnimKit, auras) VALUES (140630, 0, 0, 0, 1, 0, 0, 0, 0, '234566');
INSERT INTO creature_template_addon (entry, path_id, mount, bytes1, bytes2, emote, aiAnimKit, movementAnimKit, meleeAnimKit, auras) VALUES (140609, 0, 0, 0, 1, 0, 0, 0, 0, '234566');
INSERT INTO creature_template_addon (entry, path_id, mount, bytes1, bytes2, emote, aiAnimKit, movementAnimKit, meleeAnimKit, auras) VALUES (136599, 0, 0, 0, 1, 0, 0, 0, 0, '274794 273393 234566 278813');
INSERT INTO creature_template_addon (entry, path_id, mount, bytes1, bytes2, emote, aiAnimKit, movementAnimKit, meleeAnimKit, auras) VALUES (140619, 0, 0, 0, 1, 0, 0, 0, 0, '234566');
INSERT INTO creature_template_addon (entry, path_id, mount, bytes1, bytes2, emote, aiAnimKit, movementAnimKit, meleeAnimKit, auras) VALUES (79556, 0, 0, 0, 1, 0, 0, 0, 0, '');
INSERT INTO creature_template_addon (entry, path_id, mount, bytes1, bytes2, emote, aiAnimKit, movementAnimKit, meleeAnimKit, auras) VALUES (140632, 0, 0, 0, 1, 0, 0, 0, 0, '234566');
INSERT INTO creature_template_addon (entry, path_id, mount, bytes1, bytes2, emote, aiAnimKit, movementAnimKit, meleeAnimKit, auras) VALUES (132923, 0, 0, 0, 1, 0, 0, 0, 0, '257025 277614 249986 263998 281068 252235 276102');
INSERT INTO creature_template_addon (entry, path_id, mount, bytes1, bytes2, emote, aiAnimKit, movementAnimKit, meleeAnimKit, auras) VALUES (139681, 0, 0, 0, 1, 0, 0, 0, 0, '257025 277614 249986 263998 281068 252235 276105');
INSERT INTO creature_template_addon (entry, path_id, mount, bytes1, bytes2, emote, aiAnimKit, movementAnimKit, meleeAnimKit, auras) VALUES (139655, 0, 0, 0, 1, 0, 0, 0, 0, '257025 277614 41577 249986 252273 263998 281068 276102 279483');
INSERT INTO creature_template_addon (entry, path_id, mount, bytes1, bytes2, emote, aiAnimKit, movementAnimKit, meleeAnimKit, auras) VALUES (134788, 0, 0, 0, 1, 0, 0, 0, 0, '276102');
INSERT INTO creature_template_addon (entry, path_id, mount, bytes1, bytes2, emote, aiAnimKit, movementAnimKit, meleeAnimKit, auras) VALUES (134789, 0, 0, 0, 1, 0, 0, 0, 0, '276104');
INSERT INTO creature_template_addon (entry, path_id, mount, bytes1, bytes2, emote, aiAnimKit, movementAnimKit, meleeAnimKit, auras) VALUES (137950, 0, 0, 0, 1, 0, 0, 0, 0, '234566 274794 273393');
INSERT INTO creature_template_addon (entry, path_id, mount, bytes1, bytes2, emote, aiAnimKit, movementAnimKit, meleeAnimKit, auras) VALUES (140631, 0, 0, 0, 1, 0, 0, 0, 0, '234566');
INSERT INTO creature_template_addon (entry, path_id, mount, bytes1, bytes2, emote, aiAnimKit, movementAnimKit, meleeAnimKit, auras) VALUES (137958, 0, 0, 0, 1, 0, 0, 0, 0, '');
INSERT INTO creature_template_addon (entry, path_id, mount, bytes1, bytes2, emote, aiAnimKit, movementAnimKit, meleeAnimKit, auras) VALUES (140077, 0, 0, 0, 1, 0, 0, 0, 0, '276102');
INSERT INTO creature_template_addon (entry, path_id, mount, bytes1, bytes2, emote, aiAnimKit, movementAnimKit, meleeAnimKit, auras) VALUES (135182, 0, 0, 0, 1, 0, 0, 0, 0, '257025 265702');
INSERT INTO creature_template_addon (entry, path_id, mount, bytes1, bytes2, emote, aiAnimKit, movementAnimKit, meleeAnimKit, auras) VALUES (140076, 0, 0, 0, 1, 0, 0, 0, 0, '276104');
INSERT INTO creature_template_addon (entry, path_id, mount, bytes1, bytes2, emote, aiAnimKit, movementAnimKit, meleeAnimKit, auras) VALUES (140078, 0, 0, 0, 1, 0, 0, 0, 0, '276102 263998');
INSERT INTO creature_template_addon (entry, path_id, mount, bytes1, bytes2, emote, aiAnimKit, movementAnimKit, meleeAnimKit, auras) VALUES (140847, 0, 0, 0, 1, 0, 0, 0, 0, '277614 41577 249986 252273 281068');
INSERT INTO creature_template_addon (entry, path_id, mount, bytes1, bytes2, emote, aiAnimKit, movementAnimKit, meleeAnimKit, auras) VALUES (140849, 0, 0, 0, 1, 0, 0, 0, 0, '277614 41577 249986 252273 281068');
INSERT INTO creature_template_addon (entry, path_id, mount, bytes1, bytes2, emote, aiAnimKit, movementAnimKit, meleeAnimKit, auras) VALUES (140850, 0, 0, 0, 1, 0, 0, 0, 0, '277614 41577 249986 252273 281068 276102');
INSERT INTO creature_template_addon (entry, path_id, mount, bytes1, bytes2, emote, aiAnimKit, movementAnimKit, meleeAnimKit, auras) VALUES (132864, 0, 0, 0, 1, 0, 0, 0, 0, '276102');
INSERT INTO creature_template_addon (entry, path_id, mount, bytes1, bytes2, emote, aiAnimKit, movementAnimKit, meleeAnimKit, auras) VALUES (135964, 0, 0, 0, 1, 0, 0, 0, 0, '276102');
INSERT INTO creature_template_addon (entry, path_id, mount, bytes1, bytes2, emote, aiAnimKit, movementAnimKit, meleeAnimKit, auras) VALUES (135961, 0, 0, 0, 1, 0, 0, 0, 0, '276104');
INSERT INTO creature_template_addon (entry, path_id, mount, bytes1, bytes2, emote, aiAnimKit, movementAnimKit, meleeAnimKit, auras) VALUES (135963, 0, 0, 0, 1, 0, 0, 0, 0, '276102');
INSERT INTO creature_template_addon (entry, path_id, mount, bytes1, bytes2, emote, aiAnimKit, movementAnimKit, meleeAnimKit, auras) VALUES (137951, 0, 0, 0, 1, 0, 0, 0, 0, '274055 273393');
INSERT INTO creature_template_addon (entry, path_id, mount, bytes1, bytes2, emote, aiAnimKit, movementAnimKit, meleeAnimKit, auras) VALUES (137947, 0, 0, 0, 1, 0, 0, 0, 0, '278813 273393');
INSERT INTO creature_template_addon (entry, path_id, mount, bytes1, bytes2, emote, aiAnimKit, movementAnimKit, meleeAnimKit, auras) VALUES (132912, 0, 0, 0, 1, 0, 0, 0, 0, '257025');
INSERT INTO creature_template_addon (entry, path_id, mount, bytes1, bytes2, emote, aiAnimKit, movementAnimKit, meleeAnimKit, auras) VALUES (135962, 0, 0, 0, 1, 0, 0, 0, 0, '276102');
INSERT INTO creature_template_addon (entry, path_id, mount, bytes1, bytes2, emote, aiAnimKit, movementAnimKit, meleeAnimKit, auras) VALUES (137955, 0, 0, 0, 1, 0, 0, 0, 0, '274055 273393 278811');
INSERT INTO creature_template_addon (entry, path_id, mount, bytes1, bytes2, emote, aiAnimKit, movementAnimKit, meleeAnimKit, auras) VALUES (136536, 0, 0, 0, 1, 0, 0, 0, 0, '244542 276542 280294');
INSERT INTO creature_template_addon (entry, path_id, mount, bytes1, bytes2, emote, aiAnimKit, movementAnimKit, meleeAnimKit, auras) VALUES (143826, 0, 0, 0, 1, 0, 0, 0, 0, '280294');
INSERT INTO creature_template_addon (entry, path_id, mount, bytes1, bytes2, emote, aiAnimKit, movementAnimKit, meleeAnimKit, auras) VALUES (140094, 0, 0, 0, 1, 0, 0, 0, 0, '276104');
INSERT INTO creature_template_addon (entry, path_id, mount, bytes1, bytes2, emote, aiAnimKit, movementAnimKit, meleeAnimKit, auras) VALUES (137579, 0, 0, 0, 1, 0, 0, 0, 0, '277614');
INSERT INTO creature_template_addon (entry, path_id, mount, bytes1, bytes2, emote, aiAnimKit, movementAnimKit, meleeAnimKit, auras) VALUES (144018, 0, 0, 50331648, 1, 0, 0, 0, 0, '');
INSERT INTO creature_template_addon (entry, path_id, mount, bytes1, bytes2, emote, aiAnimKit, movementAnimKit, meleeAnimKit, auras) VALUES (131311, 0, 0, 0, 1, 0, 0, 0, 0, '276104 277614 274794 273393 257025 41577 249986 252273 263998 281068');
INSERT INTO creature_template_addon (entry, path_id, mount, bytes1, bytes2, emote, aiAnimKit, movementAnimKit, meleeAnimKit, auras) VALUES (132868, 0, 0, 0, 1, 0, 0, 0, 0, '276102 277614 274794 273393 257025 41577 249986 252273 263998 281068');
INSERT INTO creature_template_addon (entry, path_id, mount, bytes1, bytes2, emote, aiAnimKit, movementAnimKit, meleeAnimKit, auras) VALUES (140095, 0, 0, 0, 1, 0, 0, 0, 0, '276102');
INSERT INTO creature_template_addon (entry, path_id, mount, bytes1, bytes2, emote, aiAnimKit, movementAnimKit, meleeAnimKit, auras) VALUES (137590, 0, 0, 50331648, 1, 0, 0, 0, 0, '');
INSERT INTO creature_template_addon (entry, path_id, mount, bytes1, bytes2, emote, aiAnimKit, movementAnimKit, meleeAnimKit, auras) VALUES (126422, 0, 0, 0, 1, 0, 0, 0, 0, '276102');
INSERT INTO creature_template_addon (entry, path_id, mount, bytes1, bytes2, emote, aiAnimKit, movementAnimKit, meleeAnimKit, auras) VALUES (136598, 0, 0, 0, 1, 0, 0, 0, 0, '274794 273393 278811');
INSERT INTO creature_template_addon (entry, path_id, mount, bytes1, bytes2, emote, aiAnimKit, movementAnimKit, meleeAnimKit, auras) VALUES (139225, 0, 0, 0, 1, 0, 0, 0, 0, '276104 278173 278813 273393');
INSERT INTO creature_template_addon (entry, path_id, mount, bytes1, bytes2, emote, aiAnimKit, movementAnimKit, meleeAnimKit, auras) VALUES (139203, 0, 0, 0, 1, 0, 0, 0, 0, '276102 278813 273393');
INSERT INTO creature_template_addon (entry, path_id, mount, bytes1, bytes2, emote, aiAnimKit, movementAnimKit, meleeAnimKit, auras) VALUES (139208, 0, 0, 0, 1, 0, 0, 0, 0, '276104');
INSERT INTO creature_template_addon (entry, path_id, mount, bytes1, bytes2, emote, aiAnimKit, movementAnimKit, meleeAnimKit, auras) VALUES (139652, 0, 0, 0, 1, 0, 0, 0, 0, '276102 277614');
INSERT INTO creature_template_addon (entry, path_id, mount, bytes1, bytes2, emote, aiAnimKit, movementAnimKit, meleeAnimKit, auras) VALUES (126424, 0, 0, 0, 1, 0, 0, 0, 0, '276102');
INSERT INTO creature_template_addon (entry, path_id, mount, bytes1, bytes2, emote, aiAnimKit, movementAnimKit, meleeAnimKit, auras) VALUES (139197, 0, 0, 0, 1, 0, 0, 0, 0, '276102 278813 273393');
INSERT INTO creature_template_addon (entry, path_id, mount, bytes1, bytes2, emote, aiAnimKit, movementAnimKit, meleeAnimKit, auras) VALUES (142336, 0, 0, 0, 1, 0, 0, 0, 0, '');
INSERT INTO creature_template_addon (entry, path_id, mount, bytes1, bytes2, emote, aiAnimKit, movementAnimKit, meleeAnimKit, auras) VALUES (126423, 0, 0, 0, 1, 0, 0, 0, 0, '276102');
INSERT INTO creature_template_addon (entry, path_id, mount, bytes1, bytes2, emote, aiAnimKit, movementAnimKit, meleeAnimKit, auras) VALUES (139200, 0, 0, 0, 1, 0, 0, 0, 0, '276102 278813 273393');
INSERT INTO creature_template_addon (entry, path_id, mount, bytes1, bytes2, emote, aiAnimKit, movementAnimKit, meleeAnimKit, auras) VALUES (139202, 0, 0, 0, 1, 0, 0, 0, 0, '276102 278813 273393');
INSERT INTO creature_template_addon (entry, path_id, mount, bytes1, bytes2, emote, aiAnimKit, movementAnimKit, meleeAnimKit, auras) VALUES (139218, 0, 0, 0, 1, 0, 0, 0, 0, '276105');
INSERT INTO creature_template_addon (entry, path_id, mount, bytes1, bytes2, emote, aiAnimKit, movementAnimKit, meleeAnimKit, auras) VALUES (140989, 0, 0, 0, 1, 0, 0, 0, 0, '');
INSERT INTO creature_template_addon (entry, path_id, mount, bytes1, bytes2, emote, aiAnimKit, movementAnimKit, meleeAnimKit, auras) VALUES (142324, 0, 0, 0, 1, 0, 0, 0, 0, '234566');
INSERT INTO creature_template_addon (entry, path_id, mount, bytes1, bytes2, emote, aiAnimKit, movementAnimKit, meleeAnimKit, auras) VALUES (139400, 0, 0, 0, 1, 0, 0, 0, 0, '257025 277614 41577 249986 252273 263998 281068 252235');
INSERT INTO creature_template_addon (entry, path_id, mount, bytes1, bytes2, emote, aiAnimKit, movementAnimKit, meleeAnimKit, auras) VALUES (139411, 0, 0, 0, 1, 0, 0, 0, 0, '257025 277614 41577 249986 252273 263998 281068 252235');
INSERT INTO creature_template_addon (entry, path_id, mount, bytes1, bytes2, emote, aiAnimKit, movementAnimKit, meleeAnimKit, auras) VALUES (139399, 0, 0, 0, 1, 0, 0, 0, 0, '257025 277614 41577 249986 252273 263998 281068 252235');
INSERT INTO creature_template_addon (entry, path_id, mount, bytes1, bytes2, emote, aiAnimKit, movementAnimKit, meleeAnimKit, auras) VALUES (132925, 0, 0, 0, 1, 0, 0, 0, 0, '257025');
INSERT INTO creature_template_addon (entry, path_id, mount, bytes1, bytes2, emote, aiAnimKit, movementAnimKit, meleeAnimKit, auras) VALUES (139395, 0, 0, 0, 1, 0, 0, 0, 0, '257025 277614 41577 249986 252273 263998 281068 252235');
INSERT INTO creature_template_addon (entry, path_id, mount, bytes1, bytes2, emote, aiAnimKit, movementAnimKit, meleeAnimKit, auras) VALUES (139418, 0, 0, 0, 1, 0, 0, 0, 0, '257025 277614 41577 249986 252273 263998 281068');
INSERT INTO creature_template_addon (entry, path_id, mount, bytes1, bytes2, emote, aiAnimKit, movementAnimKit, meleeAnimKit, auras) VALUES (139396, 0, 0, 0, 1, 0, 0, 0, 0, '257025 277614 41577 249986 252273 263998 281068 252235');
INSERT INTO creature_template_addon (entry, path_id, mount, bytes1, bytes2, emote, aiAnimKit, movementAnimKit, meleeAnimKit, auras) VALUES (139394, 0, 0, 0, 1, 0, 0, 0, 0, '257025 277614 41577 249986 252273 263998 281068 252235');
INSERT INTO creature_template_addon (entry, path_id, mount, bytes1, bytes2, emote, aiAnimKit, movementAnimKit, meleeAnimKit, auras) VALUES (139416, 0, 0, 0, 1, 0, 0, 0, 0, '257025 277614 41577 249986 252273 263998 281068 252235');
INSERT INTO creature_template_addon (entry, path_id, mount, bytes1, bytes2, emote, aiAnimKit, movementAnimKit, meleeAnimKit, auras) VALUES (139415, 0, 0, 0, 1, 0, 0, 0, 0, '257025 277614 41577 249986 252273 263998 281068 252235');
INSERT INTO creature_template_addon (entry, path_id, mount, bytes1, bytes2, emote, aiAnimKit, movementAnimKit, meleeAnimKit, auras) VALUES (139224, 0, 0, 0, 1, 0, 0, 0, 0, '');
INSERT INTO creature_template_addon (entry, path_id, mount, bytes1, bytes2, emote, aiAnimKit, movementAnimKit, meleeAnimKit, auras) VALUES (140990, 0, 0, 0, 1, 0, 0, 0, 0, '');
INSERT INTO creature_template_addon (entry, path_id, mount, bytes1, bytes2, emote, aiAnimKit, movementAnimKit, meleeAnimKit, auras) VALUES (140992, 0, 0, 0, 1, 0, 0, 0, 0, '');

UPDATE `creature_template` SET `unit_flags` = 33600, `unit_flags2` = 67143680, `unit_flags3` = 0, `BaseAttackTime` = 2000, `RangeAttackTime` = 0 WHERE `entry` = 143762;
UPDATE `creature_template` SET `unit_flags` = 32768, `unit_flags2` = 2048, `unit_flags3` = 1, `BaseAttackTime` = 2000, `RangeAttackTime` = 0 WHERE `entry` = 136594;
UPDATE `creature_template` SET `unit_flags` = 33024, `unit_flags2` = 2048, `unit_flags3` = 1, `BaseAttackTime` = 2000, `RangeAttackTime` = 0 WHERE `entry` = 141874;
UPDATE `creature_template` SET `unit_flags` = 33024, `unit_flags2` = 2048, `unit_flags3` = 1, `BaseAttackTime` = 2000, `RangeAttackTime` = 0 WHERE `entry` = 141875;
UPDATE `creature_template` SET `unit_flags` = 33024, `unit_flags2` = 2048, `unit_flags3` = 1, `BaseAttackTime` = 2000, `RangeAttackTime` = 0 WHERE `entry` = 141881;
UPDATE `creature_template` SET `unit_flags` = 33024, `unit_flags2` = 2048, `unit_flags3` = 1, `BaseAttackTime` = 2000, `RangeAttackTime` = 0 WHERE `entry` = 141880;
UPDATE `creature_template` SET `unit_flags` = 33024, `unit_flags2` = 2048, `unit_flags3` = 1, `BaseAttackTime` = 2000, `RangeAttackTime` = 0 WHERE `entry` = 141899;
UPDATE `creature_template` SET `unit_flags` = 0, `unit_flags2` = 2048, `unit_flags3` = 32, `BaseAttackTime` = 2000, `RangeAttackTime` = 0 WHERE `entry` = 137946;
UPDATE `creature_template` SET `unit_flags` = 0, `unit_flags2` = 16777216, `unit_flags3` = 32, `BaseAttackTime` = 2000, `RangeAttackTime` = 0 WHERE `entry` = 134786;
UPDATE `creature_template` SET `unit_flags` = 32768, `unit_flags2` = 0, `unit_flags3` = 32, `BaseAttackTime` = 2000, `RangeAttackTime` = 0 WHERE `entry` = 140630;
UPDATE `creature_template` SET `unit_flags` = 32768, `unit_flags2` = 0, `unit_flags3` = 32, `BaseAttackTime` = 2000, `RangeAttackTime` = 0 WHERE `entry` = 140609;
UPDATE `creature_template` SET `unit_flags` = 0, `unit_flags2` = 2048, `unit_flags3` = 32, `BaseAttackTime` = 2000, `RangeAttackTime` = 0 WHERE `entry` = 136599;
UPDATE `creature_template` SET `unit_flags` = 32768, `unit_flags2` = 0, `unit_flags3` = 32, `BaseAttackTime` = 2000, `RangeAttackTime` = 0 WHERE `entry` = 140619;
UPDATE `creature_template` SET `unit_flags` = 33816576, `unit_flags2` = 1073743872, `unit_flags3` = 1, `BaseAttackTime` = 2000, `RangeAttackTime` = 0 WHERE `entry` = 79556;
UPDATE `creature_template` SET `unit_flags` = 32768, `unit_flags2` = 0, `unit_flags3` = 32, `BaseAttackTime` = 2000, `RangeAttackTime` = 0 WHERE `entry` = 140632;
UPDATE `creature_template` SET `unit_flags` = 294912, `unit_flags2` = 0, `unit_flags3` = 33, `BaseAttackTime` = 2000, `RangeAttackTime` = 0 WHERE `entry` = 132923;
UPDATE `creature_template` SET `unit_flags` = 294976, `unit_flags2` = 0, `unit_flags3` = 33, `BaseAttackTime` = 2000, `RangeAttackTime` = 0 WHERE `entry` = 139681;
UPDATE `creature_template` SET `unit_flags` = 294912, `unit_flags2` = 0, `unit_flags3` = 33, `BaseAttackTime` = 2000, `RangeAttackTime` = 0 WHERE `entry` = 139655;
UPDATE `creature_template` SET `unit_flags` = 0, `unit_flags2` = 16777216, `unit_flags3` = 32, `BaseAttackTime` = 2000, `RangeAttackTime` = 0 WHERE `entry` = 134788;
UPDATE `creature_template` SET `unit_flags` = 64, `unit_flags2` = 16777216, `unit_flags3` = 32, `BaseAttackTime` = 2000, `RangeAttackTime` = 0 WHERE `entry` = 134789;
UPDATE `creature_template` SET `unit_flags` = 0, `unit_flags2` = 2048, `unit_flags3` = 32, `BaseAttackTime` = 2000, `RangeAttackTime` = 0 WHERE `entry` = 137950;
UPDATE `creature_template` SET `unit_flags` = 294912, `unit_flags2` = 0, `unit_flags3` = 32, `BaseAttackTime` = 2000, `RangeAttackTime` = 0 WHERE `entry` = 140631;
UPDATE `creature_template` SET `unit_flags` = 0, `unit_flags2` = 2048, `unit_flags3` = 32, `BaseAttackTime` = 2000, `RangeAttackTime` = 0 WHERE `entry` = 137958;
UPDATE `creature_template` SET `unit_flags` = 32832, `unit_flags2` = 0, `unit_flags3` = 32, `BaseAttackTime` = 2000, `RangeAttackTime` = 0 WHERE `entry` = 140077;
UPDATE `creature_template` SET `unit_flags` = 33554432, `unit_flags2` = 1073743872, `unit_flags3` = 1, `BaseAttackTime` = 2000, `RangeAttackTime` = 0 WHERE `entry` = 135182;
UPDATE `creature_template` SET `unit_flags` = 32832, `unit_flags2` = 0, `unit_flags3` = 32, `BaseAttackTime` = 2000, `RangeAttackTime` = 0 WHERE `entry` = 140076;
UPDATE `creature_template` SET `unit_flags` = 32768, `unit_flags2` = 0, `unit_flags3` = 32, `BaseAttackTime` = 2000, `RangeAttackTime` = 0 WHERE `entry` = 140078;
UPDATE `creature_template` SET `unit_flags` = 32768, `unit_flags2` = 0, `unit_flags3` = 32, `BaseAttackTime` = 2000, `RangeAttackTime` = 0 WHERE `entry` = 140847;
UPDATE `creature_template` SET `unit_flags` = 32832, `unit_flags2` = 0, `unit_flags3` = 32, `BaseAttackTime` = 2000, `RangeAttackTime` = 0 WHERE `entry` = 140849;
UPDATE `creature_template` SET `unit_flags` = 32768, `unit_flags2` = 0, `unit_flags3` = 32, `BaseAttackTime` = 2000, `RangeAttackTime` = 0 WHERE `entry` = 140850;
UPDATE `creature_template` SET `unit_flags` = 32768, `unit_flags2` = 0, `unit_flags3` = 32, `BaseAttackTime` = 2000, `RangeAttackTime` = 0 WHERE `entry` = 132864;
UPDATE `creature_template` SET `unit_flags` = 32768, `unit_flags2` = 0, `unit_flags3` = 32, `BaseAttackTime` = 2000, `RangeAttackTime` = 0 WHERE `entry` = 135964;
UPDATE `creature_template` SET `unit_flags` = 32832, `unit_flags2` = 0, `unit_flags3` = 32, `BaseAttackTime` = 2000, `RangeAttackTime` = 0 WHERE `entry` = 135961;
UPDATE `creature_template` SET `unit_flags` = 294912, `unit_flags2` = 4, `unit_flags3` = 33, `BaseAttackTime` = 2000, `RangeAttackTime` = 0 WHERE `entry` = 135963;
UPDATE `creature_template` SET `unit_flags` = 0, `unit_flags2` = 2048, `unit_flags3` = 32, `BaseAttackTime` = 2000, `RangeAttackTime` = 0 WHERE `entry` = 137951;
UPDATE `creature_template` SET `unit_flags` = 0, `unit_flags2` = 2048, `unit_flags3` = 32, `BaseAttackTime` = 2000, `RangeAttackTime` = 0 WHERE `entry` = 137947;
UPDATE `creature_template` SET `unit_flags` = 33555200, `unit_flags2` = 2048, `unit_flags3` = 32, `BaseAttackTime` = 2000, `RangeAttackTime` = 0 WHERE `entry` = 132912;
UPDATE `creature_template` SET `unit_flags` = 32832, `unit_flags2` = 0, `unit_flags3` = 32, `BaseAttackTime` = 2000, `RangeAttackTime` = 0 WHERE `entry` = 135962;
UPDATE `creature_template` SET `unit_flags` = 0, `unit_flags2` = 2048, `unit_flags3` = 32, `BaseAttackTime` = 2000, `RangeAttackTime` = 0 WHERE `entry` = 137955;
UPDATE `creature_template` SET `unit_flags` = 0, `unit_flags2` = 0, `unit_flags3` = 32, `BaseAttackTime` = 2000, `RangeAttackTime` = 0 WHERE `entry` = 136536;
UPDATE `creature_template` SET `unit_flags` = 33555200, `unit_flags2` = 34816, `unit_flags3` = 1, `BaseAttackTime` = 2000, `RangeAttackTime` = 0 WHERE `entry` = 143826;
UPDATE `creature_template` SET `unit_flags` = 32832, `unit_flags2` = 0, `unit_flags3` = 32, `BaseAttackTime` = 2000, `RangeAttackTime` = 0 WHERE `entry` = 140094;
UPDATE `creature_template` SET `unit_flags` = 294976, `unit_flags2` = 4194304, `unit_flags3` = 32, `BaseAttackTime` = 2000, `RangeAttackTime` = 0 WHERE `entry` = 137579;
UPDATE `creature_template` SET `unit_flags` = 33555200, `unit_flags2` = 4229120, `unit_flags3` = 1, `BaseAttackTime` = 2000, `RangeAttackTime` = 0 WHERE `entry` = 144018;
UPDATE `creature_template` SET `unit_flags` = 32768, `unit_flags2` = 0, `unit_flags3` = 32, `BaseAttackTime` = 2000, `RangeAttackTime` = 0 WHERE `entry` = 131311;
UPDATE `creature_template` SET `unit_flags` = 32768, `unit_flags2` = 0, `unit_flags3` = 32, `BaseAttackTime` = 2000, `RangeAttackTime` = 0 WHERE `entry` = 132868;
UPDATE `creature_template` SET `unit_flags` = 32832, `unit_flags2` = 0, `unit_flags3` = 32, `BaseAttackTime` = 2000, `RangeAttackTime` = 0 WHERE `entry` = 140095;
UPDATE `creature_template` SET `unit_flags` = 33554432, `unit_flags2` = 2048, `unit_flags3` = 1, `BaseAttackTime` = 2000, `RangeAttackTime` = 0 WHERE `entry` = 137590;
UPDATE `creature_template` SET `unit_flags` = 262144, `unit_flags2` = 16777220, `unit_flags3` = 33, `BaseAttackTime` = 2000, `RangeAttackTime` = 0 WHERE `entry` = 126422;
UPDATE `creature_template` SET `unit_flags` = 262144, `unit_flags2` = 2052, `unit_flags3` = 33, `BaseAttackTime` = 2000, `RangeAttackTime` = 0 WHERE `entry` = 136598;
UPDATE `creature_template` SET `unit_flags` = 294976, `unit_flags2` = 4, `unit_flags3` = 33, `BaseAttackTime` = 2000, `RangeAttackTime` = 0 WHERE `entry` = 139225;
UPDATE `creature_template` SET `unit_flags` = 294976, `unit_flags2` = 0, `unit_flags3` = 32, `BaseAttackTime` = 2000, `RangeAttackTime` = 0 WHERE `entry` = 139203;
UPDATE `creature_template` SET `unit_flags` = 294976, `unit_flags2` = 0, `unit_flags3` = 32, `BaseAttackTime` = 2000, `RangeAttackTime` = 0 WHERE `entry` = 139208;
UPDATE `creature_template` SET `unit_flags` = 294912, `unit_flags2` = 0, `unit_flags3` = 32, `BaseAttackTime` = 2000, `RangeAttackTime` = 0 WHERE `entry` = 139652;
UPDATE `creature_template` SET `unit_flags` = 262144, `unit_flags2` = 0, `unit_flags3` = 32, `BaseAttackTime` = 2000, `RangeAttackTime` = 0 WHERE `entry` = 126424;
UPDATE `creature_template` SET `unit_flags` = 294912, `unit_flags2` = 4, `unit_flags3` = 33, `BaseAttackTime` = 2000, `RangeAttackTime` = 0 WHERE `entry` = 139197;
UPDATE `creature_template` SET `unit_flags` = 294912, `unit_flags2` = 0, `unit_flags3` = 32, `BaseAttackTime` = 2000, `RangeAttackTime` = 0 WHERE `entry` = 142336;
UPDATE `creature_template` SET `unit_flags` = 262144, `unit_flags2` = 16777220, `unit_flags3` = 33, `BaseAttackTime` = 2000, `RangeAttackTime` = 0 WHERE `entry` = 126423;
UPDATE `creature_template` SET `unit_flags` = 294912, `unit_flags2` = 4, `unit_flags3` = 33, `BaseAttackTime` = 2000, `RangeAttackTime` = 0 WHERE `entry` = 139200;
UPDATE `creature_template` SET `unit_flags` = 294976, `unit_flags2` = 0, `unit_flags3` = 32, `BaseAttackTime` = 2000, `RangeAttackTime` = 0 WHERE `entry` = 139202;
UPDATE `creature_template` SET `unit_flags` = 294976, `unit_flags2` = 2097152, `unit_flags3` = 32, `BaseAttackTime` = 2000, `RangeAttackTime` = 0 WHERE `entry` = 139218;
UPDATE `creature_template` SET `unit_flags` = 32768, `unit_flags2` = 0, `unit_flags3` = 32, `BaseAttackTime` = 2000, `RangeAttackTime` = 0 WHERE `entry` = 140989;
UPDATE `creature_template` SET `unit_flags` = 32768, `unit_flags2` = 0, `unit_flags3` = 32, `BaseAttackTime` = 2000, `RangeAttackTime` = 0 WHERE `entry` = 142324;
UPDATE `creature_template` SET `unit_flags` = 294912, `unit_flags2` = 0, `unit_flags3` = 32, `BaseAttackTime` = 2000, `RangeAttackTime` = 0 WHERE `entry` = 139400;
UPDATE `creature_template` SET `unit_flags` = 294976, `unit_flags2` = 0, `unit_flags3` = 32, `BaseAttackTime` = 2000, `RangeAttackTime` = 0 WHERE `entry` = 139411;
UPDATE `creature_template` SET `unit_flags` = 294912, `unit_flags2` = 0, `unit_flags3` = 32, `BaseAttackTime` = 2000, `RangeAttackTime` = 0 WHERE `entry` = 139399;
UPDATE `creature_template` SET `unit_flags` = 33555200, `unit_flags2` = 2048, `unit_flags3` = 0, `BaseAttackTime` = 2000, `RangeAttackTime` = 0 WHERE `entry` = 132925;
UPDATE `creature_template` SET `unit_flags` = 294912, `unit_flags2` = 0, `unit_flags3` = 32, `BaseAttackTime` = 2000, `RangeAttackTime` = 0 WHERE `entry` = 139395;
UPDATE `creature_template` SET `unit_flags` = 294976, `unit_flags2` = 2097152, `unit_flags3` = 32, `BaseAttackTime` = 2000, `RangeAttackTime` = 0 WHERE `entry` = 139418;
UPDATE `creature_template` SET `unit_flags` = 294912, `unit_flags2` = 0, `unit_flags3` = 32, `BaseAttackTime` = 2000, `RangeAttackTime` = 0 WHERE `entry` = 139396;
UPDATE `creature_template` SET `unit_flags` = 294976, `unit_flags2` = 0, `unit_flags3` = 32, `BaseAttackTime` = 2000, `RangeAttackTime` = 0 WHERE `entry` = 139394;
UPDATE `creature_template` SET `unit_flags` = 294976, `unit_flags2` = 0, `unit_flags3` = 32, `BaseAttackTime` = 2000, `RangeAttackTime` = 0 WHERE `entry` = 139416;
UPDATE `creature_template` SET `unit_flags` = 294976, `unit_flags2` = 0, `unit_flags3` = 32, `BaseAttackTime` = 2000, `RangeAttackTime` = 0 WHERE `entry` = 139415;
UPDATE `creature_template` SET `unit_flags` = 32832, `unit_flags2` = 0, `unit_flags3` = 32, `BaseAttackTime` = 2000, `RangeAttackTime` = 0 WHERE `entry` = 139224;
UPDATE `creature_template` SET `unit_flags` = 32832, `unit_flags2` = 0, `unit_flags3` = 32, `BaseAttackTime` = 2000, `RangeAttackTime` = 0 WHERE `entry` = 140990;
UPDATE `creature_template` SET `unit_flags` = 32832, `unit_flags2` = 0, `unit_flags3` = 32, `BaseAttackTime` = 2000, `RangeAttackTime` = 0 WHERE `entry` = 140992;


INSERT IGNORE INTO `creature_equip_template` (`CreatureID`, `ID`, `ItemID1`, `AppearanceModID1`, `ItemVisual1`, `ItemID2`, `AppearanceModID2`, `ItemVisual2`, `ItemID3`, `AppearanceModID3`, `ItemVisual3`) VALUES (139655, 1, 59558, 0, 0, 0, 0, 0, 0, 0, 0);
INSERT IGNORE INTO `creature_equip_template` (`CreatureID`, `ID`, `ItemID1`, `AppearanceModID1`, `ItemVisual1`, `ItemID2`, `AppearanceModID2`, `ItemVisual2`, `ItemID3`, `AppearanceModID3`, `ItemVisual3`) VALUES (139400, 1, 89126, 0, 0, 0, 0, 0, 0, 0, 0);
INSERT IGNORE INTO `creature_equip_template` (`CreatureID`, `ID`, `ItemID1`, `AppearanceModID1`, `ItemVisual1`, `ItemID2`, `AppearanceModID2`, `ItemVisual2`, `ItemID3`, `AppearanceModID3`, `ItemVisual3`) VALUES (139411, 1, 77075, 0, 0, 0, 0, 0, 0, 0, 0);
INSERT IGNORE INTO `creature_equip_template` (`CreatureID`, `ID`, `ItemID1`, `AppearanceModID1`, `ItemVisual1`, `ItemID2`, `AppearanceModID2`, `ItemVisual2`, `ItemID3`, `AppearanceModID3`, `ItemVisual3`) VALUES (139399, 1, 84695, 0, 0, 0, 0, 0, 0, 0, 0);
INSERT IGNORE INTO `creature_equip_template` (`CreatureID`, `ID`, `ItemID1`, `AppearanceModID1`, `ItemVisual1`, `ItemID2`, `AppearanceModID2`, `ItemVisual2`, `ItemID3`, `AppearanceModID3`, `ItemVisual3`) VALUES (139395, 1, 87844, 0, 0, 0, 0, 0, 0, 0, 0);
INSERT IGNORE INTO `creature_equip_template` (`CreatureID`, `ID`, `ItemID1`, `AppearanceModID1`, `ItemVisual1`, `ItemID2`, `AppearanceModID2`, `ItemVisual2`, `ItemID3`, `AppearanceModID3`, `ItemVisual3`) VALUES (139418, 1, 86088, 0, 0, 0, 0, 0, 0, 0, 0);
INSERT IGNORE INTO `creature_equip_template` (`CreatureID`, `ID`, `ItemID1`, `AppearanceModID1`, `ItemVisual1`, `ItemID2`, `AppearanceModID2`, `ItemVisual2`, `ItemID3`, `AppearanceModID3`, `ItemVisual3`) VALUES (139396, 1, 75252, 0, 0, 77402, 0, 0, 0, 0, 0);
INSERT IGNORE INTO `creature_equip_template` (`CreatureID`, `ID`, `ItemID1`, `AppearanceModID1`, `ItemVisual1`, `ItemID2`, `AppearanceModID2`, `ItemVisual2`, `ItemID3`, `AppearanceModID3`, `ItemVisual3`) VALUES (139394, 1, 89126, 0, 0, 0, 0, 0, 0, 0, 0);
INSERT IGNORE INTO `creature_equip_template` (`CreatureID`, `ID`, `ItemID1`, `AppearanceModID1`, `ItemVisual1`, `ItemID2`, `AppearanceModID2`, `ItemVisual2`, `ItemID3`, `AppearanceModID3`, `ItemVisual3`) VALUES (139416, 1, 75252, 0, 0, 77402, 0, 0, 0, 0, 0);
INSERT IGNORE INTO `creature_equip_template` (`CreatureID`, `ID`, `ItemID1`, `AppearanceModID1`, `ItemVisual1`, `ItemID2`, `AppearanceModID2`, `ItemVisual2`, `ItemID3`, `AppearanceModID3`, `ItemVisual3`) VALUES (139415, 1, 75252, 0, 0, 77402, 0, 0, 0, 0, 0);

INSERT IGNORE INTO `creature_template_scaling` (`Entry`, `LevelScalingMin`, `LevelScalingMax`, `LevelScalingDeltaMin`, `LevelScalingDeltaMax`) VALUES (143762, 110, 120, 0, 0);
INSERT IGNORE INTO `creature_template_scaling` (`Entry`, `LevelScalingMin`, `LevelScalingMax`, `LevelScalingDeltaMin`, `LevelScalingDeltaMax`) VALUES (136594, 110, 120, 0, 2);
INSERT IGNORE INTO `creature_template_scaling` (`Entry`, `LevelScalingMin`, `LevelScalingMax`, `LevelScalingDeltaMin`, `LevelScalingDeltaMax`) VALUES (141874, 110, 120, 0, 0);
INSERT IGNORE INTO `creature_template_scaling` (`Entry`, `LevelScalingMin`, `LevelScalingMax`, `LevelScalingDeltaMin`, `LevelScalingDeltaMax`) VALUES (141875, 110, 120, 0, 0);
INSERT IGNORE INTO `creature_template_scaling` (`Entry`, `LevelScalingMin`, `LevelScalingMax`, `LevelScalingDeltaMin`, `LevelScalingDeltaMax`) VALUES (141881, 110, 120, 0, 0);
INSERT IGNORE INTO `creature_template_scaling` (`Entry`, `LevelScalingMin`, `LevelScalingMax`, `LevelScalingDeltaMin`, `LevelScalingDeltaMax`) VALUES (141880, 110, 120, 0, 0);
INSERT IGNORE INTO `creature_template_scaling` (`Entry`, `LevelScalingMin`, `LevelScalingMax`, `LevelScalingDeltaMin`, `LevelScalingDeltaMax`) VALUES (141899, 110, 120, 0, 0);
INSERT IGNORE INTO `creature_template_scaling` (`Entry`, `LevelScalingMin`, `LevelScalingMax`, `LevelScalingDeltaMin`, `LevelScalingDeltaMax`) VALUES (134786, 110, 120, 0, 0);
INSERT IGNORE INTO `creature_template_scaling` (`Entry`, `LevelScalingMin`, `LevelScalingMax`, `LevelScalingDeltaMin`, `LevelScalingDeltaMax`) VALUES (140630, 110, 120, 0, 0);
INSERT IGNORE INTO `creature_template_scaling` (`Entry`, `LevelScalingMin`, `LevelScalingMax`, `LevelScalingDeltaMin`, `LevelScalingDeltaMax`) VALUES (140609, 110, 120, 0, 0);
INSERT IGNORE INTO `creature_template_scaling` (`Entry`, `LevelScalingMin`, `LevelScalingMax`, `LevelScalingDeltaMin`, `LevelScalingDeltaMax`) VALUES (140619, 110, 120, 0, 0);
INSERT IGNORE INTO `creature_template_scaling` (`Entry`, `LevelScalingMin`, `LevelScalingMax`, `LevelScalingDeltaMin`, `LevelScalingDeltaMax`) VALUES (140632, 110, 120, 0, 0);
INSERT IGNORE INTO `creature_template_scaling` (`Entry`, `LevelScalingMin`, `LevelScalingMax`, `LevelScalingDeltaMin`, `LevelScalingDeltaMax`) VALUES (132923, 110, 120, 0, 0);
INSERT IGNORE INTO `creature_template_scaling` (`Entry`, `LevelScalingMin`, `LevelScalingMax`, `LevelScalingDeltaMin`, `LevelScalingDeltaMax`) VALUES (139681, 110, 120, 0, 0);
INSERT IGNORE INTO `creature_template_scaling` (`Entry`, `LevelScalingMin`, `LevelScalingMax`, `LevelScalingDeltaMin`, `LevelScalingDeltaMax`) VALUES (139655, 110, 120, 0, 0);
INSERT IGNORE INTO `creature_template_scaling` (`Entry`, `LevelScalingMin`, `LevelScalingMax`, `LevelScalingDeltaMin`, `LevelScalingDeltaMax`) VALUES (134788, 110, 120, 0, 0);
INSERT IGNORE INTO `creature_template_scaling` (`Entry`, `LevelScalingMin`, `LevelScalingMax`, `LevelScalingDeltaMin`, `LevelScalingDeltaMax`) VALUES (134789, 110, 120, 0, 1);
INSERT IGNORE INTO `creature_template_scaling` (`Entry`, `LevelScalingMin`, `LevelScalingMax`, `LevelScalingDeltaMin`, `LevelScalingDeltaMax`) VALUES (140631, 110, 120, 0, 0);
INSERT IGNORE INTO `creature_template_scaling` (`Entry`, `LevelScalingMin`, `LevelScalingMax`, `LevelScalingDeltaMin`, `LevelScalingDeltaMax`) VALUES (140077, 110, 120, 0, 0);
INSERT IGNORE INTO `creature_template_scaling` (`Entry`, `LevelScalingMin`, `LevelScalingMax`, `LevelScalingDeltaMin`, `LevelScalingDeltaMax`) VALUES (140076, 110, 120, 0, 1);
INSERT IGNORE INTO `creature_template_scaling` (`Entry`, `LevelScalingMin`, `LevelScalingMax`, `LevelScalingDeltaMin`, `LevelScalingDeltaMax`) VALUES (140078, 110, 120, 0, 0);
INSERT IGNORE INTO `creature_template_scaling` (`Entry`, `LevelScalingMin`, `LevelScalingMax`, `LevelScalingDeltaMin`, `LevelScalingDeltaMax`) VALUES (140847, 110, 120, 0, 0);
INSERT IGNORE INTO `creature_template_scaling` (`Entry`, `LevelScalingMin`, `LevelScalingMax`, `LevelScalingDeltaMin`, `LevelScalingDeltaMax`) VALUES (140849, 110, 120, 0, 0);
INSERT IGNORE INTO `creature_template_scaling` (`Entry`, `LevelScalingMin`, `LevelScalingMax`, `LevelScalingDeltaMin`, `LevelScalingDeltaMax`) VALUES (140850, 110, 120, 0, 0);
INSERT IGNORE INTO `creature_template_scaling` (`Entry`, `LevelScalingMin`, `LevelScalingMax`, `LevelScalingDeltaMin`, `LevelScalingDeltaMax`) VALUES (132864, 110, 120, 0, 0);
INSERT IGNORE INTO `creature_template_scaling` (`Entry`, `LevelScalingMin`, `LevelScalingMax`, `LevelScalingDeltaMin`, `LevelScalingDeltaMax`) VALUES (135964, 110, 120, 0, 0);
INSERT IGNORE INTO `creature_template_scaling` (`Entry`, `LevelScalingMin`, `LevelScalingMax`, `LevelScalingDeltaMin`, `LevelScalingDeltaMax`) VALUES (135961, 110, 120, 0, 1);
INSERT IGNORE INTO `creature_template_scaling` (`Entry`, `LevelScalingMin`, `LevelScalingMax`, `LevelScalingDeltaMin`, `LevelScalingDeltaMax`) VALUES (135963, 110, 120, 0, 0);
INSERT IGNORE INTO `creature_template_scaling` (`Entry`, `LevelScalingMin`, `LevelScalingMax`, `LevelScalingDeltaMin`, `LevelScalingDeltaMax`) VALUES (135962, 110, 120, 0, 0);
INSERT IGNORE INTO `creature_template_scaling` (`Entry`, `LevelScalingMin`, `LevelScalingMax`, `LevelScalingDeltaMin`, `LevelScalingDeltaMax`) VALUES (140094, 110, 120, 0, 1);
INSERT IGNORE INTO `creature_template_scaling` (`Entry`, `LevelScalingMin`, `LevelScalingMax`, `LevelScalingDeltaMin`, `LevelScalingDeltaMax`) VALUES (137579, 110, 120, 0, 2);
INSERT IGNORE INTO `creature_template_scaling` (`Entry`, `LevelScalingMin`, `LevelScalingMax`, `LevelScalingDeltaMin`, `LevelScalingDeltaMax`) VALUES (131311, 110, 120, 0, 1);
INSERT IGNORE INTO `creature_template_scaling` (`Entry`, `LevelScalingMin`, `LevelScalingMax`, `LevelScalingDeltaMin`, `LevelScalingDeltaMax`) VALUES (132868, 110, 120, 0, 0);
INSERT IGNORE INTO `creature_template_scaling` (`Entry`, `LevelScalingMin`, `LevelScalingMax`, `LevelScalingDeltaMin`, `LevelScalingDeltaMax`) VALUES (140095, 110, 120, 0, 0);
INSERT IGNORE INTO `creature_template_scaling` (`Entry`, `LevelScalingMin`, `LevelScalingMax`, `LevelScalingDeltaMin`, `LevelScalingDeltaMax`) VALUES (126422, 110, 120, 0, 0);
INSERT IGNORE INTO `creature_template_scaling` (`Entry`, `LevelScalingMin`, `LevelScalingMax`, `LevelScalingDeltaMin`, `LevelScalingDeltaMax`) VALUES (139225, 110, 120, 0, 1);
INSERT IGNORE INTO `creature_template_scaling` (`Entry`, `LevelScalingMin`, `LevelScalingMax`, `LevelScalingDeltaMin`, `LevelScalingDeltaMax`) VALUES (139203, 110, 120, 0, 0);
INSERT IGNORE INTO `creature_template_scaling` (`Entry`, `LevelScalingMin`, `LevelScalingMax`, `LevelScalingDeltaMin`, `LevelScalingDeltaMax`) VALUES (139208, 110, 120, 0, 1);
INSERT IGNORE INTO `creature_template_scaling` (`Entry`, `LevelScalingMin`, `LevelScalingMax`, `LevelScalingDeltaMin`, `LevelScalingDeltaMax`) VALUES (139652, 110, 120, 0, 0);
INSERT IGNORE INTO `creature_template_scaling` (`Entry`, `LevelScalingMin`, `LevelScalingMax`, `LevelScalingDeltaMin`, `LevelScalingDeltaMax`) VALUES (126424, 110, 120, 0, 0);
INSERT IGNORE INTO `creature_template_scaling` (`Entry`, `LevelScalingMin`, `LevelScalingMax`, `LevelScalingDeltaMin`, `LevelScalingDeltaMax`) VALUES (139197, 110, 120, 0, 0);
INSERT IGNORE INTO `creature_template_scaling` (`Entry`, `LevelScalingMin`, `LevelScalingMax`, `LevelScalingDeltaMin`, `LevelScalingDeltaMax`) VALUES (142336, 110, 120, 0, 0);
INSERT IGNORE INTO `creature_template_scaling` (`Entry`, `LevelScalingMin`, `LevelScalingMax`, `LevelScalingDeltaMin`, `LevelScalingDeltaMax`) VALUES (126423, 110, 120, 0, 0);
INSERT IGNORE INTO `creature_template_scaling` (`Entry`, `LevelScalingMin`, `LevelScalingMax`, `LevelScalingDeltaMin`, `LevelScalingDeltaMax`) VALUES (139200, 110, 120, 0, 0);
INSERT IGNORE INTO `creature_template_scaling` (`Entry`, `LevelScalingMin`, `LevelScalingMax`, `LevelScalingDeltaMin`, `LevelScalingDeltaMax`) VALUES (139202, 110, 120, 0, 0);
INSERT IGNORE INTO `creature_template_scaling` (`Entry`, `LevelScalingMin`, `LevelScalingMax`, `LevelScalingDeltaMin`, `LevelScalingDeltaMax`) VALUES (139218, 110, 120, 0, 2);
INSERT IGNORE INTO `creature_template_scaling` (`Entry`, `LevelScalingMin`, `LevelScalingMax`, `LevelScalingDeltaMin`, `LevelScalingDeltaMax`) VALUES (140989, 110, 120, 0, 0);
INSERT IGNORE INTO `creature_template_scaling` (`Entry`, `LevelScalingMin`, `LevelScalingMax`, `LevelScalingDeltaMin`, `LevelScalingDeltaMax`) VALUES (142324, 110, 120, 0, 0);
INSERT IGNORE INTO `creature_template_scaling` (`Entry`, `LevelScalingMin`, `LevelScalingMax`, `LevelScalingDeltaMin`, `LevelScalingDeltaMax`) VALUES (139400, 110, 120, 0, 0);
INSERT IGNORE INTO `creature_template_scaling` (`Entry`, `LevelScalingMin`, `LevelScalingMax`, `LevelScalingDeltaMin`, `LevelScalingDeltaMax`) VALUES (139411, 110, 120, 0, 0);
INSERT IGNORE INTO `creature_template_scaling` (`Entry`, `LevelScalingMin`, `LevelScalingMax`, `LevelScalingDeltaMin`, `LevelScalingDeltaMax`) VALUES (139399, 110, 120, 0, 0);
INSERT IGNORE INTO `creature_template_scaling` (`Entry`, `LevelScalingMin`, `LevelScalingMax`, `LevelScalingDeltaMin`, `LevelScalingDeltaMax`) VALUES (139395, 110, 120, 0, 0);
INSERT IGNORE INTO `creature_template_scaling` (`Entry`, `LevelScalingMin`, `LevelScalingMax`, `LevelScalingDeltaMin`, `LevelScalingDeltaMax`) VALUES (139418, 110, 120, 0, 2);
INSERT IGNORE INTO `creature_template_scaling` (`Entry`, `LevelScalingMin`, `LevelScalingMax`, `LevelScalingDeltaMin`, `LevelScalingDeltaMax`) VALUES (139396, 110, 120, 0, 0);
INSERT IGNORE INTO `creature_template_scaling` (`Entry`, `LevelScalingMin`, `LevelScalingMax`, `LevelScalingDeltaMin`, `LevelScalingDeltaMax`) VALUES (139394, 110, 120, 0, 1);
INSERT IGNORE INTO `creature_template_scaling` (`Entry`, `LevelScalingMin`, `LevelScalingMax`, `LevelScalingDeltaMin`, `LevelScalingDeltaMax`) VALUES (139416, 110, 120, 0, 0);
INSERT IGNORE INTO `creature_template_scaling` (`Entry`, `LevelScalingMin`, `LevelScalingMax`, `LevelScalingDeltaMin`, `LevelScalingDeltaMax`) VALUES (139415, 110, 120, 0, 0);
INSERT IGNORE INTO `creature_template_scaling` (`Entry`, `LevelScalingMin`, `LevelScalingMax`, `LevelScalingDeltaMin`, `LevelScalingDeltaMax`) VALUES (139224, 110, 120, 0, 1);
INSERT IGNORE INTO `creature_template_scaling` (`Entry`, `LevelScalingMin`, `LevelScalingMax`, `LevelScalingDeltaMin`, `LevelScalingDeltaMax`) VALUES (140990, 110, 120, 0, 0);
INSERT IGNORE INTO `creature_template_scaling` (`Entry`, `LevelScalingMin`, `LevelScalingMax`, `LevelScalingDeltaMin`, `LevelScalingDeltaMax`) VALUES (140992, 110, 120, 0, 0);

UPDATE `creature_template` SET `minlevel`=117, `maxlevel`=117 WHERE `entry`=78116;
UPDATE `creature_template` SET `minlevel`=110, `maxlevel`=120 WHERE `entry`=143762;
UPDATE `creature_template` SET `minlevel`=110, `maxlevel`=120 WHERE `entry`=136594;
UPDATE `creature_template` SET `minlevel`=110, `maxlevel`=120 WHERE `entry`=141874;
UPDATE `creature_template` SET `minlevel`=110, `maxlevel`=120 WHERE `entry`=141875;
UPDATE `creature_template` SET `minlevel`=110, `maxlevel`=120 WHERE `entry`=141881;
UPDATE `creature_template` SET `minlevel`=110, `maxlevel`=120 WHERE `entry`=141880;
UPDATE `creature_template` SET `minlevel`=110, `maxlevel`=120 WHERE `entry`=141899;
UPDATE `creature_template` SET `minlevel`=1, `maxlevel`=1 WHERE `entry`=137946;
UPDATE `creature_template` SET `minlevel`=110, `maxlevel`=120 WHERE `entry`=134786;
UPDATE `creature_template` SET `minlevel`=110, `maxlevel`=120 WHERE `entry`=140630;
UPDATE `creature_template` SET `minlevel`=110, `maxlevel`=120 WHERE `entry`=140609;
UPDATE `creature_template` SET `minlevel`=1, `maxlevel`=1 WHERE `entry`=136599;
UPDATE `creature_template` SET `minlevel`=110, `maxlevel`=120 WHERE `entry`=140619;
UPDATE `creature_template` SET `minlevel`=120, `maxlevel`=120 WHERE `entry`=79556;
UPDATE `creature_template` SET `minlevel`=110, `maxlevel`=120 WHERE `entry`=140632;
UPDATE `creature_template` SET `minlevel`=110, `maxlevel`=120 WHERE `entry`=132923;
UPDATE `creature_template` SET `minlevel`=110, `maxlevel`=120 WHERE `entry`=139681;
UPDATE `creature_template` SET `minlevel`=110, `maxlevel`=120 WHERE `entry`=139655;
UPDATE `creature_template` SET `minlevel`=110, `maxlevel`=120 WHERE `entry`=134788;
UPDATE `creature_template` SET `minlevel`=110, `maxlevel`=120 WHERE `entry`=134789;
UPDATE `creature_template` SET `minlevel`=1, `maxlevel`=1 WHERE `entry`=137950;
UPDATE `creature_template` SET `minlevel`=110, `maxlevel`=120 WHERE `entry`=140631;
UPDATE `creature_template` SET `minlevel`=1, `maxlevel`=1 WHERE `entry`=137958;
UPDATE `creature_template` SET `minlevel`=110, `maxlevel`=120 WHERE `entry`=140077;
UPDATE `creature_template` SET `minlevel`=120, `maxlevel`=120 WHERE `entry`=135182;
UPDATE `creature_template` SET `minlevel`=118, `maxlevel`=118 WHERE `entry`=51107;
UPDATE `creature_template` SET `minlevel`=110, `maxlevel`=120 WHERE `entry`=140076;
UPDATE `creature_template` SET `minlevel`=110, `maxlevel`=120 WHERE `entry`=140078;
UPDATE `creature_template` SET `minlevel`=110, `maxlevel`=120 WHERE `entry`=140847;
UPDATE `creature_template` SET `minlevel`=110, `maxlevel`=120 WHERE `entry`=140849;
UPDATE `creature_template` SET `minlevel`=110, `maxlevel`=120 WHERE `entry`=140850;
UPDATE `creature_template` SET `minlevel`=110, `maxlevel`=120 WHERE `entry`=132864;
UPDATE `creature_template` SET `minlevel`=110, `maxlevel`=120 WHERE `entry`=135964;
UPDATE `creature_template` SET `minlevel`=110, `maxlevel`=120 WHERE `entry`=135961;
UPDATE `creature_template` SET `minlevel`=110, `maxlevel`=120 WHERE `entry`=135963;
UPDATE `creature_template` SET `minlevel`=1, `maxlevel`=1 WHERE `entry`=137951;
UPDATE `creature_template` SET `minlevel`=1, `maxlevel`=1 WHERE `entry`=137947;
UPDATE `creature_template` SET `minlevel`=120, `maxlevel`=120 WHERE `entry`=132912;
UPDATE `creature_template` SET `minlevel`=110, `maxlevel`=120 WHERE `entry`=135962;
UPDATE `creature_template` SET `minlevel`=1, `maxlevel`=1 WHERE `entry`=137955;
UPDATE `creature_template` SET `minlevel`=120, `maxlevel`=120 WHERE `entry`=136536;
UPDATE `creature_template` SET `minlevel`=120, `maxlevel`=120 WHERE `entry`=143826;
UPDATE `creature_template` SET `minlevel`=110, `maxlevel`=120 WHERE `entry`=140094;
UPDATE `creature_template` SET `minlevel`=110, `maxlevel`=120 WHERE `entry`=137579;
UPDATE `creature_template` SET `minlevel`=1, `maxlevel`=1 WHERE `entry`=144018;
UPDATE `creature_template` SET `minlevel`=110, `maxlevel`=120 WHERE `entry`=131311;
UPDATE `creature_template` SET `minlevel`=110, `maxlevel`=120 WHERE `entry`=132868;
UPDATE `creature_template` SET `minlevel`=110, `maxlevel`=120 WHERE `entry`=140095;
UPDATE `creature_template` SET `minlevel`=1, `maxlevel`=1 WHERE `entry`=137590;
UPDATE `creature_template` SET `minlevel`=110, `maxlevel`=120 WHERE `entry`=126422;
UPDATE `creature_template` SET `minlevel`=1, `maxlevel`=1 WHERE `entry`=136598;
UPDATE `creature_template` SET `minlevel`=110, `maxlevel`=120 WHERE `entry`=139225;
UPDATE `creature_template` SET `minlevel`=110, `maxlevel`=120 WHERE `entry`=139203;
UPDATE `creature_template` SET `minlevel`=110, `maxlevel`=120 WHERE `entry`=139208;
UPDATE `creature_template` SET `minlevel`=110, `maxlevel`=120 WHERE `entry`=139652;
UPDATE `creature_template` SET `minlevel`=110, `maxlevel`=120 WHERE `entry`=126424;
UPDATE `creature_template` SET `minlevel`=110, `maxlevel`=120 WHERE `entry`=139197;
UPDATE `creature_template` SET `minlevel`=110, `maxlevel`=120 WHERE `entry`=142336;
UPDATE `creature_template` SET `minlevel`=110, `maxlevel`=120 WHERE `entry`=126423;
UPDATE `creature_template` SET `minlevel`=110, `maxlevel`=120 WHERE `entry`=139200;
UPDATE `creature_template` SET `minlevel`=110, `maxlevel`=120 WHERE `entry`=139202;
UPDATE `creature_template` SET `minlevel`=110, `maxlevel`=120 WHERE `entry`=139218;
UPDATE `creature_template` SET `minlevel`=110, `maxlevel`=120 WHERE `entry`=140989;
UPDATE `creature_template` SET `minlevel`=110, `maxlevel`=120 WHERE `entry`=142324;
UPDATE `creature_template` SET `minlevel`=110, `maxlevel`=120 WHERE `entry`=139400;
UPDATE `creature_template` SET `minlevel`=110, `maxlevel`=120 WHERE `entry`=139411;
UPDATE `creature_template` SET `minlevel`=110, `maxlevel`=120 WHERE `entry`=139399;
UPDATE `creature_template` SET `minlevel`=120, `maxlevel`=120 WHERE `entry`=132925;
UPDATE `creature_template` SET `minlevel`=110, `maxlevel`=120 WHERE `entry`=139395;
UPDATE `creature_template` SET `minlevel`=110, `maxlevel`=120 WHERE `entry`=139418;
UPDATE `creature_template` SET `minlevel`=110, `maxlevel`=120 WHERE `entry`=139396;
UPDATE `creature_template` SET `minlevel`=110, `maxlevel`=120 WHERE `entry`=139394;
UPDATE `creature_template` SET `minlevel`=110, `maxlevel`=120 WHERE `entry`=139416;
UPDATE `creature_template` SET `minlevel`=110, `maxlevel`=120 WHERE `entry`=139415;
UPDATE `creature_template` SET `minlevel`=110, `maxlevel`=120 WHERE `entry`=139224;
UPDATE `creature_template` SET `minlevel`=110, `maxlevel`=120 WHERE `entry`=140990;
UPDATE `creature_template` SET `minlevel`=110, `maxlevel`=120 WHERE `entry`=140992;
UPDATE `creature_template` SET `faction`=116 WHERE `entry`=78116;
UPDATE `creature_template` SET `faction`=190 WHERE `entry`=143762;
UPDATE `creature_template` SET `faction`=2978 WHERE `entry`=136594;
UPDATE `creature_template` SET `faction`=2978 WHERE `entry`=141874;
UPDATE `creature_template` SET `faction`=2978 WHERE `entry`=141875;
UPDATE `creature_template` SET `faction`=2978 WHERE `entry`=141881;
UPDATE `creature_template` SET `faction`=2978 WHERE `entry`=141880;
UPDATE `creature_template` SET `faction`=2978 WHERE `entry`=141899;
UPDATE `creature_template` SET `faction`=190 WHERE `entry`=137946;
UPDATE `creature_template` SET `faction`=2348 WHERE `entry`=134786;
UPDATE `creature_template` SET `faction`=2136 WHERE `entry`=140630;
UPDATE `creature_template` SET `faction`=16 WHERE `entry`=140609;
UPDATE `creature_template` SET `faction`=1924 WHERE `entry`=136599;
UPDATE `creature_template` SET `faction`=16 WHERE `entry`=140619;
UPDATE `creature_template` SET `faction`=35 WHERE `entry`=79556;
UPDATE `creature_template` SET `faction`=2136 WHERE `entry`=140632;
UPDATE `creature_template` SET `faction`=16 WHERE `entry`=132923;
UPDATE `creature_template` SET `faction`=16 WHERE `entry`=139681;
UPDATE `creature_template` SET `faction`=16 WHERE `entry`=139655;
UPDATE `creature_template` SET `faction`=14 WHERE `entry`=134788;
UPDATE `creature_template` SET `faction`=14 WHERE `entry`=134789;
UPDATE `creature_template` SET `faction`=190 WHERE `entry`=137950;
UPDATE `creature_template` SET `faction`=2136 WHERE `entry`=140631;
UPDATE `creature_template` SET `faction`=190 WHERE `entry`=137958;
UPDATE `creature_template` SET `faction`=16 WHERE `entry`=140077;
UPDATE `creature_template` SET `faction`=16 WHERE `entry`=135182;
UPDATE `creature_template` SET `faction`=5 WHERE `entry`=51107;
UPDATE `creature_template` SET `faction`=16 WHERE `entry`=140076;
UPDATE `creature_template` SET `faction`=16 WHERE `entry`=140078;
UPDATE `creature_template` SET `faction`=16 WHERE `entry`=140847;
UPDATE `creature_template` SET `faction`=16 WHERE `entry`=140849;
UPDATE `creature_template` SET `faction`=16 WHERE `entry`=140850;
UPDATE `creature_template` SET `faction`=1924 WHERE `entry`=132864;
UPDATE `creature_template` SET `faction`=16 WHERE `entry`=135964;
UPDATE `creature_template` SET `faction`=16 WHERE `entry`=135961;
UPDATE `creature_template` SET `faction`=16 WHERE `entry`=135963;
UPDATE `creature_template` SET `faction`=190 WHERE `entry`=137951;
UPDATE `creature_template` SET `faction`=190 WHERE `entry`=137947;
UPDATE `creature_template` SET `faction`=35 WHERE `entry`=132912;
UPDATE `creature_template` SET `faction`=16 WHERE `entry`=135962;
UPDATE `creature_template` SET `faction`=1924 WHERE `entry`=137955;
UPDATE `creature_template` SET `faction`=35 WHERE `entry`=136536;
UPDATE `creature_template` SET `faction`=35 WHERE `entry`=143826;
UPDATE `creature_template` SET `faction`=16 WHERE `entry`=140094;
UPDATE `creature_template` SET `faction`=16 WHERE `entry`=137579;
UPDATE `creature_template` SET `faction`=35 WHERE `entry`=144018;
UPDATE `creature_template` SET `faction`=16 WHERE `entry`=131311;
UPDATE `creature_template` SET `faction`=16 WHERE `entry`=132868;
UPDATE `creature_template` SET `faction`=16 WHERE `entry`=140095;
UPDATE `creature_template` SET `faction`=35 WHERE `entry`=137590;
UPDATE `creature_template` SET `faction`=2348 WHERE `entry`=126422;
UPDATE `creature_template` SET `faction`=1924 WHERE `entry`=136598;
UPDATE `creature_template` SET `faction`=16 WHERE `entry`=139225;
UPDATE `creature_template` SET `faction`=1924 WHERE `entry`=139203;
UPDATE `creature_template` SET `faction`=16 WHERE `entry`=139208;
UPDATE `creature_template` SET `faction`=16 WHERE `entry`=139652;
UPDATE `creature_template` SET `faction`=14 WHERE `entry`=126424;
UPDATE `creature_template` SET `faction`=1924 WHERE `entry`=139197;
UPDATE `creature_template` SET `faction`=2136 WHERE `entry`=142336;
UPDATE `creature_template` SET `faction`=2348 WHERE `entry`=126423;
UPDATE `creature_template` SET `faction`=16 WHERE `entry`=139200;
UPDATE `creature_template` SET `faction`=1924 WHERE `entry`=139202;
UPDATE `creature_template` SET `faction`=16 WHERE `entry`=139218;
UPDATE `creature_template` SET `faction`=16 WHERE `entry`=140989;
UPDATE `creature_template` SET `faction`=2136 WHERE `entry`=142324;
UPDATE `creature_template` SET `faction`=16 WHERE `entry`=139400;
UPDATE `creature_template` SET `faction`=16 WHERE `entry`=139411;
UPDATE `creature_template` SET `faction`=16 WHERE `entry`=139399;
UPDATE `creature_template` SET `faction`=35 WHERE `entry`=132925;
UPDATE `creature_template` SET `faction`=16 WHERE `entry`=139395;
UPDATE `creature_template` SET `faction`=16 WHERE `entry`=139418;
UPDATE `creature_template` SET `faction`=16 WHERE `entry`=139396;
UPDATE `creature_template` SET `faction`=16 WHERE `entry`=139394;
UPDATE `creature_template` SET `faction`=16 WHERE `entry`=139416;
UPDATE `creature_template` SET `faction`=16 WHERE `entry`=139415;
UPDATE `creature_template` SET `faction`=16 WHERE `entry`=139224;
UPDATE `creature_template` SET `faction`=16 WHERE `entry`=140990;
UPDATE `creature_template` SET `faction`=2022 WHERE `entry`=140992;
UPDATE `creature_template` SET `VehicleId`=6270 WHERE `entry`=143826;
UPDATE `creature_template` SET `npcflag`=128 WHERE `entry`=143762;

INSERT IGNORE INTO gameobject_template (entry, type, displayId, name, IconName, castBarCaption, unk1, size, Data0, Data1, Data2, Data3, Data4, Data5, Data6, Data7, Data8, Data9, Data10, Data11, Data12, Data13, Data14, Data15, Data16, Data17, Data18, Data19, Data20, Data21, Data22, Data23, Data24, Data25, Data26, Data27, Data28, Data29, Data30, Data31, Data32, Data33, RequiredLevel) VALUES (272643, 10, 48162, 'Pillar of the Watchers', 'cast', '', '', 0.35, 0, 0, 0, 300000, 0, 0, 0, 0, 0, 0, 248667, 0, 0, 1, 0, 0, 0, 0, 0, 0, 0, 0, 0, 1, 0, 0, 0, 0, 0, 0, 0, 0, 0, 0, 0);
INSERT IGNORE INTO gameobject_template (entry, type, displayId, name, IconName, castBarCaption, unk1, size, Data0, Data1, Data2, Data3, Data4, Data5, Data6, Data7, Data8, Data9, Data10, Data11, Data12, Data13, Data14, Data15, Data16, Data17, Data18, Data19, Data20, Data21, Data22, Data23, Data24, Data25, Data26, Data27, Data28, Data29, Data30, Data31, Data32, Data33, RequiredLevel) VALUES (282658, 10, 48561, 'Extra-Hot Torch', 'lootall', '', '', 0.5, 0, 0, 0, 0, 0, 0, 0, 0, 0, 0, 266117, 0, 0, 1, 0, 0, 0, 0, 0, 0, 0, 0, 56321, 0, 0, 0, 0, 0, 0, 0, 0, 0, 0, 0, 0);
INSERT IGNORE INTO gameobject_template (entry, type, displayId, name, IconName, castBarCaption, unk1, size, Data0, Data1, Data2, Data3, Data4, Data5, Data6, Data7, Data8, Data9, Data10, Data11, Data12, Data13, Data14, Data15, Data16, Data17, Data18, Data19, Data20, Data21, Data22, Data23, Data24, Data25, Data26, Data27, Data28, Data29, Data30, Data31, Data32, Data33, RequiredLevel) VALUES (281597, 10, 11691, 'Refreshing Drink', 'questinteract', 'Drinking', '', 0.8, 93, 0, 0, 0, 0, 1, 0, 0, 0, 0, 243647, 0, 0, 0, 21295, 0, 0, 0, 0, 0, 0, 0, 0, 1, 0, 0, 0, 0, 0, 0, 0, 0, 0, 0, 0);
INSERT IGNORE INTO gameobject_template (entry, type, displayId, name, IconName, castBarCaption, unk1, size, Data0, Data1, Data2, Data3, Data4, Data5, Data6, Data7, Data8, Data9, Data10, Data11, Data12, Data13, Data14, Data15, Data16, Data17, Data18, Data19, Data20, Data21, Data22, Data23, Data24, Data25, Data26, Data27, Data28, Data29, Data30, Data31, Data32, Data33, RequiredLevel) VALUES (286963, 43, 53027, 'Breath of Pa\'ku', '', '', '', 1, 1922, 0, 0, 0, 0, 0, 0, 0, 0, 0, 0, 0, 0, 0, 0, 0, 0, 0, 0, 0, 0, 0, 0, 0, 0, 0, 0, 0, 0, 0, 0, 0, 0, 0, 0);
INSERT IGNORE INTO gameobject_template (entry, type, displayId, name, IconName, castBarCaption, unk1, size, Data0, Data1, Data2, Data3, Data4, Data5, Data6, Data7, Data8, Data9, Data10, Data11, Data12, Data13, Data14, Data15, Data16, Data17, Data18, Data19, Data20, Data21, Data22, Data23, Data24, Data25, Data26, Data27, Data28, Data29, Data30, Data31, Data32, Data33, RequiredLevel) VALUES (286962, 43, 53028, 'Kul\'Tiran Frigate', '', '', '', 1, 1921, 0, 0, 0, 0, 0, 0, 0, 0, 0, 0, 0, 0, 0, 0, 0, 0, 0, 0, 0, 0, 0, 0, 0, 0, 0, 0, 0, 0, 0, 0, 0, 0, 0, 0);
INSERT IGNORE INTO gameobject_template (entry, type, displayId, name, IconName, castBarCaption, unk1, size, Data0, Data1, Data2, Data3, Data4, Data5, Data6, Data7, Data8, Data9, Data10, Data11, Data12, Data13, Data14, Data15, Data16, Data17, Data18, Data19, Data20, Data21, Data22, Data23, Data24, Data25, Data26, Data27, Data28, Data29, Data30, Data31, Data32, Data33, RequiredLevel) VALUES (303199, 0, 53053, 'Doodad_8HU_KulTiras_ShipMedium_IslandGate001', '', '', '', 1, 0, 0, 0, 0, 0, 0, 0, 0, 0, 1, 0, 0, 0, 0, 0, 0, 0, 0, 0, 0, 0, 0, 0, 0, 0, 0, 0, 0, 0, 0, 0, 0, 0, 0, 0);
INSERT IGNORE INTO gameobject_template (entry, type, displayId, name, IconName, castBarCaption, unk1, size, Data0, Data1, Data2, Data3, Data4, Data5, Data6, Data7, Data8, Data9, Data10, Data11, Data12, Data13, Data14, Data15, Data16, Data17, Data18, Data19, Data20, Data21, Data22, Data23, Data24, Data25, Data26, Data27, Data28, Data29, Data30, Data31, Data32, Data33, RequiredLevel) VALUES (281896, 5, 52061, 'Azerite Detector', '', '', '', 0.7, 1, 1, 0, 1, 0, 0, 0, 0, 0, 0, 0, 0, 0, 0, 0, 0, 0, 0, 0, 0, 0, 0, 0, 0, 0, 0, 0, 0, 0, 0, 0, 0, 0, 0, 0);
INSERT IGNORE INTO gameobject_template (entry, type, displayId, name, IconName, castBarCaption, unk1, size, Data0, Data1, Data2, Data3, Data4, Data5, Data6, Data7, Data8, Data9, Data10, Data11, Data12, Data13, Data14, Data15, Data16, Data17, Data18, Data19, Data20, Data21, Data22, Data23, Data24, Data25, Data26, Data27, Data28, Data29, Data30, Data31, Data32, Data33, RequiredLevel) VALUES (277585, 10, 11219, 'Nightleaf Cabbage', 'questinteract', 'Eating', '', 0.8, 43, 0, 0, 0, 0, 1, 0, 0, 0, 0, 255124, 0, 0, 0, 92973, 0, 0, 0, 0, 0, 0, 0, 0, 1, 0, 0, 0, 0, 0, 0, 0, 0, 0, 0, 0);
INSERT IGNORE INTO gameobject_template (entry, type, displayId, name, IconName, castBarCaption, unk1, size, Data0, Data1, Data2, Data3, Data4, Data5, Data6, Data7, Data8, Data9, Data10, Data11, Data12, Data13, Data14, Data15, Data16, Data17, Data18, Data19, Data20, Data21, Data22, Data23, Data24, Data25, Data26, Data27, Data28, Data29, Data30, Data31, Data32, Data33, RequiredLevel) VALUES (269984, 10, 10368, 'Sticky Starfish', 'lootall', 'Picking Up', '', 0.7, 43, 0, 0, 0, 0, 1, 0, 0, 0, 0, 264742, 0, 0, 0, 125962, 0, 0, 0, 0, 0, 0, 0, 0, 1, 0, 0, 0, 0, 0, 0, 0, 0, 0, 0, 0);
INSERT IGNORE INTO gameobject_template (entry, type, displayId, name, IconName, castBarCaption, unk1, size, Data0, Data1, Data2, Data3, Data4, Data5, Data6, Data7, Data8, Data9, Data10, Data11, Data12, Data13, Data14, Data15, Data16, Data17, Data18, Data19, Data20, Data21, Data22, Data23, Data24, Data25, Data26, Data27, Data28, Data29, Data30, Data31, Data32, Data33, RequiredLevel) VALUES (270914, 10, 49250, 'Reinforced Chest', 'lootall', 'Opening', '', 1, 2905, 0, 0, 0, 0, 1, 0, 0, 0, 0, 263369, 0, 0, 1, 21400, 0, 0, 0, 0, 0, 0, 0, 0, 0, 2970, 0, 0, 0, 0, 0, 0, 0, 0, 0, 0);
INSERT IGNORE INTO gameobject_template (entry, type, displayId, name, IconName, castBarCaption, unk1, size, Data0, Data1, Data2, Data3, Data4, Data5, Data6, Data7, Data8, Data9, Data10, Data11, Data12, Data13, Data14, Data15, Data16, Data17, Data18, Data19, Data20, Data21, Data22, Data23, Data24, Data25, Data26, Data27, Data28, Data29, Data30, Data31, Data32, Data33, RequiredLevel) VALUES (290911, 10, 49756, 'Sack of Azerite', 'lootall', 'Opening', '', 1.5, 2905, 0, 0, 0, 0, 1, 0, 0, 0, 0, 263369, 0, 0, 1, 21400, 0, 0, 0, 0, 0, 0, 0, 0, 0, 2970, 0, 0, 0, 0, 0, 0, 0, 0, 0, 0);
INSERT IGNORE INTO gameobject_template (entry, type, displayId, name, IconName, castBarCaption, unk1, size, Data0, Data1, Data2, Data3, Data4, Data5, Data6, Data7, Data8, Data9, Data10, Data11, Data12, Data13, Data14, Data15, Data16, Data17, Data18, Data19, Data20, Data21, Data22, Data23, Data24, Data25, Data26, Data27, Data28, Data29, Data30, Data31, Data32, Data33, RequiredLevel) VALUES (289318, 0, 7735, 'Collision', '', '', '', 2, 0, 0, 0, 0, 0, 0, 0, 0, 0, 1, 0, 0, 0, 0, 0, 0, 0, 0, 0, 0, 0, 0, 0, 0, 0, 0, 0, 0, 0, 0, 0, 0, 0, 0, 0);
INSERT IGNORE INTO gameobject_template (entry, type, displayId, name, IconName, castBarCaption, unk1, size, Data0, Data1, Data2, Data3, Data4, Data5, Data6, Data7, Data8, Data9, Data10, Data11, Data12, Data13, Data14, Data15, Data16, Data17, Data18, Data19, Data20, Data21, Data22, Data23, Data24, Data25, Data26, Data27, Data28, Data29, Data30, Data31, Data32, Data33, RequiredLevel) VALUES (270945, 10, 261, 'Giant Clam', 'openhandglow', 'Prying', '', 2, 2889, 0, 0, 0, 0, 0, 0, 0, 0, 0, 0, 0, 0, 1, 143531, 0, 0, 0, 0, 0, 0, 0, 49081, 0, 0, 0, 0, 0, 0, 0, 0, 0, 0, 0, 0);
INSERT IGNORE INTO gameobject_template (entry, type, displayId, name, IconName, castBarCaption, unk1, size, Data0, Data1, Data2, Data3, Data4, Data5, Data6, Data7, Data8, Data9, Data10, Data11, Data12, Data13, Data14, Data15, Data16, Data17, Data18, Data19, Data20, Data21, Data22, Data23, Data24, Data25, Data26, Data27, Data28, Data29, Data30, Data31, Data32, Data33, RequiredLevel) VALUES (271647, 10, 15578, 'Rotting Wooden Chest', 'lootall', 'Opening', '', 1, 2905, 0, 0, 0, 0, 1, 0, 0, 0, 0, 263369, 0, 0, 1, 21400, 0, 0, 0, 0, 0, 0, 0, 0, 0, 2970, 0, 0, 0, 0, 0, 0, 0, 0, 0, 0);
INSERT IGNORE INTO gameobject_template (entry, type, displayId, name, IconName, castBarCaption, unk1, size, Data0, Data1, Data2, Data3, Data4, Data5, Data6, Data7, Data8, Data9, Data10, Data11, Data12, Data13, Data14, Data15, Data16, Data17, Data18, Data19, Data20, Data21, Data22, Data23, Data24, Data25, Data26, Data27, Data28, Data29, Data30, Data31, Data32, Data33, RequiredLevel) VALUES (282628, 10, 30824, 'Sand Pile', 'pickup', 'Digging', '', 1, 2848, 0, 0, 0, 0, 0, 0, 0, 0, 0, 0, 0, 0, 1, 35059, 0, 0, 0, 0, 0, 0, 0, 56290, 0, 0, 0, 0, 0, 0, 0, 0, 0, 0, 0, 0);
INSERT IGNORE INTO gameobject_template (entry, type, displayId, name, IconName, castBarCaption, unk1, size, Data0, Data1, Data2, Data3, Data4, Data5, Data6, Data7, Data8, Data9, Data10, Data11, Data12, Data13, Data14, Data15, Data16, Data17, Data18, Data19, Data20, Data21, Data22, Data23, Data24, Data25, Data26, Data27, Data28, Data29, Data30, Data31, Data32, Data33, RequiredLevel) VALUES (282625, 10, 15501, 'Shovel', 'lootall', '', '', 1, 0, 0, 0, 0, 0, 0, 0, 0, 0, 0, 266066, 0, 0, 1, 0, 0, 0, 0, 0, 0, 0, 0, 56289, 0, 0, 0, 0, 0, 0, 0, 0, 0, 0, 0, 0);
INSERT IGNORE INTO gameobject_template (entry, type, displayId, name, IconName, castBarCaption, unk1, size, Data0, Data1, Data2, Data3, Data4, Data5, Data6, Data7, Data8, Data9, Data10, Data11, Data12, Data13, Data14, Data15, Data16, Data17, Data18, Data19, Data20, Data21, Data22, Data23, Data24, Data25, Data26, Data27, Data28, Data29, Data30, Data31, Data32, Data33, RequiredLevel) VALUES (303140, 0, 52901, 'Doodad_8TR_Zandalari_ShipMedTransport01_Gangplank_IslandGate001', '', '', '', 1, 0, 0, 0, 0, 0, 0, 0, 0, 0, 1, 0, 0, 0, 0, 0, 0, 0, 0, 0, 0, 0, 0, 0, 0, 0, 0, 0, 0, 0, 0, 0, 0, 0, 0, 0);
INSERT IGNORE INTO gameobject_template (entry, type, displayId, name, IconName, castBarCaption, unk1, size, Data0, Data1, Data2, Data3, Data4, Data5, Data6, Data7, Data8, Data9, Data10, Data11, Data12, Data13, Data14, Data15, Data16, Data17, Data18, Data19, Data20, Data21, Data22, Data23, Data24, Data25, Data26, Data27, Data28, Data29, Data30, Data31, Data32, Data33, RequiredLevel) VALUES (303141, 0, 52901, 'Doodad_8TR_Zandalari_ShipMedTransport01_Gangplank_IslandGate002', '', '', '', 1, 0, 0, 0, 0, 0, 0, 0, 0, 0, 1, 0, 0, 0, 0, 0, 0, 0, 0, 0, 0, 0, 0, 0, 0, 0, 0, 0, 0, 0, 0, 0, 0, 0, 0, 0);
INSERT IGNORE INTO gameobject_template (entry, type, displayId, name, IconName, castBarCaption, unk1, size, Data0, Data1, Data2, Data3, Data4, Data5, Data6, Data7, Data8, Data9, Data10, Data11, Data12, Data13, Data14, Data15, Data16, Data17, Data18, Data19, Data20, Data21, Data22, Data23, Data24, Data25, Data26, Data27, Data28, Data29, Data30, Data31, Data32, Data33, RequiredLevel) VALUES (290452, 10, 14748, 'Seafarer\'s Dubloon', 'lootall', 'Looting', '', 0.8, 43, 0, 0, 0, 0, 1, 0, 0, 0, 0, 271688, 0, 0, 0, 108144, 0, 0, 0, 0, 0, 0, 0, 0, 1, 0, 0, 0, 0, 0, 0, 0, 0, 0, 0, 0);
INSERT IGNORE INTO gameobject_template (entry, type, displayId, name, IconName, castBarCaption, unk1, size, Data0, Data1, Data2, Data3, Data4, Data5, Data6, Data7, Data8, Data9, Data10, Data11, Data12, Data13, Data14, Data15, Data16, Data17, Data18, Data19, Data20, Data21, Data22, Data23, Data24, Data25, Data26, Data27, Data28, Data29, Data30, Data31, Data32, Data33, RequiredLevel) VALUES (290913, 10, 49910, 'Pouch of Azerite', 'lootall', 'Opening', '', 1, 2908, 0, 0, 0, 0, 1, 0, 0, 0, 0, 263369, 0, 0, 0, 21400, 0, 0, 0, 0, 0, 0, 0, 0, 0, 0, 0, 0, 0, 0, 0, 0, 0, 0, 0, 0);
INSERT IGNORE INTO gameobject_template (entry, type, displayId, name, IconName, castBarCaption, unk1, size, Data0, Data1, Data2, Data3, Data4, Data5, Data6, Data7, Data8, Data9, Data10, Data11, Data12, Data13, Data14, Data15, Data16, Data17, Data18, Data19, Data20, Data21, Data22, Data23, Data24, Data25, Data26, Data27, Data28, Data29, Data30, Data31, Data32, Data33, RequiredLevel) VALUES (290912, 10, 49910, 'Bag of Azerite', 'lootall', 'Opening', '', 1.5, 2907, 0, 0, 0, 0, 1, 0, 0, 0, 0, 263369, 0, 0, 0, 21400, 0, 0, 0, 0, 0, 0, 0, 0, 0, 2970, 0, 0, 0, 0, 0, 0, 0, 0, 0, 0);
INSERT IGNORE INTO gameobject_template (entry, type, displayId, name, IconName, castBarCaption, unk1, size, Data0, Data1, Data2, Data3, Data4, Data5, Data6, Data7, Data8, Data9, Data10, Data11, Data12, Data13, Data14, Data15, Data16, Data17, Data18, Data19, Data20, Data21, Data22, Data23, Data24, Data25, Data26, Data27, Data28, Data29, Data30, Data31, Data32, Data33, RequiredLevel) VALUES (299333, 5, 9510, 'Invisible Object', '', '', '', 1, 0, 0, 0, 0, 0, 0, 0, 0, 0, 0, 0, 0, 0, 0, 0, 0, 0, 0, 0, 0, 0, 0, 0, 0, 0, 0, 0, 0, 0, 0, 0, 0, 0, 0, 0);
INSERT IGNORE INTO gameobject_template (entry, type, displayId, name, IconName, castBarCaption, unk1, size, Data0, Data1, Data2, Data3, Data4, Data5, Data6, Data7, Data8, Data9, Data10, Data11, Data12, Data13, Data14, Data15, Data16, Data17, Data18, Data19, Data20, Data21, Data22, Data23, Data24, Data25, Data26, Data27, Data28, Data29, Data30, Data31, Data32, Data33, RequiredLevel) VALUES (289359, 10, 49202, 'Azerite Chunk', 'mine', 'Mining', '', 0.5, 2911, 0, 0, 0, 0, 1, 0, 0, 0, 0, 263369, 0, 0, 0, 78976, 0, 0, 0, 0, 0, 0, 0, 0, 0, 2970, 0, 0, 1, 0, 0, 0, 0, 0, 0, 0);
INSERT IGNORE INTO gameobject_template (entry, type, displayId, name, IconName, castBarCaption, unk1, size, Data0, Data1, Data2, Data3, Data4, Data5, Data6, Data7, Data8, Data9, Data10, Data11, Data12, Data13, Data14, Data15, Data16, Data17, Data18, Data19, Data20, Data21, Data22, Data23, Data24, Data25, Data26, Data27, Data28, Data29, Data30, Data31, Data32, Data33, RequiredLevel) VALUES (299329, 5, 9510, 'Invisible Object', '', '', '', 1, 0, 0, 0, 0, 0, 0, 0, 0, 0, 0, 0, 0, 0, 0, 0, 0, 0, 0, 0, 0, 0, 0, 0, 0, 0, 0, 0, 0, 0, 0, 0, 0, 0, 0, 0);
INSERT IGNORE INTO gameobject_template (entry, type, displayId, name, IconName, castBarCaption, unk1, size, Data0, Data1, Data2, Data3, Data4, Data5, Data6, Data7, Data8, Data9, Data10, Data11, Data12, Data13, Data14, Data15, Data16, Data17, Data18, Data19, Data20, Data21, Data22, Data23, Data24, Data25, Data26, Data27, Data28, Data29, Data30, Data31, Data32, Data33, RequiredLevel) VALUES (279393, 5, 50442, 'Azerite Growth', '', '', '', 2, 0, 0, 0, 1, 0, 0, 0, 0, 0, 0, 0, 0, 0, 0, 0, 0, 0, 0, 0, 0, 0, 0, 0, 0, 0, 0, 0, 0, 0, 0, 0, 0, 0, 0, 0);
INSERT IGNORE INTO gameobject_template (entry, type, displayId, name, IconName, castBarCaption, unk1, size, Data0, Data1, Data2, Data3, Data4, Data5, Data6, Data7, Data8, Data9, Data10, Data11, Data12, Data13, Data14, Data15, Data16, Data17, Data18, Data19, Data20, Data21, Data22, Data23, Data24, Data25, Data26, Data27, Data28, Data29, Data30, Data31, Data32, Data33, RequiredLevel) VALUES (289437, 10, 47692, 'Azerite Crystal', 'mine', 'Mining', '', 1, 2910, 0, 0, 0, 0, 1, 0, 0, 0, 0, 263369, 0, 0, 1, 78976, 0, 0, 0, 0, 0, 0, 0, 0, 0, 2970, 0, 0, 1, 0, 0, 0, 0, 0, 0, 0);
INSERT IGNORE INTO gameobject_template (entry, type, displayId, name, IconName, castBarCaption, unk1, size, Data0, Data1, Data2, Data3, Data4, Data5, Data6, Data7, Data8, Data9, Data10, Data11, Data12, Data13, Data14, Data15, Data16, Data17, Data18, Data19, Data20, Data21, Data22, Data23, Data24, Data25, Data26, Data27, Data28, Data29, Data30, Data31, Data32, Data33, RequiredLevel) VALUES (299336, 5, 9510, 'Invisible Object', '', '', '', 1, 0, 0, 0, 0, 0, 0, 0, 0, 0, 0, 0, 0, 0, 0, 0, 0, 0, 0, 0, 0, 0, 0, 0, 0, 0, 0, 0, 0, 0, 0, 0, 0, 0, 0, 0);
INSERT IGNORE INTO gameobject_template (entry, type, displayId, name, IconName, castBarCaption, unk1, size, Data0, Data1, Data2, Data3, Data4, Data5, Data6, Data7, Data8, Data9, Data10, Data11, Data12, Data13, Data14, Data15, Data16, Data17, Data18, Data19, Data20, Data21, Data22, Data23, Data24, Data25, Data26, Data27, Data28, Data29, Data30, Data31, Data32, Data33, RequiredLevel) VALUES (270913, 10, 49249, 'Old Chest', 'lootall', 'Opening', '', 0.8, 2907, 0, 0, 0, 0, 1, 0, 0, 0, 0, 263369, 0, 0, 0, 21400, 0, 0, 0, 0, 0, 0, 0, 0, 0, 2970, 0, 0, 0, 0, 0, 0, 0, 0, 0, 0);
INSERT IGNORE INTO gameobject_template (entry, type, displayId, name, IconName, castBarCaption, unk1, size, Data0, Data1, Data2, Data3, Data4, Data5, Data6, Data7, Data8, Data9, Data10, Data11, Data12, Data13, Data14, Data15, Data16, Data17, Data18, Data19, Data20, Data21, Data22, Data23, Data24, Data25, Data26, Data27, Data28, Data29, Data30, Data31, Data32, Data33, RequiredLevel) VALUES (273297, 10, 47685, 'Azerite Chunk', 'mine', 'Mining', '', 0.5, 2911, 0, 0, 0, 0, 1, 0, 0, 0, 0, 263369, 0, 0, 0, 78976, 0, 0, 0, 0, 0, 0, 0, 0, 0, 2970, 0, 0, 1, 0, 0, 0, 0, 0, 0, 0);
INSERT IGNORE INTO gameobject_template (entry, type, displayId, name, IconName, castBarCaption, unk1, size, Data0, Data1, Data2, Data3, Data4, Data5, Data6, Data7, Data8, Data9, Data10, Data11, Data12, Data13, Data14, Data15, Data16, Data17, Data18, Data19, Data20, Data21, Data22, Data23, Data24, Data25, Data26, Data27, Data28, Data29, Data30, Data31, Data32, Data33, RequiredLevel) VALUES (277462, 10, 11270, 'Squashfruit', 'questinteract', 'Eating', '', 0.5, 43, 0, 0, 0, 0, 1, 0, 0, 0, 0, 255124, 0, 0, 0, 92973, 0, 0, 0, 0, 0, 0, 0, 0, 1, 0, 0, 0, 0, 0, 0, 0, 0, 0, 0, 0);
INSERT IGNORE INTO gameobject_template (entry, type, displayId, name, IconName, castBarCaption, unk1, size, Data0, Data1, Data2, Data3, Data4, Data5, Data6, Data7, Data8, Data9, Data10, Data11, Data12, Data13, Data14, Data15, Data16, Data17, Data18, Data19, Data20, Data21, Data22, Data23, Data24, Data25, Data26, Data27, Data28, Data29, Data30, Data31, Data32, Data33, RequiredLevel) VALUES (299078, 5, 9510, 'Invisible Object', '', '', '', 1, 0, 0, 0, 0, 0, 0, 0, 0, 0, 0, 0, 0, 0, 0, 0, 0, 0, 0, 0, 0, 0, 0, 0, 0, 0, 0, 0, 0, 0, 0, 0, 0, 0, 0, 0);
INSERT IGNORE INTO gameobject_template (entry, type, displayId, name, IconName, castBarCaption, unk1, size, Data0, Data1, Data2, Data3, Data4, Data5, Data6, Data7, Data8, Data9, Data10, Data11, Data12, Data13, Data14, Data15, Data16, Data17, Data18, Data19, Data20, Data21, Data22, Data23, Data24, Data25, Data26, Data27, Data28, Data29, Data30, Data31, Data32, Data33, RequiredLevel) VALUES (273296, 10, 48379, 'Azerite Shard', 'mine', 'Mining', '', 0.4, 2912, 0, 0, 0, 0, 1, 0, 0, 0, 0, 263369, 0, 0, 0, 78976, 0, 0, 0, 0, 0, 0, 0, 0, 0, 0, 0, 0, 1, 0, 0, 0, 0, 0, 0, 0);
INSERT IGNORE INTO gameobject_template (entry, type, displayId, name, IconName, castBarCaption, unk1, size, Data0, Data1, Data2, Data3, Data4, Data5, Data6, Data7, Data8, Data9, Data10, Data11, Data12, Data13, Data14, Data15, Data16, Data17, Data18, Data19, Data20, Data21, Data22, Data23, Data24, Data25, Data26, Data27, Data28, Data29, Data30, Data31, Data32, Data33, RequiredLevel) VALUES (277577, 10, 11220, 'Striped Melon', 'questinteract', 'Eating', '', 1.15, 43, 0, 0, 0, 0, 1, 0, 0, 0, 0, 254929, 0, 0, 0, 92973, 0, 0, 0, 0, 0, 0, 0, 0, 1, 0, 0, 0, 0, 0, 0, 0, 0, 0, 0, 0);
INSERT IGNORE INTO gameobject_template (entry, type, displayId, name, IconName, castBarCaption, unk1, size, Data0, Data1, Data2, Data3, Data4, Data5, Data6, Data7, Data8, Data9, Data10, Data11, Data12, Data13, Data14, Data15, Data16, Data17, Data18, Data19, Data20, Data21, Data22, Data23, Data24, Data25, Data26, Data27, Data28, Data29, Data30, Data31, Data32, Data33, RequiredLevel) VALUES (277463, 10, 10870, 'Unripe Pumpkin', 'questinteract', 'Eating', '', 0.8, 43, 0, 0, 0, 0, 1, 0, 0, 0, 0, 254929, 0, 0, 0, 92973, 0, 0, 0, 0, 0, 0, 0, 0, 1, 0, 0, 0, 0, 0, 0, 0, 0, 0, 0, 0);
INSERT IGNORE INTO gameobject_template (entry, type, displayId, name, IconName, castBarCaption, unk1, size, Data0, Data1, Data2, Data3, Data4, Data5, Data6, Data7, Data8, Data9, Data10, Data11, Data12, Data13, Data14, Data15, Data16, Data17, Data18, Data19, Data20, Data21, Data22, Data23, Data24, Data25, Data26, Data27, Data28, Data29, Data30, Data31, Data32, Data33, RequiredLevel) VALUES (270912, 10, 49248, 'Wooden Strongbox', 'lootall', 'Opening', '', 0.7, 2908, 0, 0, 0, 0, 1, 0, 0, 0, 0, 263369, 0, 0, 0, 21400, 0, 0, 0, 0, 0, 0, 0, 0, 0, 0, 0, 0, 0, 0, 0, 0, 0, 0, 0, 0);
INSERT IGNORE INTO gameobject_template (entry, type, displayId, name, IconName, castBarCaption, unk1, size, Data0, Data1, Data2, Data3, Data4, Data5, Data6, Data7, Data8, Data9, Data10, Data11, Data12, Data13, Data14, Data15, Data16, Data17, Data18, Data19, Data20, Data21, Data22, Data23, Data24, Data25, Data26, Data27, Data28, Data29, Data30, Data31, Data32, Data33, RequiredLevel) VALUES (299039, 5, 52062, 'Azerite Detector', '', '', '', 0.7, 1, 1, 0, 1, 0, 0, 0, 0, 0, 0, 0, 0, 0, 0, 0, 0, 0, 0, 0, 0, 0, 0, 0, 0, 0, 0, 0, 0, 0, 0, 0, 0, 0, 0, 0);
INSERT IGNORE INTO gameobject_template (entry, type, displayId, name, IconName, castBarCaption, unk1, size, Data0, Data1, Data2, Data3, Data4, Data5, Data6, Data7, Data8, Data9, Data10, Data11, Data12, Data13, Data14, Data15, Data16, Data17, Data18, Data19, Data20, Data21, Data22, Data23, Data24, Data25, Data26, Data27, Data28, Data29, Data30, Data31, Data32, Data33, RequiredLevel) VALUES (289356, 10, 49201, 'Azerite Shard', 'mine', 'Mining', '', 0.4, 2912, 0, 0, 0, 0, 1, 0, 0, 0, 0, 263369, 0, 0, 0, 78976, 0, 0, 0, 0, 0, 0, 0, 0, 0, 0, 0, 0, 1, 0, 0, 0, 0, 0, 0, 0);
INSERT IGNORE INTO gameobject_template (entry, type, displayId, name, IconName, castBarCaption, unk1, size, Data0, Data1, Data2, Data3, Data4, Data5, Data6, Data7, Data8, Data9, Data10, Data11, Data12, Data13, Data14, Data15, Data16, Data17, Data18, Data19, Data20, Data21, Data22, Data23, Data24, Data25, Data26, Data27, Data28, Data29, Data30, Data31, Data32, Data33, RequiredLevel) VALUES (287445, 10, 14711, 'Heavy Beam', 'picklock', 'Lifting', '', 1, 3033, 0, 0, 0, 0, 0, 0, 0, 0, 0, 0, 0, 0, 1, 61031, 0, 0, 0, 0, 0, 0, 0, 0, 0, 0, 0, 0, 0, 0, 0, 0, 0, 0, 0, 0);
INSERT IGNORE INTO gameobject_template (entry, type, displayId, name, IconName, castBarCaption, unk1, size, Data0, Data1, Data2, Data3, Data4, Data5, Data6, Data7, Data8, Data9, Data10, Data11, Data12, Data13, Data14, Data15, Data16, Data17, Data18, Data19, Data20, Data21, Data22, Data23, Data24, Data25, Data26, Data27, Data28, Data29, Data30, Data31, Data32, Data33, RequiredLevel) VALUES (289320, 0, 13594, 'Collision', '', '', '', 0.1, 0, 0, 0, 0, 0, 0, 0, 0, 0, 1, 0, 0, 0, 0, 0, 0, 0, 0, 0, 0, 0, 0, 0, 0, 0, 0, 0, 0, 0, 0, 0, 0, 0, 0, 0);
INSERT IGNORE INTO gameobject_template (entry, type, displayId, name, IconName, castBarCaption, unk1, size, Data0, Data1, Data2, Data3, Data4, Data5, Data6, Data7, Data8, Data9, Data10, Data11, Data12, Data13, Data14, Data15, Data16, Data17, Data18, Data19, Data20, Data21, Data22, Data23, Data24, Data25, Data26, Data27, Data28, Data29, Data30, Data31, Data32, Data33, RequiredLevel) VALUES (281471, 10, 26109, 'Yellow Spineapple', 'questinteract', 'Eating', '', 0.7, 43, 0, 0, 0, 0, 1, 0, 0, 0, 0, 255124, 0, 0, 0, 92973, 0, 0, 0, 0, 0, 0, 0, 0, 1, 0, 0, 0, 0, 0, 0, 0, 0, 0, 0, 0);
INSERT IGNORE INTO gameobject_template (entry, type, displayId, name, IconName, castBarCaption, unk1, size, Data0, Data1, Data2, Data3, Data4, Data5, Data6, Data7, Data8, Data9, Data10, Data11, Data12, Data13, Data14, Data15, Data16, Data17, Data18, Data19, Data20, Data21, Data22, Data23, Data24, Data25, Data26, Data27, Data28, Data29, Data30, Data31, Data32, Data33, RequiredLevel) VALUES (281470, 10, 17484, 'Orange Spineapple', 'questinteract', 'Eating', '', 0.8, 43, 0, 0, 0, 0, 1, 0, 0, 0, 0, 255124, 0, 0, 0, 92973, 0, 0, 0, 0, 0, 0, 0, 0, 1, 0, 0, 0, 0, 0, 0, 0, 0, 0, 0, 0);
INSERT IGNORE INTO gameobject_template (entry, type, displayId, name, IconName, castBarCaption, unk1, size, Data0, Data1, Data2, Data3, Data4, Data5, Data6, Data7, Data8, Data9, Data10, Data11, Data12, Data13, Data14, Data15, Data16, Data17, Data18, Data19, Data20, Data21, Data22, Data23, Data24, Data25, Data26, Data27, Data28, Data29, Data30, Data31, Data32, Data33, RequiredLevel) VALUES (284424, 10, 10242, 'Giant Flower', 'lootall', 'Picking Up', '', 0.7, 43, 0, 0, 0, 0, 1, 0, 0, 0, 0, 267043, 0, 0, 0, 125962, 0, 0, 0, 0, 0, 0, 0, 0, 1, 0, 0, 0, 0, 0, 0, 0, 0, 0, 0, 0);
INSERT IGNORE INTO gameobject_template (entry, type, displayId, name, IconName, castBarCaption, unk1, size, Data0, Data1, Data2, Data3, Data4, Data5, Data6, Data7, Data8, Data9, Data10, Data11, Data12, Data13, Data14, Data15, Data16, Data17, Data18, Data19, Data20, Data21, Data22, Data23, Data24, Data25, Data26, Data27, Data28, Data29, Data30, Data31, Data32, Data33, RequiredLevel) VALUES (299327, 5, 9510, 'Invisible Object', '', '', '', 1, 0, 0, 0, 0, 0, 0, 0, 0, 0, 0, 0, 0, 0, 0, 0, 0, 0, 0, 0, 0, 0, 0, 0, 0, 0, 0, 0, 0, 0, 0, 0, 0, 0, 0, 0);
INSERT IGNORE INTO gameobject_template (entry, type, displayId, name, IconName, castBarCaption, unk1, size, Data0, Data1, Data2, Data3, Data4, Data5, Data6, Data7, Data8, Data9, Data10, Data11, Data12, Data13, Data14, Data15, Data16, Data17, Data18, Data19, Data20, Data21, Data22, Data23, Data24, Data25, Data26, Data27, Data28, Data29, Data30, Data31, Data32, Data33, RequiredLevel) VALUES (293703, 10, 51098, 'Crude Boomerang', 'lootall', 'Picking Up', '', 3, 43, 0, 0, 0, 0, 1, 0, 0, 0, 0, 276810, 0, 0, 0, 125962, 0, 0, 0, 0, 0, 0, 0, 0, 1, 0, 0, 0, 0, 0, 0, 0, 0, 0, 0, 0);
INSERT IGNORE INTO gameobject_template (entry, type, displayId, name, IconName, castBarCaption, unk1, size, Data0, Data1, Data2, Data3, Data4, Data5, Data6, Data7, Data8, Data9, Data10, Data11, Data12, Data13, Data14, Data15, Data16, Data17, Data18, Data19, Data20, Data21, Data22, Data23, Data24, Data25, Data26, Data27, Data28, Data29, Data30, Data31, Data32, Data33, RequiredLevel) VALUES (287451, 10, 48918, 'Carnivorous Plant', 'attack', 'Eviscerating', '', 0.75, 2849, 0, 0, 0, 0, 0, 0, 0, 0, 0, 0, 0, 0, 1, 152488, 0, 0, 0, 0, 0, 0, 0, 56320, 0, 0, 0, 0, 0, 0, 0, 0, 0, 0, 0, 0);
INSERT IGNORE INTO gameobject_template (entry, type, displayId, name, IconName, castBarCaption, unk1, size, Data0, Data1, Data2, Data3, Data4, Data5, Data6, Data7, Data8, Data9, Data10, Data11, Data12, Data13, Data14, Data15, Data16, Data17, Data18, Data19, Data20, Data21, Data22, Data23, Data24, Data25, Data26, Data27, Data28, Data29, Data30, Data31, Data32, Data33, RequiredLevel) VALUES (299330, 5, 9510, 'Invisible Object', '', '', '', 1, 0, 0, 0, 0, 0, 0, 0, 0, 0, 0, 0, 0, 0, 0, 0, 0, 0, 0, 0, 0, 0, 0, 0, 0, 0, 0, 0, 0, 0, 0, 0, 0, 0, 0, 0);


REPLACE INTO npc_text (ID, BroadcastTextID0, Probability0, BroadcastTextID1, Probability1, BroadcastTextID2, Probability2, BroadcastTextID3, Probability3, BroadcastTextID4, Probability4, BroadcastTextID5, Probability5, BroadcastTextID6, Probability6, BroadcastTextID7, Probability7) VALUES (33491, 142584, 1, 0, 0, 0, 0, 0, 0, 0, 0, 0, 0, 0, 0, 0, 0);
REPLACE INTO npc_text (ID, BroadcastTextID0, Probability0, BroadcastTextID1, Probability1, BroadcastTextID2, Probability2, BroadcastTextID3, Probability3, BroadcastTextID4, Probability4, BroadcastTextID5, Probability5, BroadcastTextID6, Probability6, BroadcastTextID7, Probability7) VALUES (33490, 142577, 1, 0, 0, 0, 0, 0, 0, 0, 0, 0, 0, 0, 0, 0, 0);
REPLACE INTO npc_text (ID, BroadcastTextID0, Probability0, BroadcastTextID1, Probability1, BroadcastTextID2, Probability2, BroadcastTextID3, Probability3, BroadcastTextID4, Probability4, BroadcastTextID5, Probability5, BroadcastTextID6, Probability6, BroadcastTextID7, Probability7) VALUES (33837, 146247, 1, 0, 0, 0, 0, 0, 0, 0, 0, 0, 0, 0, 0, 0, 0);
REPLACE INTO npc_text (ID, BroadcastTextID0, Probability0, BroadcastTextID1, Probability1, BroadcastTextID2, Probability2, BroadcastTextID3, Probability3, BroadcastTextID4, Probability4, BroadcastTextID5, Probability5, BroadcastTextID6, Probability6, BroadcastTextID7, Probability7) VALUES (33838, 146248, 1, 0, 0, 0, 0, 0, 0, 0, 0, 0, 0, 0, 0, 0, 0);
REPLACE INTO npc_text (ID, BroadcastTextID0, Probability0, BroadcastTextID1, Probability1, BroadcastTextID2, Probability2, BroadcastTextID3, Probability3, BroadcastTextID4, Probability4, BroadcastTextID5, Probability5, BroadcastTextID6, Probability6, BroadcastTextID7, Probability7) VALUES (33839, 146249, 1, 0, 0, 0, 0, 0, 0, 0, 0, 0, 0, 0, 0, 0, 0);
REPLACE INTO npc_text (ID, BroadcastTextID0, Probability0, BroadcastTextID1, Probability1, BroadcastTextID2, Probability2, BroadcastTextID3, Probability3, BroadcastTextID4, Probability4, BroadcastTextID5, Probability5, BroadcastTextID6, Probability6, BroadcastTextID7, Probability7) VALUES (33834, 146240, 1, 0, 0, 0, 0, 0, 0, 0, 0, 0, 0, 0, 0, 0, 0);
REPLACE INTO npc_text (ID, BroadcastTextID0, Probability0, BroadcastTextID1, Probability1, BroadcastTextID2, Probability2, BroadcastTextID3, Probability3, BroadcastTextID4, Probability4, BroadcastTextID5, Probability5, BroadcastTextID6, Probability6, BroadcastTextID7, Probability7) VALUES (33835, 146243, 1, 0, 0, 0, 0, 0, 0, 0, 0, 0, 0, 0, 0, 0, 0);
REPLACE INTO npc_text (ID, BroadcastTextID0, Probability0, BroadcastTextID1, Probability1, BroadcastTextID2, Probability2, BroadcastTextID3, Probability3, BroadcastTextID4, Probability4, BroadcastTextID5, Probability5, BroadcastTextID6, Probability6, BroadcastTextID7, Probability7) VALUES (33836, 146244, 1, 0, 0, 0, 0, 0, 0, 0, 0, 0, 0, 0, 0, 0, 0);
REPLACE INTO npc_text (ID, BroadcastTextID0, Probability0, BroadcastTextID1, Probability1, BroadcastTextID2, Probability2, BroadcastTextID3, Probability3, BroadcastTextID4, Probability4, BroadcastTextID5, Probability5, BroadcastTextID6, Probability6, BroadcastTextID7, Probability7) VALUES (33486, 142528, 1, 0, 0, 0, 0, 0, 0, 0, 0, 0, 0, 0, 0, 0, 0);
REPLACE INTO npc_text (ID, BroadcastTextID0, Probability0, BroadcastTextID1, Probability1, BroadcastTextID2, Probability2, BroadcastTextID3, Probability3, BroadcastTextID4, Probability4, BroadcastTextID5, Probability5, BroadcastTextID6, Probability6, BroadcastTextID7, Probability7) VALUES (34958, 155190, 1, 0, 0, 0, 0, 0, 0, 0, 0, 0, 0, 0, 0, 0, 0);
REPLACE INTO npc_text (ID, BroadcastTextID0, Probability0, BroadcastTextID1, Probability1, BroadcastTextID2, Probability2, BroadcastTextID3, Probability3, BroadcastTextID4, Probability4, BroadcastTextID5, Probability5, BroadcastTextID6, Probability6, BroadcastTextID7, Probability7) VALUES (36167, 161591, 1, 0, 0, 0, 0, 0, 0, 0, 0, 0, 0, 0, 0, 0, 0);
REPLACE INTO npc_text (ID, BroadcastTextID0, Probability0, BroadcastTextID1, Probability1, BroadcastTextID2, Probability2, BroadcastTextID3, Probability3, BroadcastTextID4, Probability4, BroadcastTextID5, Probability5, BroadcastTextID6, Probability6, BroadcastTextID7, Probability7) VALUES (35056, 156403, 1, 0, 0, 0, 0, 0, 0, 0, 0, 0, 0, 0, 0, 0, 0);
REPLACE INTO npc_text (ID, BroadcastTextID0, Probability0, BroadcastTextID1, Probability1, BroadcastTextID2, Probability2, BroadcastTextID3, Probability3, BroadcastTextID4, Probability4, BroadcastTextID5, Probability5, BroadcastTextID6, Probability6, BroadcastTextID7, Probability7) VALUES (36168, 161595, 1, 0, 0, 0, 0, 0, 0, 0, 0, 0, 0, 0, 0, 0, 0);
REPLACE INTO npc_text (ID, BroadcastTextID0, Probability0, BroadcastTextID1, Probability1, BroadcastTextID2, Probability2, BroadcastTextID3, Probability3, BroadcastTextID4, Probability4, BroadcastTextID5, Probability5, BroadcastTextID6, Probability6, BroadcastTextID7, Probability7) VALUES (36169, 161605, 1, 0, 0, 0, 0, 0, 0, 0, 0, 0, 0, 0, 0, 0, 0);
REPLACE INTO npc_text (ID, BroadcastTextID0, Probability0, BroadcastTextID1, Probability1, BroadcastTextID2, Probability2, BroadcastTextID3, Probability3, BroadcastTextID4, Probability4, BroadcastTextID5, Probability5, BroadcastTextID6, Probability6, BroadcastTextID7, Probability7) VALUES (36170, 161611, 1, 0, 0, 0, 0, 0, 0, 0, 0, 0, 0, 0, 0, 0, 0);
REPLACE INTO npc_text (ID, BroadcastTextID0, Probability0, BroadcastTextID1, Probability1, BroadcastTextID2, Probability2, BroadcastTextID3, Probability3, BroadcastTextID4, Probability4, BroadcastTextID5, Probability5, BroadcastTextID6, Probability6, BroadcastTextID7, Probability7) VALUES (35071, 156446, 1, 0, 0, 0, 0, 0, 0, 0, 0, 0, 0, 0, 0, 0, 0);
REPLACE INTO npc_text (ID, BroadcastTextID0, Probability0, BroadcastTextID1, Probability1, BroadcastTextID2, Probability2, BroadcastTextID3, Probability3, BroadcastTextID4, Probability4, BroadcastTextID5, Probability5, BroadcastTextID6, Probability6, BroadcastTextID7, Probability7) VALUES (35072, 156447, 1, 0, 0, 0, 0, 0, 0, 0, 0, 0, 0, 0, 0, 0, 0);
REPLACE INTO npc_text (ID, BroadcastTextID0, Probability0, BroadcastTextID1, Probability1, BroadcastTextID2, Probability2, BroadcastTextID3, Probability3, BroadcastTextID4, Probability4, BroadcastTextID5, Probability5, BroadcastTextID6, Probability6, BroadcastTextID7, Probability7) VALUES (34944, 155108, 1, 0, 0, 0, 0, 0, 0, 0, 0, 0, 0, 0, 0, 0, 0);
REPLACE INTO npc_text (ID, BroadcastTextID0, Probability0, BroadcastTextID1, Probability1, BroadcastTextID2, Probability2, BroadcastTextID3, Probability3, BroadcastTextID4, Probability4, BroadcastTextID5, Probability5, BroadcastTextID6, Probability6, BroadcastTextID7, Probability7) VALUES (34658, 152708, 1, 0, 0, 0, 0, 0, 0, 0, 0, 0, 0, 0, 0, 0, 0);
REPLACE INTO npc_text (ID, BroadcastTextID0, Probability0, BroadcastTextID1, Probability1, BroadcastTextID2, Probability2, BroadcastTextID3, Probability3, BroadcastTextID4, Probability4, BroadcastTextID5, Probability5, BroadcastTextID6, Probability6, BroadcastTextID7, Probability7) VALUES (34744, 149960, 1, 0, 0, 0, 0, 0, 0, 0, 0, 0, 0, 0, 0, 0, 0);
REPLACE INTO npc_text (ID, BroadcastTextID0, Probability0, BroadcastTextID1, Probability1, BroadcastTextID2, Probability2, BroadcastTextID3, Probability3, BroadcastTextID4, Probability4, BroadcastTextID5, Probability5, BroadcastTextID6, Probability6, BroadcastTextID7, Probability7) VALUES (34745, 149969, 1, 0, 0, 0, 0, 0, 0, 0, 0, 0, 0, 0, 0, 0, 0);
REPLACE INTO npc_text (ID, BroadcastTextID0, Probability0, BroadcastTextID1, Probability1, BroadcastTextID2, Probability2, BroadcastTextID3, Probability3, BroadcastTextID4, Probability4, BroadcastTextID5, Probability5, BroadcastTextID6, Probability6, BroadcastTextID7, Probability7) VALUES (34746, 149965, 1, 0, 0, 0, 0, 0, 0, 0, 0, 0, 0, 0, 0, 0, 0);
REPLACE INTO npc_text (ID, BroadcastTextID0, Probability0, BroadcastTextID1, Probability1, BroadcastTextID2, Probability2, BroadcastTextID3, Probability3, BroadcastTextID4, Probability4, BroadcastTextID5, Probability5, BroadcastTextID6, Probability6, BroadcastTextID7, Probability7) VALUES (28005, 136216, 1, 0, 0, 0, 0, 0, 0, 0, 0, 0, 0, 0, 0, 0, 0);
REPLACE INTO npc_text (ID, BroadcastTextID0, Probability0, BroadcastTextID1, Probability1, BroadcastTextID2, Probability2, BroadcastTextID3, Probability3, BroadcastTextID4, Probability4, BroadcastTextID5, Probability5, BroadcastTextID6, Probability6, BroadcastTextID7, Probability7) VALUES (32649, 136187, 1, 0, 0, 0, 0, 0, 0, 0, 0, 0, 0, 0, 0, 0, 0);
REPLACE INTO npc_text (ID, BroadcastTextID0, Probability0, BroadcastTextID1, Probability1, BroadcastTextID2, Probability2, BroadcastTextID3, Probability3, BroadcastTextID4, Probability4, BroadcastTextID5, Probability5, BroadcastTextID6, Probability6, BroadcastTextID7, Probability7) VALUES (32655, 136215, 1, 0, 0, 0, 0, 0, 0, 0, 0, 0, 0, 0, 0, 0, 0);
REPLACE INTO npc_text (ID, BroadcastTextID0, Probability0, BroadcastTextID1, Probability1, BroadcastTextID2, Probability2, BroadcastTextID3, Probability3, BroadcastTextID4, Probability4, BroadcastTextID5, Probability5, BroadcastTextID6, Probability6, BroadcastTextID7, Probability7) VALUES (32657, 136243, 1, 0, 0, 0, 0, 0, 0, 0, 0, 0, 0, 0, 0, 0, 0);
REPLACE INTO npc_text (ID, BroadcastTextID0, Probability0, BroadcastTextID1, Probability1, BroadcastTextID2, Probability2, BroadcastTextID3, Probability3, BroadcastTextID4, Probability4, BroadcastTextID5, Probability5, BroadcastTextID6, Probability6, BroadcastTextID7, Probability7) VALUES (35316, 158173, 1, 158174, 1, 158175, 1, 0, 0, 0, 0, 0, 0, 0, 0, 0, 0);
REPLACE INTO npc_text (ID, BroadcastTextID0, Probability0, BroadcastTextID1, Probability1, BroadcastTextID2, Probability2, BroadcastTextID3, Probability3, BroadcastTextID4, Probability4, BroadcastTextID5, Probability5, BroadcastTextID6, Probability6, BroadcastTextID7, Probability7) VALUES (14127, 32779, 1, 0, 0, 0, 0, 0, 0, 0, 0, 0, 0, 0, 0, 0, 0);
REPLACE INTO npc_text (ID, BroadcastTextID0, Probability0, BroadcastTextID1, Probability1, BroadcastTextID2, Probability2, BroadcastTextID3, Probability3, BroadcastTextID4, Probability4, BroadcastTextID5, Probability5, BroadcastTextID6, Probability6, BroadcastTextID7, Probability7) VALUES (35326, 158249, 1, 0, 0, 0, 0, 0, 0, 0, 0, 0, 0, 0, 0, 0, 0);
REPLACE INTO npc_text (ID, BroadcastTextID0, Probability0, BroadcastTextID1, Probability1, BroadcastTextID2, Probability2, BroadcastTextID3, Probability3, BroadcastTextID4, Probability4, BroadcastTextID5, Probability5, BroadcastTextID6, Probability6, BroadcastTextID7, Probability7) VALUES (35659, 160058, 1, 0, 0, 0, 0, 0, 0, 0, 0, 0, 0, 0, 0, 0, 0);
REPLACE INTO npc_text (ID, BroadcastTextID0, Probability0, BroadcastTextID1, Probability1, BroadcastTextID2, Probability2, BroadcastTextID3, Probability3, BroadcastTextID4, Probability4, BroadcastTextID5, Probability5, BroadcastTextID6, Probability6, BroadcastTextID7, Probability7) VALUES (31981, 131220, 1, 0, 0, 0, 0, 0, 0, 0, 0, 0, 0, 0, 0, 0, 0);
REPLACE INTO npc_text (ID, BroadcastTextID0, Probability0, BroadcastTextID1, Probability1, BroadcastTextID2, Probability2, BroadcastTextID3, Probability3, BroadcastTextID4, Probability4, BroadcastTextID5, Probability5, BroadcastTextID6, Probability6, BroadcastTextID7, Probability7) VALUES (32153, 132398, 1, 0, 0, 0, 0, 0, 0, 0, 0, 0, 0, 0, 0, 0, 0);
REPLACE INTO npc_text (ID, BroadcastTextID0, Probability0, BroadcastTextID1, Probability1, BroadcastTextID2, Probability2, BroadcastTextID3, Probability3, BroadcastTextID4, Probability4, BroadcastTextID5, Probability5, BroadcastTextID6, Probability6, BroadcastTextID7, Probability7) VALUES (31982, 131222, 1, 0, 0, 0, 0, 0, 0, 0, 0, 0, 0, 0, 0, 0, 0);
REPLACE INTO npc_text (ID, BroadcastTextID0, Probability0, BroadcastTextID1, Probability1, BroadcastTextID2, Probability2, BroadcastTextID3, Probability3, BroadcastTextID4, Probability4, BroadcastTextID5, Probability5, BroadcastTextID6, Probability6, BroadcastTextID7, Probability7) VALUES (28102, 103914, 1, 0, 0, 0, 0, 0, 0, 0, 0, 0, 0, 0, 0, 0, 0);
REPLACE INTO npc_text (ID, BroadcastTextID0, Probability0, BroadcastTextID1, Probability1, BroadcastTextID2, Probability2, BroadcastTextID3, Probability3, BroadcastTextID4, Probability4, BroadcastTextID5, Probability5, BroadcastTextID6, Probability6, BroadcastTextID7, Probability7) VALUES (32008, 131418, 1, 0, 0, 0, 0, 0, 0, 0, 0, 0, 0, 0, 0, 0, 0);
REPLACE INTO npc_text (ID, BroadcastTextID0, Probability0, BroadcastTextID1, Probability1, BroadcastTextID2, Probability2, BroadcastTextID3, Probability3, BroadcastTextID4, Probability4, BroadcastTextID5, Probability5, BroadcastTextID6, Probability6, BroadcastTextID7, Probability7) VALUES (33434, 141610, 1, 0, 0, 0, 0, 0, 0, 0, 0, 0, 0, 0, 0, 0, 0);
REPLACE INTO npc_text (ID, BroadcastTextID0, Probability0, BroadcastTextID1, Probability1, BroadcastTextID2, Probability2, BroadcastTextID3, Probability3, BroadcastTextID4, Probability4, BroadcastTextID5, Probability5, BroadcastTextID6, Probability6, BroadcastTextID7, Probability7) VALUES (33437, 156346, 1, 0, 0, 0, 0, 0, 0, 0, 0, 0, 0, 0, 0, 0, 0);

DELETE FROM creature_text WHERE CreatureID = 140849;
INSERT INTO creature_text (CreatureID, GroupID, ID, Text, Type, Language, Probability, Emote, Duration, Sound, BroadcastTextId, comment) VALUES (140849, 0, 0, 'He he he!', 14, 0, 100, 0, 0, 0, 159329, 'Pernicious Stonekin');
DELETE FROM creature_text WHERE CreatureID = 136536;
INSERT INTO creature_text (CreatureID, GroupID, ID, Text, Type, Language, Probability, Emote, Duration, Sound, BroadcastTextId, comment) VALUES (136536, 0, 0, 'Oh my, I appear to be in a bit over my head. Hmmm. Think think.', 14, 0, 100, 53, 0, 0, 159644, 'Longpaws');
INSERT INTO creature_text (CreatureID, GroupID, ID, Text, Type, Language, Probability, Emote, Duration, Sound, BroadcastTextId, comment) VALUES (136536, 1, 0, 'Oh thank you, friend. I could not tell you how many times that has happened to me. Some day I will learn! Ha ha, but not today it seems. Here, I will share what little I have.', 12, 0, 100, 1, 0, 0, 159643, 'Longpaws');
DELETE FROM creature_text WHERE CreatureID = 139418;
INSERT INTO creature_text (CreatureID, GroupID, ID, Text, Type, Language, Probability, Emote, Duration, Sound, BroadcastTextId, comment) VALUES (139418, 0, 0, 'You dare ssstand up to a great warrior?', 12, 0, 100, 0, 0, 0, 158875, 'Stagnant One');
INSERT INTO creature_text (CreatureID, GroupID, ID, Text, Type, Language, Probability, Emote, Duration, Sound, BroadcastTextId, comment) VALUES (139418, 1, 0, 'Hsss... thievessss....', 12, 0, 100, 0, 0, 0, 158880, 'Stagnant One');
DELETE FROM creature_text WHERE CreatureID = 139415;
INSERT INTO creature_text (CreatureID, GroupID, ID, Text, Type, Language, Probability, Emote, Duration, Sound, BroadcastTextId, comment) VALUES (139415, 0, 0, 'Retreat... to the water...', 12, 0, 100, 0, 0, 0, 158886, 'Slitherscale');
DELETE FROM creature_text WHERE CreatureID = 139416;
INSERT INTO creature_text (CreatureID, GroupID, ID, Text, Type, Language, Probability, Emote, Duration, Sound, BroadcastTextId, comment) VALUES (139416, 0, 0, 'The treasure... wassss mine...', 12, 0, 100, 0, 0, 0, 158882, 'Volshas');

update `gameobject_template` set `ScriptName` = "go_azerite_crystal" where `entry` = 291055;
update `creature_template` set `ScriptName` = "npc_expedition_map" where `entry` = 143967;
