-- Horde Weapon
DELETE FROM npc_vendor WHERE entry = 8000000;
INSERT INTO npc_vendor (entry, item, OverrideGoldCost, Context) VALUES 
(8000000, 161677, 0, 0),
(8000000, 161678, 0, 0),
(8000000, 161679, 0, 0),
(8000000, 161684, 0, 0),
(8000000, 161685, 0, 0),
(8000000, 161686, 0, 0),
(8000000, 161687, 0, 0),
(8000000, 161689, 0, 0),
(8000000, 161690, 0, 0),
(8000000, 161691, 0, 0),
(8000000, 161693, 0, 0),
(8000000, 161695, 0, 0),
(8000000, 161702, 0, 0),
(8000000, 161706, 0, 0),
(8000000, 161707, 0, 0),
(8000000, 162016, 0, 0);

-- Horde Cloth
DELETE FROM npc_vendor WHERE entry = 8000001;
INSERT INTO npc_vendor (entry, item, OverrideGoldCost, Context) VALUES 
(8000001, 161645, 0, 57),
(8000001, 161754, 0, 57),
(8000001, 161633, 0, 57),
(8000001, 161638, 0, 0),
(8000001, 161643, 0, 0),
(8000001, 161649, 0, 0),
(8000001, 161654, 0, 57),
(8000001, 161660, 0, 0),
(8000001, 161734, 0, 0),
(8000001, 161742, 0, 57),
(8000001, 161747, 0, 0),
(8000001, 161752, 0, 0),
(8000001, 161758, 0, 0),
(8000001, 161763, 0, 57),
(8000001, 161766, 0, 0),
(8000001, 161769, 0, 0);

-- Horde Leather
DELETE FROM npc_vendor WHERE entry = 8000002;
INSERT INTO npc_vendor (entry, item, OverrideGoldCost, Context) VALUES 
(8000002, 161647, 0, 57),
(8000002, 161756, 0, 57),
(8000002, 161636, 0, 57),
(8000002, 161640, 0, 0),
(8000002, 161641, 0, 0),
(8000002, 161651, 0, 0),
(8000002, 161652, 0, 57),
(8000002, 161659, 0, 0),
(8000002, 161663, 0, 0),
(8000002, 161745, 0, 57),
(8000002, 161749, 0, 0),
(8000002, 161750, 0, 0),
(8000002, 161760, 0, 0),
(8000002, 161761, 0, 57),
(8000002, 161768, 0, 0),
(8000002, 161772, 0, 0);

-- Horde Chainmail
DELETE FROM npc_vendor WHERE entry = 8000003;
INSERT INTO npc_vendor (entry, item, OverrideGoldCost, Context) VALUES 
(8000003, 161646, 0, 57),
(8000003, 161755, 0, 57),
(8000003, 161635, 0, 57),
(8000003, 161639, 0, 0),
(8000003, 161644, 0, 0),
(8000003, 161650, 0, 0),
(8000003, 161655, 0, 57),
(8000003, 161658, 0, 0),
(8000003, 161662, 0, 0),
(8000003, 161744, 0, 57),
(8000003, 161748, 0, 0),
(8000003, 161753, 0, 0),
(8000003, 161759, 0, 0),
(8000003, 161764, 0, 57),
(8000003, 161767, 0, 0),
(8000003, 161771, 0, 0);

-- Horde Plate
DELETE FROM npc_vendor WHERE entry = 8000004;
INSERT INTO npc_vendor (entry, item, OverrideGoldCost, Context) VALUES 
(8000004, 161632, 0, 57),
(8000004, 161741, 0, 57),
(8000004, 161634, 0, 57),
(8000004, 161637, 0, 0),
(8000004, 161642, 0, 0),
(8000004, 161648, 0, 0),
(8000004, 161653, 0, 57),
(8000004, 161656, 0, 0),
(8000004, 161661, 0, 0),
(8000004, 161743, 0, 57),
(8000004, 161746, 0, 0),
(8000004, 161751, 0, 0),
(8000004, 161757, 0, 0),
(8000004, 161762, 0, 57),
(8000004, 161765, 0, 0),
(8000004, 161770, 0, 0);

-- Horde trinkets, rings, tabard, misc
DELETE FROM npc_vendor WHERE entry = 8000005;
INSERT INTO npc_vendor (entry, item, OverrideGoldCost, Context) VALUES 
(8000005, 164572, 0, 0),
(8000005, 164574, 0, 0),
(8000005, 161668, 0, 0),
(8000005, 161669, 0, 0),
(8000005, 161671, 0, 0),
(8000005, 161672, 0, 0),
(8000005, 161674, 0, 0),
(8000005, 161675, 0, 0),
(8000005, 161676, 0, 0),
(8000005, 161898, 0, 0),
(8000005, 161899, 0, 0),
(8000005, 161902, 0, 0),
(8000005, 161906, 0, 0),
(8000005, 161907, 0, 0),
(8000005, 158075, 0, 0);

-- Alliance Weapon
DELETE FROM npc_vendor WHERE entry = 8000006;
INSERT INTO npc_vendor (entry, item, OverrideGoldCost, Context) VALUES 
(8000006, 161680, 0, 0),
(8000006, 161681, 0, 0),
(8000006, 161683, 0, 0),
(8000006, 161692, 0, 0),
(8000006, 161694, 0, 0),
(8000006, 161696, 0, 0),
(8000006, 161697, 0, 0),
(8000006, 161698, 0, 0),
(8000006, 161699, 0, 0),
(8000006, 161700, 0, 0),
(8000006, 161701, 0, 0),
(8000006, 161703, 0, 0),
(8000006, 161704, 0, 0),
(8000006, 161708, 0, 0),
(8000006, 162002, 0, 0),
(8000006, 162017, 0, 0);

-- Alliance Cloth
DELETE FROM npc_vendor WHERE entry = 8000007;
INSERT INTO npc_vendor (entry, item, OverrideGoldCost, Context) VALUES 
(8000007, 161601, 0, 57),
(8000007, 161606, 0, 0),
(8000007, 161611, 0, 0),
(8000007, 161613, 0, 57),
(8000007, 161617, 0, 0),
(8000007, 161622, 0, 57),
(8000007, 161625, 0, 0),
(8000007, 161628, 0, 0),
(8000007, 161657, 0, 0),
(8000007, 161710, 0, 57),
(8000007, 161715, 0, 0),
(8000007, 161720, 0, 0),
(8000007, 161722, 0, 57),
(8000007, 161726, 0, 0),
(8000007, 161731, 0, 57),
(8000007, 161737, 0, 0);

-- Alliance Leather
DELETE FROM npc_vendor WHERE entry = 8000008;
INSERT INTO npc_vendor (entry, item, OverrideGoldCost, Context) VALUES 
(8000008, 161604, 0, 57),
(8000008, 161608, 0, 0),
(8000008, 161609, 0, 0),
(8000008, 161615, 0, 57),
(8000008, 161619, 0, 0),
(8000008, 161620, 0, 57),
(8000008, 161627, 0, 0),
(8000008, 161631, 0, 0),
(8000008, 161713, 0, 57),
(8000008, 161717, 0, 0),
(8000008, 161718, 0, 0),
(8000008, 161724, 0, 57),
(8000008, 161728, 0, 0),
(8000008, 161729, 0, 57),
(8000008, 161736, 0, 0),
(8000008, 161740, 0, 0);

-- Alliance Chainmail
DELETE FROM npc_vendor WHERE entry = 8000009;
INSERT INTO npc_vendor (entry, item, OverrideGoldCost, Context) VALUES 
(8000009, 161603, 0, 57),
(8000009, 161607, 0, 0),
(8000009, 161612, 0, 0),
(8000009, 161614, 0, 57),
(8000009, 161618, 0, 0),
(8000009, 161623, 0, 57),
(8000009, 161626, 0, 0),
(8000009, 161630, 0, 0),
(8000009, 161712, 0, 57),
(8000009, 161716, 0, 0),
(8000009, 161721, 0, 0),
(8000009, 161723, 0, 57),
(8000009, 161727, 0, 0),
(8000009, 161732, 0, 57),
(8000009, 161735, 0, 0),
(8000009, 161739, 0, 0);

-- Alliance Plate
DELETE FROM npc_vendor WHERE entry = 8000010;
INSERT INTO npc_vendor (entry, item, OverrideGoldCost, Context) VALUES 
(8000010, 161600, 0, 57),
(8000010, 161602, 0, 57),
(8000010, 161605, 0, 0),
(8000010, 161610, 0, 0),
(8000010, 161616, 0, 0),
(8000010, 161621, 0, 57),
(8000010, 161624, 0, 0),
(8000010, 161629, 0, 0),
(8000010, 161709, 0, 57),
(8000010, 161711, 0, 57),
(8000010, 161714, 0, 0),
(8000010, 161719, 0, 0),
(8000010, 161725, 0, 0),
(8000010, 161730, 0, 57),
(8000010, 161733, 0, 0),
(8000010, 161738, 0, 0);

-- Alliance trinkets, rings, tabard, misc
DELETE FROM npc_vendor WHERE entry = 8000011;
INSERT INTO npc_vendor (entry, item, OverrideGoldCost, Context) VALUES 
(8000011, 164573, 0, 0),
(8000011, 164575, 0, 0),
(8000011, 163729, 0, 0),
(8000011, 163730, 0, 0),
(8000011, 161671, 0, 0),
(8000011, 161672, 0, 0),
(8000011, 161674, 0, 0),
(8000011, 161675, 0, 0),
(8000011, 161676, 0, 0),
(8000011, 161898, 0, 0),
(8000011, 161899, 0, 0),
(8000011, 161902, 0, 0),
(8000011, 163731, 0, 0),
(8000011, 163732, 0, 0),
(8000011, 158075, 0, 0);

DELETE FROM creature_template WHERE entry IN (8000000, 8000001, 8000002, 8000003, 8000004, 8000005, 8000006, 8000007, 8000008, 8000009, 8000010, 8000011);
INSERT INTO `creature_template` (`entry`, `difficulty_entry_1`, `difficulty_entry_2`, `difficulty_entry_3`, `KillCredit1`, `KillCredit2`, `name`, `femaleName`, `subname`, `TitleAlt`, `IconName`, `gossip_menu_id`, `minlevel`, `maxlevel`, `HealthScalingExpansion`, `RequiredExpansion`, `VignetteID`, `faction`, `npcflag`, `speed_walk`, `speed_run`, `scale`, `rank`, `dmgschool`, `BaseAttackTime`, `RangeAttackTime`, `BaseVariance`, `RangeVariance`, `unit_class`, `unit_flags`, `unit_flags2`, `unit_flags3`, `dynamicflags`, `family`, `trainer_type`, `trainer_class`, `trainer_race`, `type`, `type_flags`, `type_flags2`, `lootid`, `pickpocketloot`, `skinloot`, `resistance1`, `resistance2`, `resistance3`, `resistance4`, `resistance5`, `resistance6`, `spell1`, `spell2`, `spell3`, `spell4`, `spell5`, `spell6`, `spell7`, `spell8`, `VehicleId`, `mingold`, `maxgold`, `AIName`, `MovementType`, `InhabitType`, `HoverHeight`, `HealthModifier`, `HealthModifierExtra`, `ManaModifier`, `ManaModifierExtra`, `ArmorModifier`, `DamageModifier`, `ExperienceModifier`, `RacialLeader`, `movementId`, `RegenHealth`, `mechanic_immune_mask`, `flags_extra`, `ScriptName`, `VerifiedBuild`) VALUES (8000000, 0, 0, 0, 0, 0, 'Urtharo', '', 'PVP Weapon Merchant', '', '', 0, 120, 120, 3, 7, 0, 29, 4224, 1, 1.14286, 1, 0, 0, 2000, 2000, 1, 1, 1, 0, 0, 0, 0, 0, 0, 0, 0, 0, 0, 0, 0, 0, 0, 0, 0, 0, 0, 0, 0, 0, 0, 0, 0, 0, 0, 0, 0, 0, 0, 0, '', 0, 3, 1, 10, 1, 1, 1, 1, 10, 1, 0, 0, 1, 0, 2, '', 0);
INSERT INTO `creature_template` (`entry`, `difficulty_entry_1`, `difficulty_entry_2`, `difficulty_entry_3`, `KillCredit1`, `KillCredit2`, `name`, `femaleName`, `subname`, `TitleAlt`, `IconName`, `gossip_menu_id`, `minlevel`, `maxlevel`, `HealthScalingExpansion`, `RequiredExpansion`, `VignetteID`, `faction`, `npcflag`, `speed_walk`, `speed_run`, `scale`, `rank`, `dmgschool`, `BaseAttackTime`, `RangeAttackTime`, `BaseVariance`, `RangeVariance`, `unit_class`, `unit_flags`, `unit_flags2`, `unit_flags3`, `dynamicflags`, `family`, `trainer_type`, `trainer_class`, `trainer_race`, `type`, `type_flags`, `type_flags2`, `lootid`, `pickpocketloot`, `skinloot`, `resistance1`, `resistance2`, `resistance3`, `resistance4`, `resistance5`, `resistance6`, `spell1`, `spell2`, `spell3`, `spell4`, `spell5`, `spell6`, `spell7`, `spell8`, `VehicleId`, `mingold`, `maxgold`, `AIName`, `MovementType`, `InhabitType`, `HoverHeight`, `HealthModifier`, `HealthModifierExtra`, `ManaModifier`, `ManaModifierExtra`, `ArmorModifier`, `DamageModifier`, `ExperienceModifier`, `RacialLeader`, `movementId`, `RegenHealth`, `mechanic_immune_mask`, `flags_extra`, `ScriptName`, `VerifiedBuild`) VALUES (8000001, 0, 0, 0, 0, 0, 'Ollanus', '', 'PVP Cloth Armor Merchant', '', '', 0, 120, 120, 3, 7, 0, 29, 4224, 1, 1.14286, 1, 0, 0, 2000, 2000, 1, 1, 1, 0, 0, 0, 0, 0, 0, 0, 0, 0, 0, 0, 0, 0, 0, 0, 0, 0, 0, 0, 0, 0, 0, 0, 0, 0, 0, 0, 0, 0, 0, 0, '', 0, 3, 1, 10, 1, 1, 1, 1, 10, 1, 0, 0, 1, 0, 2, '', 0);
INSERT INTO `creature_template` (`entry`, `difficulty_entry_1`, `difficulty_entry_2`, `difficulty_entry_3`, `KillCredit1`, `KillCredit2`, `name`, `femaleName`, `subname`, `TitleAlt`, `IconName`, `gossip_menu_id`, `minlevel`, `maxlevel`, `HealthScalingExpansion`, `RequiredExpansion`, `VignetteID`, `faction`, `npcflag`, `speed_walk`, `speed_run`, `scale`, `rank`, `dmgschool`, `BaseAttackTime`, `RangeAttackTime`, `BaseVariance`, `RangeVariance`, `unit_class`, `unit_flags`, `unit_flags2`, `unit_flags3`, `dynamicflags`, `family`, `trainer_type`, `trainer_class`, `trainer_race`, `type`, `type_flags`, `type_flags2`, `lootid`, `pickpocketloot`, `skinloot`, `resistance1`, `resistance2`, `resistance3`, `resistance4`, `resistance5`, `resistance6`, `spell1`, `spell2`, `spell3`, `spell4`, `spell5`, `spell6`, `spell7`, `spell8`, `VehicleId`, `mingold`, `maxgold`, `AIName`, `MovementType`, `InhabitType`, `HoverHeight`, `HealthModifier`, `HealthModifierExtra`, `ManaModifier`, `ManaModifierExtra`, `ArmorModifier`, `DamageModifier`, `ExperienceModifier`, `RacialLeader`, `movementId`, `RegenHealth`, `mechanic_immune_mask`, `flags_extra`, `ScriptName`, `VerifiedBuild`) VALUES (8000002, 0, 0, 0, 0, 0, 'Kamari', '', 'PVP Leather Armor Merchant', '', '', 0, 120, 120, 3, 7, 0, 29, 4224, 1, 1.14286, 1, 0, 0, 2000, 2000, 1, 1, 1, 0, 0, 0, 0, 0, 0, 0, 0, 0, 0, 0, 0, 0, 0, 0, 0, 0, 0, 0, 0, 0, 0, 0, 0, 0, 0, 0, 0, 0, 0, 0, '', 0, 3, 1, 10, 1, 1, 1, 1, 10, 1, 0, 0, 1, 0, 2, '', 0);
INSERT INTO `creature_template` (`entry`, `difficulty_entry_1`, `difficulty_entry_2`, `difficulty_entry_3`, `KillCredit1`, `KillCredit2`, `name`, `femaleName`, `subname`, `TitleAlt`, `IconName`, `gossip_menu_id`, `minlevel`, `maxlevel`, `HealthScalingExpansion`, `RequiredExpansion`, `VignetteID`, `faction`, `npcflag`, `speed_walk`, `speed_run`, `scale`, `rank`, `dmgschool`, `BaseAttackTime`, `RangeAttackTime`, `BaseVariance`, `RangeVariance`, `unit_class`, `unit_flags`, `unit_flags2`, `unit_flags3`, `dynamicflags`, `family`, `trainer_type`, `trainer_class`, `trainer_race`, `type`, `type_flags`, `type_flags2`, `lootid`, `pickpocketloot`, `skinloot`, `resistance1`, `resistance2`, `resistance3`, `resistance4`, `resistance5`, `resistance6`, `spell1`, `spell2`, `spell3`, `spell4`, `spell5`, `spell6`, `spell7`, `spell8`, `VehicleId`, `mingold`, `maxgold`, `AIName`, `MovementType`, `InhabitType`, `HoverHeight`, `HealthModifier`, `HealthModifierExtra`, `ManaModifier`, `ManaModifierExtra`, `ArmorModifier`, `DamageModifier`, `ExperienceModifier`, `RacialLeader`, `movementId`, `RegenHealth`, `mechanic_immune_mask`, `flags_extra`, `ScriptName`, `VerifiedBuild`) VALUES (8000003, 0, 0, 0, 0, 0, 'OX', '', 'PVP Mail Armor Merchant', '', '', 0, 120, 120, 3, 7, 0, 29, 4224, 1, 1.14286, 1, 0, 0, 2000, 2000, 1, 1, 1, 0, 0, 0, 0, 0, 0, 0, 0, 0, 0, 0, 0, 0, 0, 0, 0, 0, 0, 0, 0, 0, 0, 0, 0, 0, 0, 0, 0, 0, 0, 0, '', 0, 3, 1, 10, 1, 1, 1, 1, 10, 1, 0, 0, 1, 0, 2, '', 0);
INSERT INTO `creature_template` (`entry`, `difficulty_entry_1`, `difficulty_entry_2`, `difficulty_entry_3`, `KillCredit1`, `KillCredit2`, `name`, `femaleName`, `subname`, `TitleAlt`, `IconName`, `gossip_menu_id`, `minlevel`, `maxlevel`, `HealthScalingExpansion`, `RequiredExpansion`, `VignetteID`, `faction`, `npcflag`, `speed_walk`, `speed_run`, `scale`, `rank`, `dmgschool`, `BaseAttackTime`, `RangeAttackTime`, `BaseVariance`, `RangeVariance`, `unit_class`, `unit_flags`, `unit_flags2`, `unit_flags3`, `dynamicflags`, `family`, `trainer_type`, `trainer_class`, `trainer_race`, `type`, `type_flags`, `type_flags2`, `lootid`, `pickpocketloot`, `skinloot`, `resistance1`, `resistance2`, `resistance3`, `resistance4`, `resistance5`, `resistance6`, `spell1`, `spell2`, `spell3`, `spell4`, `spell5`, `spell6`, `spell7`, `spell8`, `VehicleId`, `mingold`, `maxgold`, `AIName`, `MovementType`, `InhabitType`, `HoverHeight`, `HealthModifier`, `HealthModifierExtra`, `ManaModifier`, `ManaModifierExtra`, `ArmorModifier`, `DamageModifier`, `ExperienceModifier`, `RacialLeader`, `movementId`, `RegenHealth`, `mechanic_immune_mask`, `flags_extra`, `ScriptName`, `VerifiedBuild`) VALUES (8000004, 0, 0, 0, 0, 0, 'Fibi', '', 'PVP Plate Armor Merchant', '', '', 0, 120, 120, 3, 7, 0, 29, 4224, 1, 1.14286, 1, 0, 0, 2000, 2000, 1, 1, 1, 0, 0, 0, 0, 0, 0, 0, 0, 0, 0, 0, 0, 0, 0, 0, 0, 0, 0, 0, 0, 0, 0, 0, 0, 0, 0, 0, 0, 0, 0, 0, '', 0, 3, 1, 10, 1, 1, 1, 1, 10, 1, 0, 0, 1, 0, 2, '', 0);
INSERT INTO `creature_template` (`entry`, `difficulty_entry_1`, `difficulty_entry_2`, `difficulty_entry_3`, `KillCredit1`, `KillCredit2`, `name`, `femaleName`, `subname`, `TitleAlt`, `IconName`, `gossip_menu_id`, `minlevel`, `maxlevel`, `HealthScalingExpansion`, `RequiredExpansion`, `VignetteID`, `faction`, `npcflag`, `speed_walk`, `speed_run`, `scale`, `rank`, `dmgschool`, `BaseAttackTime`, `RangeAttackTime`, `BaseVariance`, `RangeVariance`, `unit_class`, `unit_flags`, `unit_flags2`, `unit_flags3`, `dynamicflags`, `family`, `trainer_type`, `trainer_class`, `trainer_race`, `type`, `type_flags`, `type_flags2`, `lootid`, `pickpocketloot`, `skinloot`, `resistance1`, `resistance2`, `resistance3`, `resistance4`, `resistance5`, `resistance6`, `spell1`, `spell2`, `spell3`, `spell4`, `spell5`, `spell6`, `spell7`, `spell8`, `VehicleId`, `mingold`, `maxgold`, `AIName`, `MovementType`, `InhabitType`, `HoverHeight`, `HealthModifier`, `HealthModifierExtra`, `ManaModifier`, `ManaModifierExtra`, `ArmorModifier`, `DamageModifier`, `ExperienceModifier`, `RacialLeader`, `movementId`, `RegenHealth`, `mechanic_immune_mask`, `flags_extra`, `ScriptName`, `VerifiedBuild`) VALUES (8000005, 0, 0, 0, 0, 0, 'Blox', '', 'PVP Merchant', '', '', 0, 120, 120, 3, 7, 0, 29, 4224, 1, 1.14286, 1, 0, 0, 2000, 2000, 1, 1, 1, 0, 0, 0, 0, 0, 0, 0, 0, 0, 0, 0, 0, 0, 0, 0, 0, 0, 0, 0, 0, 0, 0, 0, 0, 0, 0, 0, 0, 0, 0, 0, '', 0, 3, 1, 10, 1, 1, 1, 1, 10, 1, 0, 0, 1, 0, 2, '', 0);
INSERT INTO `creature_template` (`entry`, `difficulty_entry_1`, `difficulty_entry_2`, `difficulty_entry_3`, `KillCredit1`, `KillCredit2`, `name`, `femaleName`, `subname`, `TitleAlt`, `IconName`, `gossip_menu_id`, `minlevel`, `maxlevel`, `HealthScalingExpansion`, `RequiredExpansion`, `VignetteID`, `faction`, `npcflag`, `speed_walk`, `speed_run`, `scale`, `rank`, `dmgschool`, `BaseAttackTime`, `RangeAttackTime`, `BaseVariance`, `RangeVariance`, `unit_class`, `unit_flags`, `unit_flags2`, `unit_flags3`, `dynamicflags`, `family`, `trainer_type`, `trainer_class`, `trainer_race`, `type`, `type_flags`, `type_flags2`, `lootid`, `pickpocketloot`, `skinloot`, `resistance1`, `resistance2`, `resistance3`, `resistance4`, `resistance5`, `resistance6`, `spell1`, `spell2`, `spell3`, `spell4`, `spell5`, `spell6`, `spell7`, `spell8`, `VehicleId`, `mingold`, `maxgold`, `AIName`, `MovementType`, `InhabitType`, `HoverHeight`, `HealthModifier`, `HealthModifierExtra`, `ManaModifier`, `ManaModifierExtra`, `ArmorModifier`, `DamageModifier`, `ExperienceModifier`, `RacialLeader`, `movementId`, `RegenHealth`, `mechanic_immune_mask`, `flags_extra`, `ScriptName`, `VerifiedBuild`) VALUES (8000006, 0, 0, 0, 0, 0, 'Karter', NULL, 'PVP Weapon Merchant', '', NULL, 0, 120, 120, 3, 7, 0, 1078, 4224, 1, 1.14286, 1, 0, 0, 2000, 2000, 1, 1, 1, 0, 0, 0, 0, 0, 0, 0, 0, 0, 0, 0, 0, 0, 0, 0, 0, 0, 0, 0, 0, 0, 0, 0, 0, 0, 0, 0, 0, 0, 0, 0, '', 0, 3, 1, 10, 1, 1, 1, 1, 10, 1, 0, 0, 1, 0, 2, '', 0);
INSERT INTO `creature_template` (`entry`, `difficulty_entry_1`, `difficulty_entry_2`, `difficulty_entry_3`, `KillCredit1`, `KillCredit2`, `name`, `femaleName`, `subname`, `TitleAlt`, `IconName`, `gossip_menu_id`, `minlevel`, `maxlevel`, `HealthScalingExpansion`, `RequiredExpansion`, `VignetteID`, `faction`, `npcflag`, `speed_walk`, `speed_run`, `scale`, `rank`, `dmgschool`, `BaseAttackTime`, `RangeAttackTime`, `BaseVariance`, `RangeVariance`, `unit_class`, `unit_flags`, `unit_flags2`, `unit_flags3`, `dynamicflags`, `family`, `trainer_type`, `trainer_class`, `trainer_race`, `type`, `type_flags`, `type_flags2`, `lootid`, `pickpocketloot`, `skinloot`, `resistance1`, `resistance2`, `resistance3`, `resistance4`, `resistance5`, `resistance6`, `spell1`, `spell2`, `spell3`, `spell4`, `spell5`, `spell6`, `spell7`, `spell8`, `VehicleId`, `mingold`, `maxgold`, `AIName`, `MovementType`, `InhabitType`, `HoverHeight`, `HealthModifier`, `HealthModifierExtra`, `ManaModifier`, `ManaModifierExtra`, `ArmorModifier`, `DamageModifier`, `ExperienceModifier`, `RacialLeader`, `movementId`, `RegenHealth`, `mechanic_immune_mask`, `flags_extra`, `ScriptName`, `VerifiedBuild`) VALUES (8000007, 0, 0, 0, 0, 0, 'Fitz', '', 'PVP Cloth Armor Merchant', '', '', 0, 120, 120, 3, 7, 0, 1078, 4224, 1, 1.14286, 1, 0, 0, 2000, 2000, 1, 1, 1, 0, 0, 0, 0, 0, 0, 0, 0, 0, 0, 0, 0, 0, 0, 0, 0, 0, 0, 0, 0, 0, 0, 0, 0, 0, 0, 0, 0, 0, 0, 0, '', 0, 3, 1, 10, 1, 1, 1, 1, 10, 1, 0, 0, 1, 0, 2, '', 0);
INSERT INTO `creature_template` (`entry`, `difficulty_entry_1`, `difficulty_entry_2`, `difficulty_entry_3`, `KillCredit1`, `KillCredit2`, `name`, `femaleName`, `subname`, `TitleAlt`, `IconName`, `gossip_menu_id`, `minlevel`, `maxlevel`, `HealthScalingExpansion`, `RequiredExpansion`, `VignetteID`, `faction`, `npcflag`, `speed_walk`, `speed_run`, `scale`, `rank`, `dmgschool`, `BaseAttackTime`, `RangeAttackTime`, `BaseVariance`, `RangeVariance`, `unit_class`, `unit_flags`, `unit_flags2`, `unit_flags3`, `dynamicflags`, `family`, `trainer_type`, `trainer_class`, `trainer_race`, `type`, `type_flags`, `type_flags2`, `lootid`, `pickpocketloot`, `skinloot`, `resistance1`, `resistance2`, `resistance3`, `resistance4`, `resistance5`, `resistance6`, `spell1`, `spell2`, `spell3`, `spell4`, `spell5`, `spell6`, `spell7`, `spell8`, `VehicleId`, `mingold`, `maxgold`, `AIName`, `MovementType`, `InhabitType`, `HoverHeight`, `HealthModifier`, `HealthModifierExtra`, `ManaModifier`, `ManaModifierExtra`, `ArmorModifier`, `DamageModifier`, `ExperienceModifier`, `RacialLeader`, `movementId`, `RegenHealth`, `mechanic_immune_mask`, `flags_extra`, `ScriptName`, `VerifiedBuild`) VALUES (8000008, 0, 0, 0, 0, 0, 'Karrina', NULL, 'PVP Leather Armor Merchant', NULL, NULL, 0, 120, 120, 3, 7, 0, 1078, 4224, 1, 1.14286, 1, 0, 0, 2000, 2000, 1, 1, 1, 0, 0, 0, 0, 0, 0, 0, 0, 0, 0, 0, 0, 0, 0, 0, 0, 0, 0, 0, 0, 0, 0, 0, 0, 0, 0, 0, 0, 0, 0, 0, '', 0, 3, 1, 10, 1, 1, 1, 1, 10, 1, 0, 0, 1, 0, 2, '', 0);
INSERT INTO `creature_template` (`entry`, `difficulty_entry_1`, `difficulty_entry_2`, `difficulty_entry_3`, `KillCredit1`, `KillCredit2`, `name`, `femaleName`, `subname`, `TitleAlt`, `IconName`, `gossip_menu_id`, `minlevel`, `maxlevel`, `HealthScalingExpansion`, `RequiredExpansion`, `VignetteID`, `faction`, `npcflag`, `speed_walk`, `speed_run`, `scale`, `rank`, `dmgschool`, `BaseAttackTime`, `RangeAttackTime`, `BaseVariance`, `RangeVariance`, `unit_class`, `unit_flags`, `unit_flags2`, `unit_flags3`, `dynamicflags`, `family`, `trainer_type`, `trainer_class`, `trainer_race`, `type`, `type_flags`, `type_flags2`, `lootid`, `pickpocketloot`, `skinloot`, `resistance1`, `resistance2`, `resistance3`, `resistance4`, `resistance5`, `resistance6`, `spell1`, `spell2`, `spell3`, `spell4`, `spell5`, `spell6`, `spell7`, `spell8`, `VehicleId`, `mingold`, `maxgold`, `AIName`, `MovementType`, `InhabitType`, `HoverHeight`, `HealthModifier`, `HealthModifierExtra`, `ManaModifier`, `ManaModifierExtra`, `ArmorModifier`, `DamageModifier`, `ExperienceModifier`, `RacialLeader`, `movementId`, `RegenHealth`, `mechanic_immune_mask`, `flags_extra`, `ScriptName`, `VerifiedBuild`) VALUES (8000009, 0, 0, 0, 0, 0, 'Osric', '', 'PVP Mail Armor Merchant', '', '', 0, 120, 120, 3, 7, 0, 1078, 4224, 1, 1.14286, 1, 0, 0, 2000, 2000, 1, 1, 1, 0, 0, 0, 0, 0, 0, 0, 0, 0, 0, 0, 0, 0, 0, 0, 0, 0, 0, 0, 0, 0, 0, 0, 0, 0, 0, 0, 0, 0, 0, 0, '', 0, 3, 1, 10, 1, 1, 1, 1, 10, 1, 0, 0, 1, 0, 2, '', 0);
INSERT INTO `creature_template` (`entry`, `difficulty_entry_1`, `difficulty_entry_2`, `difficulty_entry_3`, `KillCredit1`, `KillCredit2`, `name`, `femaleName`, `subname`, `TitleAlt`, `IconName`, `gossip_menu_id`, `minlevel`, `maxlevel`, `HealthScalingExpansion`, `RequiredExpansion`, `VignetteID`, `faction`, `npcflag`, `speed_walk`, `speed_run`, `scale`, `rank`, `dmgschool`, `BaseAttackTime`, `RangeAttackTime`, `BaseVariance`, `RangeVariance`, `unit_class`, `unit_flags`, `unit_flags2`, `unit_flags3`, `dynamicflags`, `family`, `trainer_type`, `trainer_class`, `trainer_race`, `type`, `type_flags`, `type_flags2`, `lootid`, `pickpocketloot`, `skinloot`, `resistance1`, `resistance2`, `resistance3`, `resistance4`, `resistance5`, `resistance6`, `spell1`, `spell2`, `spell3`, `spell4`, `spell5`, `spell6`, `spell7`, `spell8`, `VehicleId`, `mingold`, `maxgold`, `AIName`, `MovementType`, `InhabitType`, `HoverHeight`, `HealthModifier`, `HealthModifierExtra`, `ManaModifier`, `ManaModifierExtra`, `ArmorModifier`, `DamageModifier`, `ExperienceModifier`, `RacialLeader`, `movementId`, `RegenHealth`, `mechanic_immune_mask`, `flags_extra`, `ScriptName`, `VerifiedBuild`) VALUES (8000010, 0, 0, 0, 0, 0, 'Dirgehammer', '', 'PVP Plate Armor Merchant', '', '', 0, 120, 120, 3, 7, 0, 1078, 4224, 1, 1.14286, 1, 0, 0, 2000, 2000, 1, 1, 1, 0, 0, 0, 0, 0, 0, 0, 0, 0, 0, 0, 0, 0, 0, 0, 0, 0, 0, 0, 0, 0, 0, 0, 0, 0, 0, 0, 0, 0, 0, 0, '', 0, 3, 1, 10, 1, 1, 1, 1, 10, 1, 0, 0, 1, 0, 2, '', 0);
INSERT INTO `creature_template` (`entry`, `difficulty_entry_1`, `difficulty_entry_2`, `difficulty_entry_3`, `KillCredit1`, `KillCredit2`, `name`, `femaleName`, `subname`, `TitleAlt`, `IconName`, `gossip_menu_id`, `minlevel`, `maxlevel`, `HealthScalingExpansion`, `RequiredExpansion`, `VignetteID`, `faction`, `npcflag`, `speed_walk`, `speed_run`, `scale`, `rank`, `dmgschool`, `BaseAttackTime`, `RangeAttackTime`, `BaseVariance`, `RangeVariance`, `unit_class`, `unit_flags`, `unit_flags2`, `unit_flags3`, `dynamicflags`, `family`, `trainer_type`, `trainer_class`, `trainer_race`, `type`, `type_flags`, `type_flags2`, `lootid`, `pickpocketloot`, `skinloot`, `resistance1`, `resistance2`, `resistance3`, `resistance4`, `resistance5`, `resistance6`, `spell1`, `spell2`, `spell3`, `spell4`, `spell5`, `spell6`, `spell7`, `spell8`, `VehicleId`, `mingold`, `maxgold`, `AIName`, `MovementType`, `InhabitType`, `HoverHeight`, `HealthModifier`, `HealthModifierExtra`, `ManaModifier`, `ManaModifierExtra`, `ArmorModifier`, `DamageModifier`, `ExperienceModifier`, `RacialLeader`, `movementId`, `RegenHealth`, `mechanic_immune_mask`, `flags_extra`, `ScriptName`, `VerifiedBuild`) VALUES (8000011, 0, 0, 0, 0, 0, 'Saelienne', '', 'PVP Merchant', '', '', 0, 120, 120, 3, 7, 0, 1078, 4224, 1, 1.14286, 1, 0, 0, 2000, 2000, 1, 1, 1, 0, 0, 0, 0, 0, 0, 0, 0, 0, 0, 0, 0, 0, 0, 0, 0, 0, 0, 0, 0, 0, 0, 0, 0, 0, 0, 0, 0, 0, 0, 0, '', 0, 3, 1, 10, 1, 1, 1, 1, 10, 1, 0, 0, 1, 0, 2, '', 0);

DELETE FROM creature_template_model WHERE CreatureID IN (8000000, 8000001, 8000002, 8000003, 8000004, 8000005, 8000006, 8000007, 8000008, 8000009, 8000010, 8000011);
INSERT INTO `creature_template_model` (`CreatureID`, `Idx`, `CreatureDisplayID`, `DisplayScale`, `Probability`, `VerifiedBuild`) VALUES (8000000, 0, 1314, 1, 1, 0);
INSERT INTO `creature_template_model` (`CreatureID`, `Idx`, `CreatureDisplayID`, `DisplayScale`, `Probability`, `VerifiedBuild`) VALUES (8000001, 0, 1317, 1, 1, 0);
INSERT INTO `creature_template_model` (`CreatureID`, `Idx`, `CreatureDisplayID`, `DisplayScale`, `Probability`, `VerifiedBuild`) VALUES (8000002, 0, 4350, 1, 1, 0);
INSERT INTO `creature_template_model` (`CreatureID`, `Idx`, `CreatureDisplayID`, `DisplayScale`, `Probability`, `VerifiedBuild`) VALUES (8000003, 0, 6854, 1, 1, 0);
INSERT INTO `creature_template_model` (`CreatureID`, `Idx`, `CreatureDisplayID`, `DisplayScale`, `Probability`, `VerifiedBuild`) VALUES (8000004, 0, 35183, 1, 1, 0);
INSERT INTO `creature_template_model` (`CreatureID`, `Idx`, `CreatureDisplayID`, `DisplayScale`, `Probability`, `VerifiedBuild`) VALUES (8000005, 0, 38047, 1, 1, 0);
INSERT INTO `creature_template_model` (`CreatureID`, `Idx`, `CreatureDisplayID`, `DisplayScale`, `Probability`, `VerifiedBuild`) VALUES (8000006, 0, 12922, 1, 1, 0);
INSERT INTO `creature_template_model` (`CreatureID`, `Idx`, `CreatureDisplayID`, `DisplayScale`, `Probability`, `VerifiedBuild`) VALUES (8000007, 0, 33529, 1, 1, 0);
INSERT INTO `creature_template_model` (`CreatureID`, `Idx`, `CreatureDisplayID`, `DisplayScale`, `Probability`, `VerifiedBuild`) VALUES (8000008, 0, 5043, 1, 1, 0);
INSERT INTO `creature_template_model` (`CreatureID`, `Idx`, `CreatureDisplayID`, `DisplayScale`, `Probability`, `VerifiedBuild`) VALUES (8000009, 0, 1515, 1, 1, 0);
INSERT INTO `creature_template_model` (`CreatureID`, `Idx`, `CreatureDisplayID`, `DisplayScale`, `Probability`, `VerifiedBuild`) VALUES (8000010, 0, 12917, 1, 1, 0);
INSERT INTO `creature_template_model` (`CreatureID`, `Idx`, `CreatureDisplayID`, `DisplayScale`, `Probability`, `VerifiedBuild`) VALUES (8000011, 0, 5439, 1, 1, 0);

DELETE FROM creature_equip_template WHERE CreatureID IN (8000000, 8000001, 8000002, 8000003, 8000004, 8000005, 8000006, 8000007, 8000008, 8000009, 8000010, 8000011);
INSERT INTO `creature_equip_template` (`CreatureID`, `ID`, `ItemID1`, `AppearanceModID1`, `ItemVisual1`, `ItemID2`, `AppearanceModID2`, `ItemVisual2`, `ItemID3`, `AppearanceModID3`, `ItemVisual3`, `VerifiedBuild`) VALUES (8000006, 1, 161708, 0, 0, 161708, 0, 0, 0, 0, 0, 0);
INSERT INTO `creature_equip_template` (`CreatureID`, `ID`, `ItemID1`, `AppearanceModID1`, `ItemVisual1`, `ItemID2`, `AppearanceModID2`, `ItemVisual2`, `ItemID3`, `AppearanceModID3`, `ItemVisual3`, `VerifiedBuild`) VALUES (8000000, 1, 161679, 0, 0, 161679, 0, 0, 0, 0, 0, 0);

DELETE FROM creature_template_addon WHERE entry IN (8000000, 8000001, 8000002, 8000003, 8000004, 8000005, 8000006, 8000007, 8000008, 8000009, 8000010, 8000011);
INSERT INTO creature_template_addon (entry, auras) VALUES 
(8000000, '188234'),
(8000001, '188234'),
(8000002, '188234'),
(8000003, '188234'),
(8000004, '188234'),
(8000005, '188234'),
(8000006, '188234'),
(8000007, '188234'),
(8000008, '188234'),
(8000009, '188234'),
(8000010, '188234'),
(8000011, '188234');

DELETE FROM creature WHERE id IN (8000000, 8000001, 8000002, 8000003, 8000004, 8000005, 8000006, 8000007, 8000008, 8000009, 8000010, 8000011);
INSERT INTO `creature` (`guid`, `id`, `map`, `zoneId`, `areaId`, `spawnDifficulties`, `phaseUseFlags`, `PhaseId`, `PhaseGroup`, `terrainSwapMap`, `modelid`, `equipment_id`, `position_x`, `position_y`, `position_z`, `orientation`, `spawntimesecs`, `spawndist`, `currentwaypoint`, `curhealth`, `curmana`, `MovementType`, `npcflag`, `unit_flags`, `unit_flags2`, `unit_flags3`, `dynamicflags`, `ScriptName`, `VerifiedBuild`) VALUES (281000000, 8000010, 0, 0, 0, '0', 0, 0, 0, -1, 0, 0, -8557.92, 1072.45, 19.0521, 0.812153, 300, 0, 0, 432301, 0, 0, 0, 0, 0, 0, 0, '', 0);
INSERT INTO `creature` (`guid`, `id`, `map`, `zoneId`, `areaId`, `spawnDifficulties`, `phaseUseFlags`, `PhaseId`, `PhaseGroup`, `terrainSwapMap`, `modelid`, `equipment_id`, `position_x`, `position_y`, `position_z`, `orientation`, `spawntimesecs`, `spawndist`, `currentwaypoint`, `curhealth`, `curmana`, `MovementType`, `npcflag`, `unit_flags`, `unit_flags2`, `unit_flags3`, `dynamicflags`, `ScriptName`, `VerifiedBuild`) VALUES (281000001, 8000009, 0, 0, 0, '0', 0, 0, 0, -1, 0, 0, -8555.13, 1069.8, 19.0521, 0.812153, 300, 0, 0, 432301, 0, 0, 0, 0, 0, 0, 0, '', 0);
INSERT INTO `creature` (`guid`, `id`, `map`, `zoneId`, `areaId`, `spawnDifficulties`, `phaseUseFlags`, `PhaseId`, `PhaseGroup`, `terrainSwapMap`, `modelid`, `equipment_id`, `position_x`, `position_y`, `position_z`, `orientation`, `spawntimesecs`, `spawndist`, `currentwaypoint`, `curhealth`, `curmana`, `MovementType`, `npcflag`, `unit_flags`, `unit_flags2`, `unit_flags3`, `dynamicflags`, `ScriptName`, `VerifiedBuild`) VALUES (281000002, 8000008, 0, 0, 0, '0', 0, 0, 0, -1, 0, 0, -8560.75, 1077.49, 20.6284, 0.651143, 300, 0, 0, 432301, 0, 0, 0, 0, 0, 0, 0, '', 0);
INSERT INTO `creature` (`guid`, `id`, `map`, `zoneId`, `areaId`, `spawnDifficulties`, `phaseUseFlags`, `PhaseId`, `PhaseGroup`, `terrainSwapMap`, `modelid`, `equipment_id`, `position_x`, `position_y`, `position_z`, `orientation`, `spawntimesecs`, `spawndist`, `currentwaypoint`, `curhealth`, `curmana`, `MovementType`, `npcflag`, `unit_flags`, `unit_flags2`, `unit_flags3`, `dynamicflags`, `ScriptName`, `VerifiedBuild`) VALUES (281000003, 8000007, 0, 0, 0, '0', 0, 0, 0, -1, 0, 0, -8567.51, 1095.24, 19.0522, 5.92902, 300, 0, 0, 432301, 0, 0, 0, 0, 0, 0, 0, '', 0);
INSERT INTO `creature` (`guid`, `id`, `map`, `zoneId`, `areaId`, `spawnDifficulties`, `phaseUseFlags`, `PhaseId`, `PhaseGroup`, `terrainSwapMap`, `modelid`, `equipment_id`, `position_x`, `position_y`, `position_z`, `orientation`, `spawntimesecs`, `spawndist`, `currentwaypoint`, `curhealth`, `curmana`, `MovementType`, `npcflag`, `unit_flags`, `unit_flags2`, `unit_flags3`, `dynamicflags`, `ScriptName`, `VerifiedBuild`) VALUES (281000004, 8000006, 0, 0, 0, '0', 0, 0, 0, -1, 0, 1, -8527.27, 1113.91, 19.0522, 4.33466, 300, 0, 0, 432301, 0, 0, 0, 0, 0, 0, 0, '', 0);
INSERT INTO `creature` (`guid`, `id`, `map`, `zoneId`, `areaId`, `spawnDifficulties`, `phaseUseFlags`, `PhaseId`, `PhaseGroup`, `terrainSwapMap`, `modelid`, `equipment_id`, `position_x`, `position_y`, `position_z`, `orientation`, `spawntimesecs`, `spawndist`, `currentwaypoint`, `curhealth`, `curmana`, `MovementType`, `npcflag`, `unit_flags`, `unit_flags2`, `unit_flags3`, `dynamicflags`, `ScriptName`, `VerifiedBuild`) VALUES (281000005, 8000011, 0, 0, 0, '0', 0, 0, 0, -1, 0, 0, -8530.51, 1116.42, 19.0522, 4.33466, 300, 0, 0, 432301, 0, 0, 0, 0, 0, 0, 0, '', 0);
INSERT INTO `creature` (`guid`, `id`, `map`, `zoneId`, `areaId`, `spawnDifficulties`, `phaseUseFlags`, `PhaseId`, `PhaseGroup`, `terrainSwapMap`, `modelid`, `equipment_id`, `position_x`, `position_y`, `position_z`, `orientation`, `spawntimesecs`, `spawndist`, `currentwaypoint`, `curhealth`, `curmana`, `MovementType`, `npcflag`, `unit_flags`, `unit_flags2`, `unit_flags3`, `dynamicflags`, `ScriptName`, `VerifiedBuild`) VALUES (281000006, 8000000, 1, 14, 4982, '0', 0, 0, 0, -1, 0, 1, 1331.48, -4399.58, 27.664, 5.03841, 300, 0, 0, 432301, 0, 0, 0, 0, 0, 0, 0, '', 0);
INSERT INTO `creature` (`guid`, `id`, `map`, `zoneId`, `areaId`, `spawnDifficulties`, `phaseUseFlags`, `PhaseId`, `PhaseGroup`, `terrainSwapMap`, `modelid`, `equipment_id`, `position_x`, `position_y`, `position_z`, `orientation`, `spawntimesecs`, `spawndist`, `currentwaypoint`, `curhealth`, `curmana`, `MovementType`, `npcflag`, `unit_flags`, `unit_flags2`, `unit_flags3`, `dynamicflags`, `ScriptName`, `VerifiedBuild`) VALUES (281000007, 8000001, 1, 14, 4982, '0', 0, 0, 0, -1, 0, 0, 1341.25, -4419.68, 28.1404, 2.95135, 300, 0, 0, 432301, 0, 0, 0, 0, 0, 0, 0, '', 0);
INSERT INTO `creature` (`guid`, `id`, `map`, `zoneId`, `areaId`, `spawnDifficulties`, `phaseUseFlags`, `PhaseId`, `PhaseGroup`, `terrainSwapMap`, `modelid`, `equipment_id`, `position_x`, `position_y`, `position_z`, `orientation`, `spawntimesecs`, `spawndist`, `currentwaypoint`, `curhealth`, `curmana`, `MovementType`, `npcflag`, `unit_flags`, `unit_flags2`, `unit_flags3`, `dynamicflags`, `ScriptName`, `VerifiedBuild`) VALUES (281000008, 8000002, 1, 14, 4982, '0', 0, 0, 0, -1, 0, 0, 1356.08, -4407.14, 28.5504, 2.88066, 300, 0, 0, 432301, 0, 0, 0, 0, 0, 0, 0, '', 0);
INSERT INTO `creature` (`guid`, `id`, `map`, `zoneId`, `areaId`, `spawnDifficulties`, `phaseUseFlags`, `PhaseId`, `PhaseGroup`, `terrainSwapMap`, `modelid`, `equipment_id`, `position_x`, `position_y`, `position_z`, `orientation`, `spawntimesecs`, `spawndist`, `currentwaypoint`, `curhealth`, `curmana`, `MovementType`, `npcflag`, `unit_flags`, `unit_flags2`, `unit_flags3`, `dynamicflags`, `ScriptName`, `VerifiedBuild`) VALUES (281000009, 8000003, 1, 14, 4982, '0', 0, 0, 0, -1, 0, 0, 1338.16, -4407.32, 27.5535, 5.82198, 300, 0, 0, 432301, 0, 0, 0, 0, 0, 0, 0, '', 0);
INSERT INTO `creature` (`guid`, `id`, `map`, `zoneId`, `areaId`, `spawnDifficulties`, `phaseUseFlags`, `PhaseId`, `PhaseGroup`, `terrainSwapMap`, `modelid`, `equipment_id`, `position_x`, `position_y`, `position_z`, `orientation`, `spawntimesecs`, `spawndist`, `currentwaypoint`, `curhealth`, `curmana`, `MovementType`, `npcflag`, `unit_flags`, `unit_flags2`, `unit_flags3`, `dynamicflags`, `ScriptName`, `VerifiedBuild`) VALUES (281000010, 8000005, 1, 14, 4982, '0', 0, 0, 0, -1, 0, 0, 1347.2, -4406.77, 29.9573, 1.20667, 300, 0, 0, 432301, 0, 0, 0, 0, 0, 0, 0, '', 0);
INSERT INTO `creature` (`guid`, `id`, `map`, `zoneId`, `areaId`, `spawnDifficulties`, `phaseUseFlags`, `PhaseId`, `PhaseGroup`, `terrainSwapMap`, `modelid`, `equipment_id`, `position_x`, `position_y`, `position_z`, `orientation`, `spawntimesecs`, `spawndist`, `currentwaypoint`, `curhealth`, `curmana`, `MovementType`, `npcflag`, `unit_flags`, `unit_flags2`, `unit_flags3`, `dynamicflags`, `ScriptName`, `VerifiedBuild`) VALUES (281000011, 8000004, 1, 14, 4982, '0', 0, 0, 0, -1, 0, 0, 1344.68, -4405.45, 29.1049, 1.67791, 300, 0, 0, 432301, 0, 0, 0, 0, 0, 0, 0, '', 0);

DELETE FROM playercreateinfo_spell_custom WHERE Spell = 90265;
INSERT INTO playercreateinfo_spell_custom (racemask, classmask, Spell, Note) VALUES 
(0, 0, 90265, 'Master Riding');

-- Original starting data
-- INSERT INTO `playercreateinfo` VALUES('1', '9', '0', '9', '-8914.57', '-133.909', '80.5378', '5.13806');
-- INSERT INTO `playercreateinfo` VALUES('1', '8', '0', '9', '-8914.57', '-133.909', '80.5378', '5.13806');
-- INSERT INTO `playercreateinfo` VALUES('1', '5', '0', '9', '-8914.57', '-133.909', '80.5378', '5.13806');
-- INSERT INTO `playercreateinfo` VALUES('1', '4', '0', '9', '-8914.57', '-133.909', '80.5378', '5.13806');
-- INSERT INTO `playercreateinfo` VALUES('1', '2', '0', '9', '-8914.57', '-133.909', '80.5378', '5.13806');
-- INSERT INTO `playercreateinfo` VALUES('1', '1', '0', '9', '-8914.57', '-133.909', '80.5378', '5.13806');
-- INSERT INTO `playercreateinfo` VALUES('2', '1', '1', '14', '-618.518', '-4251.67', '38.718', '6.17716');
-- INSERT INTO `playercreateinfo` VALUES('2', '3', '1', '14', '-618.518', '-4251.67', '38.718', '6.17716');
-- INSERT INTO `playercreateinfo` VALUES('2', '4', '1', '14', '-618.518', '-4251.67', '38.718', '6.17716');
-- INSERT INTO `playercreateinfo` VALUES('2', '7', '1', '14', '-618.518', '-4251.67', '38.718', '6.17716');
-- INSERT INTO `playercreateinfo` VALUES('2', '9', '1', '14', '-618.518', '-4251.67', '38.718', '6.17716');
-- INSERT INTO `playercreateinfo` VALUES('3', '1', '0', '1', '-6230.42', '330.232', '383.105', '6.17716');
-- INSERT INTO `playercreateinfo` VALUES('3', '2', '0', '1', '-6230.42', '330.232', '383.105', '6.17716');
-- INSERT INTO `playercreateinfo` VALUES('3', '3', '0', '1', '-6230.42', '330.232', '383.105', '6.17716');
-- INSERT INTO `playercreateinfo` VALUES('3', '4', '0', '1', '-6230.42', '330.232', '383.105', '6.17716');
-- INSERT INTO `playercreateinfo` VALUES('3', '5', '0', '1', '-6230.42', '330.232', '383.105', '6.17716');
-- INSERT INTO `playercreateinfo` VALUES('4', '1', '1', '141', '10311.3', '831.463', '1326.57', '5.69632');
-- INSERT INTO `playercreateinfo` VALUES('4', '3', '1', '141', '10311.3', '831.463', '1326.57', '5.69632');
-- INSERT INTO `playercreateinfo` VALUES('4', '4', '1', '141', '10311.3', '831.463', '1326.57', '5.69632');
-- INSERT INTO `playercreateinfo` VALUES('4', '5', '1', '141', '10311.3', '831.463', '1326.57', '5.69632');
-- INSERT INTO `playercreateinfo` VALUES('4', '11', '1', '141', '10311.3', '831.463', '1326.57', '5.69632');
-- INSERT INTO `playercreateinfo` VALUES('5', '9', '0', '5692', '1699.85', '1706.56', '135.928', '4.88839');
-- INSERT INTO `playercreateinfo` VALUES('5', '8', '0', '5692', '1699.85', '1706.56', '135.928', '4.88839');
-- INSERT INTO `playercreateinfo` VALUES('5', '5', '0', '5692', '1699.85', '1706.56', '135.928', '4.88839');
-- INSERT INTO `playercreateinfo` VALUES('5', '3', '0', '5692', '1699.85', '1706.56', '135.928', '4.88839');
-- INSERT INTO `playercreateinfo` VALUES('5', '1', '0', '5692', '1699.85', '1706.56', '135.928', '4.88839');
-- INSERT INTO `playercreateinfo` VALUES('6', '7', '1', '221', '-2915.55', '-257.347', '59.2693', '0.302378');
-- INSERT INTO `playercreateinfo` VALUES('6', '5', '1', '221', '-2915.55', '-257.347', '59.2693', '0.302378');
-- INSERT INTO `playercreateinfo` VALUES('6', '2', '1', '221', '-2915.55', '-257.347', '59.2693', '0.302378');
-- INSERT INTO `playercreateinfo` VALUES('6', '1', '1', '221', '-2915.55', '-257.347', '59.2693', '0.302378');
-- INSERT INTO `playercreateinfo` VALUES('7', '9', '0', '5495', '-4983.42', '877.7', '274.31', '3.06393');
-- INSERT INTO `playercreateinfo` VALUES('7', '1', '0', '5495', '-4983.42', '877.7', '274.31', '3.06393');
-- INSERT INTO `playercreateinfo` VALUES('7', '4', '0', '5495', '-4983.42', '877.7', '274.31', '3.06393');
-- INSERT INTO `playercreateinfo` VALUES('7', '8', '0', '5495', '-4983.42', '877.7', '274.31', '3.06393');
-- INSERT INTO `playercreateinfo` VALUES('8', '9', '1', '5691', '-1171.45', '-5263.65', '0.847728', '5.78945');
-- INSERT INTO `playercreateinfo` VALUES('8', '8', '1', '5691', '-1171.45', '-5263.65', '0.847728', '5.78945');
-- INSERT INTO `playercreateinfo` VALUES('8', '7', '1', '5691', '-1171.45', '-5263.65', '0.847728', '5.78945');
-- INSERT INTO `playercreateinfo` VALUES('8', '5', '1', '5691', '-1171.45', '-5263.65', '0.847728', '5.78945');
-- INSERT INTO `playercreateinfo` VALUES('8', '3', '1', '5691', '-1171.45', '-5263.65', '0.847728', '5.78945');
-- INSERT INTO `playercreateinfo` VALUES('8', '1', '1', '5691', '-1171.45', '-5263.65', '0.847728', '5.78945');
-- INSERT INTO `playercreateinfo` VALUES('10', '2', '530', '3431', '10349.6', '-6357.29', '33.4026', '5.31605');
-- INSERT INTO `playercreateinfo` VALUES('10', '3', '530', '3431', '10349.6', '-6357.29', '33.4026', '5.31605');
-- INSERT INTO `playercreateinfo` VALUES('10', '4', '530', '3431', '10349.6', '-6357.29', '33.4026', '5.31605');
-- INSERT INTO `playercreateinfo` VALUES('10', '5', '530', '3431', '10349.6', '-6357.29', '33.4026', '5.31605');
-- INSERT INTO `playercreateinfo` VALUES('10', '8', '530', '3431', '10349.6', '-6357.29', '33.4026', '5.31605');
-- INSERT INTO `playercreateinfo` VALUES('10', '9', '530', '3431', '10349.6', '-6357.29', '33.4026', '5.31605');
-- INSERT INTO `playercreateinfo` VALUES('11', '1', '530', '3526', '-3961.64', '-13931.2', '100.615', '2.08364');
-- INSERT INTO `playercreateinfo` VALUES('11', '2', '530', '3526', '-3961.64', '-13931.2', '100.615', '2.08364');
-- INSERT INTO `playercreateinfo` VALUES('11', '3', '530', '3526', '-3961.64', '-13931.2', '100.615', '2.08364');
-- INSERT INTO `playercreateinfo` VALUES('11', '5', '530', '3526', '-3961.64', '-13931.2', '100.615', '2.08364');
-- INSERT INTO `playercreateinfo` VALUES('11', '7', '530', '3526', '-3961.64', '-13931.2', '100.615', '2.08364');
-- INSERT INTO `playercreateinfo` VALUES('11', '8', '530', '3526', '-3961.64', '-13931.2', '100.615', '2.08364');
-- INSERT INTO `playercreateinfo` VALUES('1', '3', '0', '9', '-8914.57', '-133.909', '80.5378', '5.13806');
-- INSERT INTO `playercreateinfo` VALUES('11', '6', '609', '4298', '2358.17', '-5663.21', '426.027', '3.93485');
-- INSERT INTO `playercreateinfo` VALUES('10', '6', '609', '4298', '2355.84', '-5664.77', '426.028', '3.93485');
-- INSERT INTO `playercreateinfo` VALUES('9', '6', '609', '4298', '2355.05', '-5661.7', '426.026', '3.93485');
-- INSERT INTO `playercreateinfo` VALUES('5', '4', '0', '5692', '1699.85', '1706.56', '135.928', '4.88839');
-- INSERT INTO `playercreateinfo` VALUES('6', '3', '1', '221', '-2915.55', '-257.347', '59.2693', '0.302378');
-- INSERT INTO `playercreateinfo` VALUES('7', '5', '0', '5495', '-4983.42', '877.7', '274.31', '3.06393');
-- INSERT INTO `playercreateinfo` VALUES('8', '4', '1', '5691', '-1171.45', '-5263.65', '0.847728', '5.78945');
-- INSERT INTO `playercreateinfo` VALUES('2', '6', '609', '4298', '2358.44', '-5666.9', '426.023', '3.93485');
-- INSERT INTO `playercreateinfo` VALUES('3', '6', '609', '4298', '2358.44', '-5666.9', '426.023', '3.93485');
-- INSERT INTO `playercreateinfo` VALUES('9', '1', '1', '14', '-618.518', '-4251.67', '38.718', '1.55428');
-- INSERT INTO `playercreateinfo` VALUES('9', '3', '1', '14', '-618.518', '-4251.67', '38.718', '1.55428');
-- INSERT INTO `playercreateinfo` VALUES('9', '4', '1', '14', '-618.518', '-4251.67', '38.718', '1.55428');
-- INSERT INTO `playercreateinfo` VALUES('22', '6', '609', '4298', '2356.21', '-5662.21', '426.026', '3.93485');
-- INSERT INTO `playercreateinfo` VALUES('9', '7', '1', '14', '-618.518', '-4251.67', '38.718', '1.55428');
-- INSERT INTO `playercreateinfo` VALUES('9', '8', '1', '14', '-618.518', '-4251.67', '38.718', '1.55428');
-- INSERT INTO `playercreateinfo` VALUES('9', '9', '1', '14', '-618.518', '-4251.67', '38.718', '1.55428');
-- INSERT INTO `playercreateinfo` VALUES('22', '11', '0', '9', '-8914.57', '-133.909', '80.5378', '5.13806');
-- INSERT INTO `playercreateinfo` VALUES('22', '9', '0', '9', '-8914.57', '-133.909', '80.5378', '5.13806');
-- INSERT INTO `playercreateinfo` VALUES('22', '8', '0', '9', '-8914.57', '-133.909', '80.5378', '5.13806');
-- INSERT INTO `playercreateinfo` VALUES('22', '5', '0', '9', '-8914.57', '-133.909', '80.5378', '5.13806');
-- INSERT INTO `playercreateinfo` VALUES('22', '4', '0', '9', '-8914.57', '-133.909', '80.5378', '5.13806');
-- INSERT INTO `playercreateinfo` VALUES('22', '3', '0', '9', '-8914.57', '-133.909', '80.5378', '5.13806');
-- INSERT INTO `playercreateinfo` VALUES('22', '1', '0', '9', '-8914.57', '-133.909', '80.5378', '5.13806');
-- INSERT INTO `playercreateinfo` VALUES('8', '11', '1', '5691', '-1171.45', '-5263.65', '0.847728', '5.78945');
-- INSERT INTO `playercreateinfo` VALUES('6', '11', '1', '221', '-2915.55', '-257.347', '59.2693', '0.302378');
-- INSERT INTO `playercreateinfo` VALUES('9', '5', '1', '14', '-618.518', '-4251.67', '38.718', '1.55428');
-- INSERT INTO `playercreateinfo` VALUES('2', '8', '1', '14', '-618.518', '-4251.67', '38.718', '4.72222');
-- INSERT INTO `playercreateinfo` VALUES('3', '7', '0', '1', '-6230.42', '330.232', '383.105', '6.17716');
-- INSERT INTO `playercreateinfo` VALUES('3', '8', '0', '1', '-6230.42', '330.232', '383.105', '6.17716');
-- INSERT INTO `playercreateinfo` VALUES('3', '9', '0', '1', '-6230.42', '330.232', '383.105', '6.17716');
-- INSERT INTO `playercreateinfo` VALUES('4', '8', '1', '141', '10311.3', '831.463', '1326.57', '5.69632');
-- INSERT INTO `playercreateinfo` VALUES('8', '6', '609', '4298', '2355.05', '-5661.7', '426.026', '3.93485');
-- INSERT INTO `playercreateinfo` VALUES('7', '6', '609', '4298', '2355.05', '-5661.7', '426.026', '3.93485');
-- INSERT INTO `playercreateinfo` VALUES('6', '6', '609', '4298', '2358.17', '-5663.21', '426.027', '3.93485');
-- INSERT INTO `playercreateinfo` VALUES('5', '6', '609', '4298', '2356.21', '-5662.21', '426.026', '3.93485');
-- INSERT INTO `playercreateinfo` VALUES('4', '6', '609', '4298', '2356.21', '-5662.21', '426.026', '3.93485');
-- INSERT INTO `playercreateinfo` VALUES('10', '1', '530', '3431', '10349.6', '-6357.29', '33.4026', '5.31605');
-- INSERT INTO `playercreateinfo` VALUES('1', '6', '609', '4298', '2355.84', '-5664.77', '426.028', '3.93485');
-- INSERT INTO `playercreateinfo` VALUES('1', '10', '0', '9', '-8914.57', '-133.909', '80.5378', '5.13806');
-- INSERT INTO `playercreateinfo` VALUES('2', '10', '1', '14', '-618.518', '-4251.67', '38.718', '4.72222');
-- INSERT INTO `playercreateinfo` VALUES('3', '10', '0', '1', '-6230.42', '330.232', '383.105', '6.17716');
-- INSERT INTO `playercreateinfo` VALUES('4', '10', '1', '141', '10311.3', '831.463', '1326.41', '5.69632');
-- INSERT INTO `playercreateinfo` VALUES('5', '10', '0', '5692', '1699.85', '1706.56', '135.928', '4.88839');
-- INSERT INTO `playercreateinfo` VALUES('6', '10', '1', '221', '-2915.55', '-257.347', '59.2693', '0.302378');
-- INSERT INTO `playercreateinfo` VALUES('24', '8', '860', '5736', '1466.09', '3465.98', '181.86', '2.77359');
-- INSERT INTO `playercreateinfo` VALUES('24', '10', '860', '5736', '1466.09', '3465.98', '181.86', '2.77359');
-- INSERT INTO `playercreateinfo` VALUES('24', '1', '860', '5736', '1466.09', '3465.98', '181.86', '2.77359');
-- INSERT INTO `playercreateinfo` VALUES('7', '10', '0', '5495', '-4983.42', '877.7', '274.31', '3.06393');
-- INSERT INTO `playercreateinfo` VALUES('24', '3', '860', '5736', '1466.09', '3465.98', '181.86', '2.77359');
-- INSERT INTO `playercreateinfo` VALUES('24', '4', '860', '5736', '1466.09', '3465.98', '181.86', '2.77359');
-- INSERT INTO `playercreateinfo` VALUES('24', '5', '860', '5736', '1466.09', '3465.98', '181.86', '2.77359');
-- INSERT INTO `playercreateinfo` VALUES('24', '7', '860', '5736', '1466.09', '3465.98', '181.86', '2.77359');
-- INSERT INTO `playercreateinfo` VALUES('8', '10', '1', '5691', '-1171.45', '-5263.65', '0.847728', '5.78945');
-- INSERT INTO `playercreateinfo` VALUES('10', '10', '530', '3431', '10349.6', '-6357.29', '33.4026', '5.31605');
-- INSERT INTO `playercreateinfo` VALUES('11', '10', '530', '3526', '-3961.64', '-13931.2', '100.615', '2.08364');
-- INSERT INTO `playercreateinfo` VALUES('25', '1', '0', '1519', '-8960.02', '516.1', '96.36', '0.67');
-- INSERT INTO `playercreateinfo` VALUES('25', '3', '0', '1519', '-8960.02', '516.1', '96.36', '0.67');
-- INSERT INTO `playercreateinfo` VALUES('25', '4', '0', '1519', '-8960.02', '516.1', '96.36', '0.67');
-- INSERT INTO `playercreateinfo` VALUES('25', '5', '0', '1519', '-8960.02', '516.1', '96.36', '0.67');
-- INSERT INTO `playercreateinfo` VALUES('25', '7', '0', '1519', '-8960.02', '516.1', '96.36', '0.67');
-- INSERT INTO `playercreateinfo` VALUES('25', '8', '0', '1519', '-8960.02', '516.1', '96.36', '0.67');
-- INSERT INTO `playercreateinfo` VALUES('25', '10', '0', '1519', '-8960.02', '516.1', '96.36', '0.67');
-- INSERT INTO `playercreateinfo` VALUES('26', '1', '1', '14', '1357.62', '-4373.55', '26.13', '0.67');
-- INSERT INTO `playercreateinfo` VALUES('26', '3', '1', '14', '1357.62', '-4373.55', '26.13', '0.67');
-- INSERT INTO `playercreateinfo` VALUES('26', '4', '1', '14', '1357.62', '-4373.55', '26.13', '0.67');
-- INSERT INTO `playercreateinfo` VALUES('26', '5', '1', '14', '1357.62', '-4373.55', '26.13', '0.67');
-- INSERT INTO `playercreateinfo` VALUES('26', '7', '1', '14', '1357.62', '-4373.55', '26.13', '0.67');
-- INSERT INTO `playercreateinfo` VALUES('26', '8', '1', '14', '1357.62', '-4373.55', '26.13', '0.67');
-- INSERT INTO `playercreateinfo` VALUES('26', '10', '1', '14', '1357.62', '-4373.55', '26.13', '0.67');
-- INSERT INTO `playercreateinfo` VALUES('4', '12', '1481', '6383', '1180.64', '3284.96', '70.3484', '4.76134');
-- INSERT INTO `playercreateinfo` VALUES('10', '12', '1481', '6383', '1180.64', '3284.96', '70.3484', '4.76134');
-- INSERT INTO `playercreateinfo` VALUES('7', '3', '0', '5495', '-4983.42', '877.7', '274.31', '3.06393');
-- INSERT INTO `playercreateinfo` VALUES('27', '1', '1220', '7637', '288.381', '3352.23', '145.444', '2.35153');
-- INSERT INTO `playercreateinfo` VALUES('27', '3', '1220', '7637', '288.381', '3352.23', '145.444', '2.35153');
-- INSERT INTO `playercreateinfo` VALUES('27', '4', '1220', '7637', '288.381', '3352.23', '145.444', '2.35153');
-- INSERT INTO `playercreateinfo` VALUES('27', '5', '1220', '7637', '288.381', '3352.23', '145.444', '2.35153');
-- INSERT INTO `playercreateinfo` VALUES('27', '8', '1220', '7637', '288.381', '3352.23', '145.444', '2.35153');
-- INSERT INTO `playercreateinfo` VALUES('27', '9', '1220', '7637', '288.381', '3352.23', '145.444', '2.35153');
-- INSERT INTO `playercreateinfo` VALUES('27', '10', '1220', '7637', '288.381', '3352.23', '145.444', '2.35153');
-- INSERT INTO `playercreateinfo` VALUES('28', '1', '1220', '7731', '4079.05', '4392.38', '670.625', '5.18155');
-- INSERT INTO `playercreateinfo` VALUES('28', '3', '1220', '7731', '4079.05', '4392.38', '670.625', '5.18155');
-- INSERT INTO `playercreateinfo` VALUES('28', '7', '1220', '7731', '4079.05', '4392.38', '670.625', '5.18155');
-- INSERT INTO `playercreateinfo` VALUES('28', '10', '1220', '7731', '4079.05', '4392.38', '670.625', '5.18155');
-- INSERT INTO `playercreateinfo` VALUES('28', '11', '1220', '7731', '4079.05', '4392.38', '670.625', '5.18155');
-- INSERT INTO `playercreateinfo` VALUES('29', '1', '1865', '9415', '2121', '3318', '54.7061', '0.0872665');
-- INSERT INTO `playercreateinfo` VALUES('29', '3', '1865', '9415', '2121', '3318', '54.7061', '0.0872665');
-- INSERT INTO `playercreateinfo` VALUES('29', '4', '1865', '9415', '2121', '3318', '54.7061', '0.0872665');
-- INSERT INTO `playercreateinfo` VALUES('29', '5', '1865', '9415', '2121', '3318', '54.7061', '0.0872665');
-- INSERT INTO `playercreateinfo` VALUES('29', '8', '1865', '9415', '2121', '3318', '54.7061', '0.0872665');
-- INSERT INTO `playercreateinfo` VALUES('29', '9', '1865', '9415', '2121', '3318', '54.7061', '0.0872665');
-- INSERT INTO `playercreateinfo` VALUES('29', '10', '1865', '9415', '2121', '3318', '54.7061', '0.0872665');
-- INSERT INTO `playercreateinfo` VALUES('30', '1', '1860', '9359', '458.823', '1449.61', '757.573', '0.466425');
-- INSERT INTO `playercreateinfo` VALUES('30', '2', '1860', '9359', '458.823', '1449.61', '757.573', '0.466425');
-- INSERT INTO `playercreateinfo` VALUES('30', '3', '1860', '9359', '458.823', '1449.61', '757.573', '0.466425');
-- INSERT INTO `playercreateinfo` VALUES('30', '5', '1860', '9359', '458.823', '1449.61', '757.573', '0.466425');
-- INSERT INTO `playercreateinfo` VALUES('30', '8', '1860', '9359', '458.823', '1449.61', '757.573', '0.466425');
-- INSERT INTO `playercreateinfo` VALUES('36', '1', '1', '14', '1567.38', '-4189.12', '53.6794', '2.2874');
-- INSERT INTO `playercreateinfo` VALUES('36', '3', '1', '14', '1567.38', '-4189.12', '53.6794', '2.2874');
-- INSERT INTO `playercreateinfo` VALUES('36', '4', '1', '14', '1567.38', '-4189.12', '53.6794', '2.2874');
-- INSERT INTO `playercreateinfo` VALUES('36', '5', '1', '14', '1567.38', '-4189.12', '53.6794', '2.2874');
-- INSERT INTO `playercreateinfo` VALUES('36', '7', '1', '14', '1567.38', '-4189.12', '53.6794', '2.2874');
-- INSERT INTO `playercreateinfo` VALUES('36', '8', '1', '14', '1567.38', '-4189.12', '53.6794', '2.2874');
-- INSERT INTO `playercreateinfo` VALUES('36', '10', '1', '14', '1567.38', '-4189.12', '53.6794', '2.2874');
-- INSERT INTO `playercreateinfo` VALUES('34', '1', '0', '1', '-8177.66', '792.195', '73.9964', '0.781548');
-- INSERT INTO `playercreateinfo` VALUES('34', '2', '0', '1', '-8177.66', '792.195', '73.9964', '0.781548');
-- INSERT INTO `playercreateinfo` VALUES('34', '3', '0', '1', '-8177.66', '792.195', '73.9964', '0.781548');
-- INSERT INTO `playercreateinfo` VALUES('34', '4', '0', '1', '-8177.66', '792.195', '73.9964', '0.781548');
-- INSERT INTO `playercreateinfo` VALUES('34', '5', '0', '1', '-8177.66', '792.195', '73.9964', '0.781548');
-- INSERT INTO `playercreateinfo` VALUES('34', '7', '0', '1', '-8177.66', '792.195', '73.9964', '0.781548');
-- INSERT INTO `playercreateinfo` VALUES('34', '8', '0', '1', '-8177.66', '792.195', '73.9964', '0.781548');
-- INSERT INTO `playercreateinfo` VALUES('34', '9', '0', '1', '-8177.66', '792.195', '73.9964', '0.781548');
-- INSERT INTO `playercreateinfo` VALUES('34', '10', '0', '1', '-8177.66', '792.195', '73.9964', '0.781548');

-- Horde starting location 1 1337.411621 -4393.129395 28.474121 4.856708
UPDATE playercreateinfo SET map=1, position_x=1337.411621, position_y=-4393.129395, position_z=28.474121, orientation=4.856708 WHERE race IN (2,5,6,8,9,10,27,28,36);


-- Alliance starting location 0 -8554.878906 1098.986938 19.050737 3.617649
UPDATE playercreateinfo SET map=0, position_x=-8554.878906, position_y=1098.986938, position_z=19.050737, orientation=3.617649 WHERE race IN (1,3,4,7,11,22,29,30,34);

UPDATE race_unlock_requirement SET expansion = 7 WHERE expansion = 8;

DROP TABLE IF EXISTS `item_addon`;
CREATE TABLE `item_addon` (
  `ItemId` int(10) unsigned NOT NULL,
  `DisableSelling` tinyint(3) unsigned NOT NULL DEFAULT '0',
  PRIMARY KEY (`ItemId`)
);

INSERT INTO item_addon(ItemId, DisableSelling) VALUES 
(161677, 1),
(161678, 1),
(161679, 1),
(161684, 1),
(161685, 1),
(161686, 1),
(161687, 1),
(161689, 1),
(161690, 1),
(161691, 1),
(161693, 1),
(161695, 1),
(161702, 1),
(161706, 1),
(161707, 1),
(162016, 1),
(161645, 1),
(161754, 1),
(161633, 1),
(161638, 1),
(161643, 1),
(161649, 1),
(161654, 1),
(161660, 1),
(161734, 1),
(161742, 1),
(161747, 1),
(161752, 1),
(161758, 1),
(161763, 1),
(161766, 1),
(161769, 1),
(161647, 1),
(161756, 1),
(161636, 1),
(161640, 1),
(161641, 1),
(161651, 1),
(161652, 1),
(161659, 1),
(161663, 1),
(161745, 1),
(161749, 1),
(161750, 1),
(161760, 1),
(161761, 1),
(161768, 1),
(161772, 1),
(161646, 1),
(161755, 1),
(161635, 1),
(161639, 1),
(161644, 1),
(161650, 1),
(161655, 1),
(161658, 1),
(161662, 1),
(161744, 1),
(161748, 1),
(161753, 1),
(161759, 1),
(161764, 1),
(161767, 1),
(161771, 1),
(161632, 1),
(161741, 1),
(161634, 1),
(161637, 1),
(161642, 1),
(161648, 1),
(161653, 1),
(161656, 1),
(161661, 1),
(161743, 1),
(161746, 1),
(161751, 1),
(161757, 1),
(161762, 1),
(161765, 1),
(161770, 1),
(164572, 1),
(164574, 1),
(161668, 1),
(161669, 1),
(161671, 1),
(161672, 1),
(161674, 1),
(161675, 1),
(161676, 1),
(161898, 1),
(161899, 1),
(161902, 1),
(161906, 1),
(161907, 1),
(161680, 1),
(161681, 1),
(161683, 1),
(161692, 1),
(161694, 1),
(161696, 1),
(161697, 1),
(161698, 1),
(161699, 1),
(161700, 1),
(161701, 1),
(161703, 1),
(161704, 1),
(161708, 1),
(162002, 1),
(162017, 1),
(161601, 1),
(161606, 1),
(161611, 1),
(161613, 1),
(161617, 1),
(161622, 1),
(161625, 1),
(161628, 1),
(161657, 1),
(161710, 1),
(161715, 1),
(161720, 1),
(161722, 1),
(161726, 1),
(161731, 1),
(161737, 1),
(161604, 1),
(161608, 1),
(161609, 1),
(161615, 1),
(161619, 1),
(161620, 1),
(161627, 1),
(161631, 1),
(161713, 1),
(161717, 1),
(161718, 1),
(161724, 1),
(161728, 1),
(161729, 1),
(161736, 1),
(161740, 1),
(161603, 1),
(161607, 1),
(161612, 1),
(161614, 1),
(161618, 1),
(161623, 1),
(161626, 1),
(161630, 1),
(161712, 1),
(161716, 1),
(161721, 1),
(161723, 1),
(161727, 1),
(161732, 1),
(161735, 1),
(161739, 1),
(161600, 1),
(161602, 1),
(161605, 1),
(161610, 1),
(161616, 1),
(161621, 1),
(161624, 1),
(161629, 1),
(161709, 1),
(161711, 1),
(161714, 1),
(161719, 1),
(161725, 1),
(161730, 1),
(161733, 1),
(161738, 1),
(164573, 1),
(164575, 1),
(163729, 1),
(163730, 1),
(163731, 1),
(163732, 1),
(158075, 1);
